time,value,
0,0.912231,
0.034874528,0.912231318,
0.085886518,0.920932524,
0.140874842,0.930295777,
0.174230659,0.93748373,
0.214666263,0.946374092,
0.246859141,0.943915056,
0.279871719,0.947887346,
0.315333551,0.947414454,
0.352847727,0.948833128,
0.405188213,0.95271084,
0.458524459,0.94930602,
0.512299378,0.953940358,
0.560931435,0.953089153,
0.601229891,0.953183731,
0.641812375,0.954602406,
0.685898487,0.959047587,
0.736410535,0.968978311,
0.784855913,0.971248191,
0.839766257,0.968221684,
0.883540805,0.964533129,
0.925944187,0.955831924,
0.967473562,0.949400598,
1.011500382,0.944955417,
1.053671676,0.938807826,
1.101256665,0.940510236,
1.145334572,0.936727103,
1.18435517,0.93521385,
1.225150154,0.933795175,
1.266026019,0.928687946,
1.30919781,0.922162042,
1.349174724,0.918662644,
1.390390105,0.909772281,
1.430074023,0.906367462,
1.474410256,0.903530113,
1.515291711,0.900787341,
1.562042534,0.895018063,
1.608167847,0.897382522,
1.652157996,0.896247581,
1.699989828,0.892275292,
1.744162684,0.882912038,
1.798984374,0.883195773,
1.848506797,0.879790954,
1.889004672,0.879790954,
1.930956603,0.881304207,
1.970031736,0.882060833,
2.01052265,0.88508734,
2.043088188,0.875062038,
2.088059271,0.870995169,
2.129979377,0.869009025,
2.171545784,0.872886736,
2.221034044,0.878277701,
2.263341762,0.88054758,
2.300549821,0.882439147,
2.339957882,0.873548784,
2.377618306,0.879507219,
2.417990705,0.874494567,
2.45402097,0.873075893,
2.495189659,0.873548784,
2.537362027,0.883763243,
2.582543215,0.883290351,
2.626182865,0.877710231,
2.668547099,0.875534929,
2.715313677,0.876669869,
2.760423607,0.881398785,
2.81012843,0.884141556,
2.858139605,0.890856618,
2.906433092,0.900219871,
2.957140796,0.91156927,
3.001699841,0.921783729,
3.041785653,0.923107825,
3.090514029,0.925377704,
3.137936859,0.928877102,
3.179989089,0.929917464,
3.229342769,0.929255416,
3.274043898,0.936632525,
3.32095299,0.940793971,
3.361183348,0.942874694,
3.406270095,0.938334935,
3.451575784,0.94760361,
3.497610967,0.94930602,
3.545070198,0.951954213,
3.587446445,0.942401802,
3.62958038,0.938996983,
3.674809316,0.947414454,
3.72347246,0.949022285,
3.796783729,0.95271084,
3.83539175,0.955453611,
3.897220914,0.952332526,
3.956638793,0.95044096,
4.00756226,0.952332526,
4.06361335,0.941266863,
4.103253915,0.93634879,
4.136731624,0.939280717,
4.176817228,0.933133127,
4.215485388,0.93578132,
4.257180456,0.940699393,
4.302182369,0.947792767,
4.347875192,0.953278309,
4.382871512,0.953372888,
4.421683144,0.942685538,
4.462467843,0.941550597,
4.501267587,0.941550597,
4.540389128,0.944009634,
4.58181893,0.947225297,
4.62511837,0.949022285,
4.67142323,0.958763852,
4.71490174,0.960466262,
4.765658066,0.954791563,
4.811824781,0.958196382,
4.859267001,0.95271084,
4.899521023,0.954507827,
4.944926823,0.945333731,
4.980476523,0.944293369,
5.021895057,0.930957826,
5.059682324,0.930201199,
5.096791035,0.916203607,
5.137514289,0.917433126,
5.17257361,0.91213674,
5.214241542,0.897855413,
5.259419225,0.900314449,
5.304484671,0.903530113,
5.346343985,0.902489751,
5.392766891,0.898422883,
5.428885564,0.903057221,
5.471182683,0.887073484,
5.511814066,0.884236135,
5.545512454,0.874778303,
5.587741607,0.869103604,
5.628360611,0.873075893,
5.675956393,0.871846374,
5.720874354,0.872035531,
5.77196672,0.870522278,
5.819636721,0.867212037,
5.863814256,0.867401194,
5.911636489,0.858794566,
5.953645152,0.864658422,
5.999610117,0.875913242,
6.045546793,0.885749387,
6.090804634,0.895396376,
6.135992351,0.90702951,
6.186845936,0.920743367,
6.234127379,0.93748373,
6.278147138,0.930201199,
6.319755186,0.93748373,
6.361201211,0.93067409,
6.408817832,0.929822886,
6.44961917,0.924715657,
6.495990527,0.936727103,
6.541085703,0.94646867,
6.590484004,0.971531925,
6.637496602,0.970302407,
6.681120201,0.968316263,
6.725777595,0.960939154,
6.779548697,0.9515759,
6.841402971,0.946941562,
6.887484401,0.947792767,
6.93564226,0.950346382,
6.983161719,0.952521683,
7.027889641,0.956399394,
7.077708521,0.951765057,
7.121423428,0.950724695,
7.166942838,0.952332526,
7.213842745,0.956683129,
7.263894828,0.961506623,
7.310925318,0.963303611,
7.355369885,0.962641564,
7.398753514,0.96737048,
7.435202061,0.972099395,
7.478421807,0.968883732,
7.51750573,0.966140962,
7.562286468,0.960844575,
7.613358693,0.96056084,
7.663270325,0.970775299,
7.710769623,0.977017468,
7.760312839,0.991109638,
7.807530231,0.992339156,
7.853143033,0.985624096,
7.896653887,0.986002409,
7.941376488,0.984016264,
7.993009321,0.975977107,
8.044899144,0.977017468,
8.090018841,0.982124698,
8.135192138,0.972193974,
8.183833209,0.972572287,
8.226829178,0.972477709,
8.273712234,0.976639155,
8.321242745,0.978152408,
8.361213302,0.964343973,
8.403690547,0.957628912,
8.440410705,0.947792767,
8.483448713,0.937767465,
8.523872179,0.936443368,
8.575669024,0.936443368,
8.621007615,0.933322284,
8.665548412,0.937956621,
8.705822011,0.942780115,
8.750370486,0.930201199,
8.787805233,0.933889754,
8.835430394,0.913649992,
8.879809182,0.903340956,
8.922147151,0.899841558,
8.964433501,0.900030715,
9.01087134,0.902584329,
9.069528806,0.908069872,
9.117471141,0.913933728,
9.164127706,0.916109029,
9.2097993,0.917716861,
9.25851458,0.910245173,
9.302122585,0.90929939,
9.344304255,0.906083727,
9.391600844,0.90088192,
9.436324314,0.900125292,
9.482596652,0.914217463,
9.525410556,0.909772281,
9.570997297,0.913366258,
9.613293699,0.909583125,
9.656328014,0.902489751,
9.714628134,0.901638546,
9.750628617,0.896436738,
9.802274433,0.906272883,
9.837536791,0.920365054,
9.865091482,0.923864452,
9.895046177,0.913744571,
9.93028536,0.919703005,
9.961040253,0.916771077,
9.993377535,0.904475895,
10.03133614,0.906651197,
10.06737706,0.903057221,
10.1021596,0.901543967,
10.1380881,0.902111438,
10.17204458,0.902773485,
10.20934276,0.900030715,
10.24238144,0.897382522,
10.2765866,0.89463975,
10.31336184,0.894923485,
10.35081246,0.891707822,
10.38883525,0.901638546,
10.42565797,0.91156927,
10.46033321,0.914501197,
10.49836463,0.918473487,
10.53366825,0.923769873,
10.57218897,0.929349994,
10.60991168,0.934457223,
10.64623625,0.949400598,
10.68349643,0.947130718,
10.71885868,0.958007225,
10.75343153,0.960655418,
10.78677235,0.962641564,
10.83201415,0.959331322,
10.86657134,0.949022285,
10.90082709,0.942023489,
10.94223555,0.94987349,
10.9776332,0.951292165,
11.01558239,0.965762648,
11.05022157,0.973234335,
11.08886606,0.981368071,
11.12632852,0.992812048,
11.15977361,0.986569879,
11.19275826,0.97749036,
11.22700193,0.977395782,
11.26083724,0.972288553,
11.29458094,0.967748793,
11.33009889,0.966424696,
11.36713605,0.967654214,
11.40455448,0.965289757,
11.44275995,0.965951804,
11.47895486,0.963209033,
11.51536916,0.960939154,
11.55318762,0.964154816,
11.59019895,0.9651006,
11.62698741,0.965006021,
11.66324244,0.969640359,
11.69961366,0.971815661,
11.73766769,0.973234335,
11.78171593,0.973234335,
11.81840179,0.974842167,
11.85522019,0.976260841,
11.89467786,0.973990962,
11.92684468,0.973139757,
11.96482821,0.969072889,
11.99905649,0.968599998,
12.037032,0.959615057,
12.07010153,0.955926502,
12.10013191,0.948076502,
12.13024931,0.945333731,
12.16562918,0.947036141,
12.2005948,0.949968068,
12.2353348,0.952427104,
12.27211639,0.96339819,
12.30969226,0.964722286,
12.34648933,0.966708431,
12.3793272,0.964343973,
12.41287449,0.959236744,
12.44443042,0.95214337,
12.47996118,0.941645176,
12.51052689,0.938524091,
12.54464466,0.924904813,
12.57974458,0.924810235,
12.61820171,0.928782524,
12.6549511,0.928971681,
12.69319387,0.92736385,
12.73032395,0.927458428,
12.76911255,0.930106621,
12.80619288,0.932660236,
12.84288772,0.934457223,
12.88063013,0.936254211,
12.91870959,0.935403006,
12.95263578,0.940415658,
12.98704317,0.937578308,
13.02420208,0.939659031,
13.06050411,0.941550597,
13.09220106,0.951859635,
13.12627493,0.95441325,
13.15856607,0.954318671,
13.19563324,0.949116864,
13.22966663,0.951386743,
13.26715554,0.93748373,
13.30223028,0.941172284,
13.33743401,0.931052404,
13.37290794,0.926985536,
13.40874348,0.930012043,
13.44381987,0.931809031,
13.4776423,0.93578132,
13.51263051,0.934930115,
13.54640213,0.945049995,
13.57623587,0.947509032,
13.61392547,0.947036141,
13.64896674,0.951481321,
13.68614561,0.951859635,
13.72356743,0.954507827,
13.76191054,0.951954213,
13.8000219,0.952899996,
13.83725247,0.953089153,
13.87055653,0.944955417,
13.908118,0.938713248,
13.94290305,0.928782524,
13.97576289,0.917622282,
14.0101053,0.916109029,
14.06072485,0.911285535,
14.09244679,0.910623486,
14.12789436,0.908542763,
14.16419463,0.909677703,
14.20180374,0.909204812,
14.23740453,0.908542763,
14.27068484,0.913271679,
14.29793675,0.911663848,
14.32838873,0.898233727,
14.36484218,0.898517461,
14.39355998,0.895112642,
14.42139796,0.893599388,
14.45846839,0.894261437,
14.49051345,0.897949991,
14.52345803,0.896625894,
14.56101605,0.902206016,
14.59751339,0.908353607,
14.63263349,0.909772281,
14.66783682,0.902016859,
14.70199705,0.904948787,
14.72411957,0.890762039,
14.75022639,0.877521074,
14.7773661,0.857281313,
14.80231624,0.835906613,
14.82739981,0.826070467,
14.85295922,0.806776489,
14.8732708,0.799683115,
14.89993521,0.786915042,
14.92156679,0.766107811,
14.95236063,0.758446967,
14.97265515,0.757879497,
14.99228326,0.748989135,
15.01883865,0.738490941,
15.04110159,0.729884314,
15.06264893,0.724966241,
15.09107497,0.711441541,
15.11201987,0.699335516,
15.1330369,0.695836118,
15.16094931,0.677015032,
15.18238984,0.671245755,
15.20324381,0.663963224,
15.23052154,0.646466234,
15.2535033,0.633603583,
15.27388603,0.622916232,
15.30200678,0.606932496,
15.3237532,0.607499966,
15.34456409,0.596812615,
15.37252187,0.574775866,
15.39724195,0.562102371,
15.41980865,0.559643335,
15.44642936,0.552360804,
15.46964845,0.530702369,
15.49204971,0.517745139,
15.51963311,0.515758994,
15.5421509,0.508854776,
15.56678131,0.496843329,
15.59438684,0.487669232,
15.61696574,0.465443327,
15.64211264,0.440947541,
15.66652229,0.429881878,
15.69495097,0.398008983,
15.71885556,0.389969826,
15.74415355,0.380890307,
15.77071586,0.371905367,
15.79549781,0.370675849,
15.82754415,0.362447535,
15.85238735,0.358380667,
15.87605809,0.354975847,
15.90063363,0.353462594,
15.92458026,0.349963196,
15.95025469,0.348166208,
15.97274199,0.3429644,
15.99506587,0.340694521,
16.01895755,0.339275846,
16.04087987,0.334074038,
16.06274099,0.33000717,
16.08663777,0.328966809,
16.10862425,0.328115604,
16.13091641,0.325656567,
16.15348381,0.324521628,
16.17524896,0.323765001,
16.19711971,0.321778856,
16.2191305,0.319414398,
16.24137106,0.317239097,
16.262402,0.313266807,
16.28349171,0.311848132,
16.30745489,0.311848132,
16.33398604,0.309578253,
16.35703325,0.307592108,
16.37871918,0.307592108,
16.39994286,0.305133072,
16.42012454,0.303903554,
16.44019336,0.300025842,
16.46089363,0.299174637,
16.48204813,0.296621023,
16.50327367,0.295958974,
16.52452751,0.293878251,
16.54525892,0.291324637,
16.56827734,0.28829813,
16.58915627,0.286974034,
16.6102832,0.285744516,
16.63117781,0.282150539,
16.65198019,0.282055961,
16.67281368,0.2810156,
16.69356038,0.279407768,
16.71438672,0.278272828,
16.73531475,0.276948732,
16.75565539,0.272976442,
16.77901543,0.272976442,
16.79850145,0.272598129,
16.8262068,0.271652346,
16.84570543,0.271746924,
16.86583379,0.271368611,
16.8858785,0.271179454,
16.90590221,0.271179454,
16.9285327,0.271179454,
16.94863669,0.271274033,
16.96875515,0.271274033,
16.99189698,0.271274033,
17.01574834,0.272030659,
17.03891536,0.272881864,
17.06198376,0.273354756,
17.08716843,0.273449334,
17.11029005,0.273449334,
17.13129637,0.273449334,
17.15467977,0.273543912,
17.17827021,0.273543912,
17.20202853,0.273449334,
17.2254542,0.273354756,
17.24869794,0.273733069,
17.26911314,0.274395117,
17.29160968,0.275246322,
17.31471313,0.275246322,
17.33788057,0.274868009,
17.36138079,0.274300539,
17.3845525,0.274111382,
17.40771618,0.274111382,
17.42994834,0.273827647,
17.45032683,0.273733069,
17.47030351,0.273449334,
17.49031251,0.273354756,
17.51029711,0.273260177,
17.53021707,0.273354756,
17.55267824,0.273260177,
17.57276499,0.273260177,
17.59539181,0.273165599,
17.61548455,0.273165599,
17.63561849,0.273071021,
17.65598712,0.272976442,
17.67657841,0.272976442,
17.69679892,0.272881864,
17.71789822,0.272976442,
17.7379144,0.272787286,
17.75873279,0.272692707,
17.78160363,0.272692707,
17.801584,0.272692707,
17.82621526,0.272503551,
17.84572133,0.272314394,
17.86502446,0.271936081,
17.88438173,0.271084876,
17.90376156,0.271084876,
17.92531949,0.270422828,
17.94469969,0.270328249,
17.96501381,0.270139093,
17.98764633,0.270328249,
18.00817802,0.270139093,
18.02823132,0.270139093,
18.04875785,0.269666201,
18.07451023,0.269287888,
18.09894849,0.269666201,
18.11920345,0.269571623,
18.14173036,0.269193309,3.87104552
18.17311,0.271936081,
18.20708229,0.280069816,
18.23025762,0.289149335,
18.2544602,0.293689095,
18.27627569,0.295202348,
18.30250585,0.295391505,
18.32734386,0.295769818,
18.34993414,0.296148131,
18.3743615,0.296053553,
18.39769558,0.296053553,
18.41756668,0.296148131,
18.43951987,0.296999336,
18.46019954,0.297377649,
18.48090908,0.297377649,
18.50106383,0.297472228,
18.52541063,0.297377649,
18.54756202,0.299647529,
18.58326035,0.303998132,
18.61667471,0.333317411,
18.65005674,0.351476449,
18.68930383,0.364811993,
18.72460732,0.394225851,
18.76090777,0.415978865,
18.80008956,0.440285493,
18.84062658,0.459674049,
18.8794565,0.493722245,
18.91534803,0.527581284,
18.95084112,0.542240924,
18.9877554,0.558319239,
19.02171206,0.580828879,
19.05433903,0.593407796,
19.09223667,0.616106593,
19.13168745,0.636819245,
19.16903754,0.678339129,
19.20765341,0.689688527,
19.24455849,0.711346963,
19.28407963,0.718156602,
19.32142677,0.74757046,
19.35874942,0.773957812,
19.39287807,0.78871203,
19.4299686,0.795143356,
19.4615206,0.82928613,
19.49572416,0.848012637,
19.52924185,0.877615652,
19.57186431,0.904381318,
19.60814884,0.909110234,
19.64678299,0.906745775,
19.68615947,0.912231318,
19.72317601,0.916865656,
19.76032871,0.919703005,
19.79574469,0.9188518,
19.83672861,0.920743367,
19.87760425,0.923580716,
19.91735652,0.927269271,
19.95668708,0.929633729,
19.99735134,0.938902404,
20.03672468,0.944198791,
20.07785556,0.945806622,
20.11840716,0.950062647,
20.14684873,0.948833128,
20.17714946,0.942023489,
20.204333,0.935024693,
20.23767223,0.925945175,2.09594187
20.26779611,0.910245173,
20.30565699,0.909772281,
20.34085278,0.906934932,
20.3791221,0.908259029,
20.41693621,0.913649992,
20.45356967,0.918378908,
20.49286761,0.915636138,
20.5295968,0.921878306,
20.56523872,0.922540355,
20.60205146,0.916109029,
20.63899002,0.917243969,
20.6731441,0.921499993,
20.70381558,0.921216259,
20.73708791,0.917622282,
20.77188701,0.909393968,
20.80990079,0.907691559,
20.84737758,0.902773485,
20.88590907,0.904475895,
20.92472374,0.903813847,
20.95996948,0.903340956,
20.99683735,0.898139148,
21.03566102,0.89917951,
21.07263501,0.894828907,
21.10655752,0.893977702,
21.14397553,0.888019267,
21.17838283,0.891518665,
21.21775461,0.900787341,
21.25464132,0.900409028,
21.29274859,0.909677703,
21.32785201,0.915163246,
21.36409321,0.921027101,
21.40135984,0.921499993,
21.43865191,0.92112168,
21.47717466,0.916676499,
21.51475847,0.916014451,
21.55348179,0.919230114,
21.58927197,0.920743367,
21.62983155,0.912987945,
21.67072075,0.912798788,
21.70936313,0.916865656,
21.75000189,0.932187344,
21.78702223,0.93407891,
21.83457673,0.938334935,
21.87426724,0.943536743,
21.91375936,0.945049995,
21.95346345,0.942685538,
21.99134557,0.944482525,
22.03053952,0.942590959,
22.06817678,0.949400598,
22.104349,0.951859635,
22.14247457,0.950157225,
22.18136905,0.952994575,
22.22114646,0.959142166,
22.25726713,0.956493973,
22.2922984,0.950630116,
22.32568682,0.951481321,
22.36089147,0.949022285,
22.39477737,0.949116864,
22.42645791,0.952048791,
22.46114152,0.945144574,
22.49619091,0.943915056,
22.53499095,0.944198791,
22.57108665,0.94646867,
22.6103039,0.94873855,
22.64739842,0.94930602,
22.6839614,0.94817108,
22.72226997,0.947225297,
22.75894395,0.944387948,
22.79524914,0.937767465,
22.83345398,0.93861867,
22.870461,0.934740959,
22.90644008,0.930390356,
22.94364612,0.924904813,
22.98142499,0.921878306,
23.01813899,0.924148186,
23.05913758,0.92509397,
23.09722363,0.917054812,
23.13097514,0.913366258,
23.16281642,0.902300594,
23.19753068,0.894356016,
23.23352722,0.892464449,
23.2719345,0.890289147,
23.30118888,0.891991557,
23.33825881,0.889154208,
23.36910701,0.889059629,
23.40527081,0.878939749,
23.44372649,0.879885532,
23.48076475,0.881493363,
23.51777345,0.88281746,
23.55773202,0.886506015,
23.59056002,0.886316858,
23.6274198,0.88168252,
23.66317361,0.874967459,
23.69646367,0.876102399,
23.72789417,0.87156264,
23.76221563,0.867117458,
23.79725155,0.862010229,
23.83247504,0.858889144,
23.86911721,0.85406565,
23.90467419,0.855862638,
23.93970427,0.851417457,
23.97329862,0.85236324,
24.00948339,0.85349818,
24.04505859,0.849052999,
24.07918987,0.848201795,
24.11322359,0.842905408,
24.14141801,0.849904204,
24.1732428,0.843756613,
24.20500351,0.844229505,
24.23890003,0.841297577,
24.26529124,0.840446372,
24.29513228,0.833542154,
24.32886979,0.83155601,
24.36549425,0.830988539,
24.40477546,0.839027697,
24.4422614,0.8433783,
24.48374505,0.848390951,
24.52146665,0.850187939,
24.56238169,0.845837336,
24.59659844,0.84735059,
24.63297701,0.849242155,
24.66077114,0.844891553,
24.6975164,0.839689745,
24.72677097,0.840824686,
24.76217272,0.839122275,
24.80125478,0.844229505,
24.84421427,0.85633553,
24.88259942,0.861631916,
24.91744411,0.862861434,
24.95441803,0.859456615,
24.98891772,0.861915651,
25.02078491,0.850849987,
25.06102683,0.851133722,
25.09602593,0.851984927,
25.12749603,0.849620469,
25.16080418,0.851984927,
25.19207021,0.846688541,
25.2243359,0.840919263,
25.26170083,0.836757817,
25.29743446,0.855389747,
25.33618511,0.859645771,
25.37557181,0.867968663,
25.41384794,0.870616856,
25.44755312,0.872319266,
25.48377873,0.865415049,
25.51674527,0.858889144,
25.54924341,0.857186735,
25.58025332,0.856430108,
25.61448886,0.844702397,
25.64137872,0.84224336,
25.67802637,0.838743962,
25.70800104,0.838649384,
25.74369209,0.833163841,
25.77753767,0.835622878,
25.81344094,0.841770468,
25.84768999,0.846877698,
25.88435978,0.847445167,
25.9157766,0.838365649,
25.95073087,0.834109624,
25.98559151,0.834582516,
26.01711274,0.835433721,
26.05101919,0.837609022,
26.08449552,0.837041552,
26.11441089,0.840919263,
26.14569892,0.839878902,
26.18233273,0.837419865,
26.2221484,0.83883854,
26.25921805,0.842337938,
26.29880671,0.848769264,
26.33378168,0.859551193,
26.36718437,0.861726495,
26.40211039,0.855389747,
26.43624329,0.849620469,
26.46932324,0.843756613,
26.50124043,0.84167589,
26.53548353,0.837609022,
26.57352361,0.841202999,
26.61007816,0.839311432,
26.63744519,0.837136131,
26.67350246,0.838933119,
26.70858417,0.842999987,
26.74428544,0.851417457,
26.78439567,0.85406565,
26.82206592,0.855957217,
26.85673536,0.857186735,
26.88808612,0.85576806,
26.92385878,0.861537338,
26.95504582,0.858510831,
26.98895174,0.847634324,
27.02358857,0.848390951,
27.05738628,0.850187939,
27.09004717,0.845459023,
27.1252621,0.842432517,
27.15851999,0.84224336,
27.19688672,0.845742758,
27.23903337,0.851890349,
27.27788863,0.857565048,
27.31631277,0.854443963,
27.35480585,0.850377096,
27.38824291,0.848201795,
27.42345772,0.850566252,
27.44754504,0.849147577,
27.48826578,0.845269866,
27.52458097,0.849525891,
27.56552837,0.850944565,
27.60405059,0.857186735,
27.63087895,0.853403602,
27.65442243,0.846310228,
27.67571587,0.831461431,
27.69679198,0.817274683,
27.71705961,0.803087935,
27.73891624,0.791927693,
27.76083959,0.780389138,
27.79025296,0.765540341,
27.81016776,0.758919859,
27.83221098,0.752299376,
27.85251093,0.73688311,
27.87284203,0.724777085,
27.89314462,0.711630698,
27.9131619,0.693282503,
27.93569692,0.687607804,
27.95603921,0.665192742,
27.9759564,0.665192742,
27.99576486,0.650816837,
28.01580696,0.639183704,
28.04075075,0.627266835,
28.06026135,0.618943943,
28.09875721,0.602865628,
28.11882442,0.591043338,
28.13828679,0.580355987,
28.15777999,0.571465625,
28.17706185,0.571465625,
28.19636933,0.563426468,
28.22356738,0.54413249,
28.25576112,0.541484297,
28.2799757,0.538646948,
28.30729037,0.528999959,
28.339502,0.527959597,
28.3695944,0.532499357,
28.40593169,0.519636705,
28.44076454,0.511975861,
28.47628084,0.516042729,
28.52246619,0.538363213,
28.55100318,0.549618033,
28.5758229,0.542524659,
28.59690032,0.528621646,
28.61897583,0.514529476,
28.65891381,0.5052608,
28.68820143,0.529756585,
28.71058003,0.528999959,
28.73151815,0.528243332,
28.75100039,0.526919236,
28.78809367,0.526257188,
28.82202311,0.547348153,
28.8484336,0.564466829,
28.87191718,0.574492132,
28.89459402,0.576383698,
28.91623886,0.576478276,
28.95400035,0.587071048,
28.98623707,0.601730688,
29.01041564,0.613647557,
29.03370282,0.615633701,
29.05541345,0.611377677,
29.09112531,0.616390328,
29.11972658,0.642588523,
29.14074682,0.651951777,
29.16161292,0.644290933,
29.18174618,0.645047559,
29.20387279,0.645331294,
29.23837371,0.652992138,
29.26725079,0.682689731,
29.28880345,0.683540936,
29.31023149,0.680230695,
29.33026432,0.66471985,
29.35071673,0.653275873,
29.38515783,0.631333703,
29.41672144,0.635778884,
29.43888838,0.630577076,
29.46011202,0.624334907,
29.48034058,0.621781292,
29.50257754,0.613080087,
29.53471907,0.587449362,
29.56919967,0.581396349,
29.59092464,0.584044542,
29.61212704,0.582247554,
29.63310293,0.579315626,
29.65644293,0.572222252,
29.69091253,0.558981287,
29.71981036,0.574397553,
29.74146768,0.58300418,
29.76310288,0.572127674,
29.78583748,0.56106201,
29.80942919,0.56106201,
29.85174452,0.543470442,
29.87889571,0.561345745,
29.90006896,0.57572165,
29.92079813,0.574113818,
29.94651495,0.567871649,
29.97962334,0.551131286,
30.01076762,0.556427672,
30.0487384,0.571465625,
30.06962043,0.567115022,
30.09066504,0.553022853,
30.12365371,0.544794539,
30.15700279,0.562953576,
30.17915718,0.5728843,
30.20080694,0.577045746,
30.22270547,0.57174936,
30.24498092,0.565790926,
30.27835868,0.556238515,
30.30865316,0.567115022,
30.33620387,0.575248758,
30.37058305,0.577707794,
30.39833535,0.587449362,
30.43665509,0.58527406,
30.46920585,0.621213822,
30.5032299,0.628496353,
30.5390833,0.63937286,
30.5753685,0.643534306,
30.60756324,0.652613825,
30.64274684,0.680609008,
30.67225241,0.680798165,
30.70938098,0.674934309,
30.73889528,0.683824671,
30.76417577,0.688175274,
30.79471623,0.689499371,
30.83528054,0.690445154,
30.8660011,0.699240938,
30.89457208,0.699051781,
30.91827143,0.698957203,
30.94575706,0.686378286,
30.97954951,0.683824671,
31.0148885,0.691958407,
31.05815302,0.722318048,
31.09645576,0.744543954,
31.12815986,0.7487054,
31.16713965,0.753812629,
31.19844641,0.764594558,
31.23092948,0.766107811,
31.2659595,0.772160824,
31.29765177,0.780483716,
31.33224705,0.786252994,
31.36447866,0.80110179,
31.39984033,0.797034922,
31.43686232,0.805830706,
31.47157157,0.813396972,
31.50754697,0.81349155,
31.54311184,0.81576143,
31.57820202,0.819544563,
31.61766383,0.834204203,
31.65296263,0.837041552,
31.69028564,0.836474083,
31.72842002,0.838554806,
31.76419201,0.848580108,
31.80285192,0.853025289,
31.84006344,0.855673482,
31.87331804,0.875345772,
31.90860879,0.892275292,
31.94411146,0.907975293,
31.98024042,0.908921077,
32.01776552,0.919986741,
32.05785877,0.933511441,
32.08708134,0.942874694,
32.12069281,0.935024693,
32.1528304,0.938524091,
32.18395206,0.933511441,
32.21913454,0.920459632,
32.25090015,0.926607223,
32.28855487,0.928215054,
32.3232918,0.942969273,
32.35698388,0.947698188,
32.39371421,0.95044096,
32.42593093,0.9515759,
32.45642512,0.940037345,
32.49020394,0.929255416,
32.52404018,0.926796379,
32.55689958,0.923769873,
32.5924381,0.909772281,
32.62440864,0.90873192,
32.66257045,0.909393968,
32.7012716,0.909677703,
32.73811139,0.906462041,
32.77417646,0.901638546,
32.81087248,0.899084931,
32.84759226,0.900976497,
32.88180676,0.904854209,
32.91825102,0.910812643,
32.95149549,0.911853004,
32.98763001,0.901733125,
33.02027536,0.898328305,
33.05423745,0.896720473,
33.08429805,0.89861204,
33.11903302,0.889437943,
33.14584618,0.885938545,
33.17896134,0.879696375,
33.2094814,0.893315654,
33.23921481,0.879790954,
33.27315849,0.870900591,
33.30533003,0.867779507,
33.34185708,0.859362036,
33.37154372,0.849336734,
33.40870359,0.844324083,
33.44546009,0.855862638,
33.48081225,0.868914447,
33.51521174,0.875818664,
33.55007935,0.875724085,
33.57933063,0.88168252,
33.61117129,0.87213011,
33.64593834,0.868630712,
33.68195891,0.866077097,
33.71724921,0.862104808,
33.75559773,0.85576806,
33.78927873,0.850566252,
33.82250759,0.853119867,
33.86043457,0.85406565,
33.89405392,0.852552397,
33.92967104,0.851228301,
33.96823284,0.853876494,
34.00528536,0.851512035,
34.04549729,0.855389747,
34.0820735,0.862293964,
34.11820111,0.870806013,
34.15689518,0.869671073,
34.19293799,0.879318062,
34.22712165,0.883290351,
34.26317917,0.895112642,
34.29078753,0.887830111,
34.32591921,0.896531317,
34.36208998,0.899841558,
34.39897012,0.902773485,
34.43487666,0.900219871,
34.47022025,0.894734329,
34.50358197,0.895680112,
34.53839654,0.892559027,
34.57411689,0.895963847,
34.61372615,0.901354811,
34.65030151,0.90929939,
34.68813451,0.914879511,
34.72049914,0.915636138,
34.75639461,0.915352402,
34.79909811,0.92168915,
34.84224857,0.918473487,
34.8752272,0.913271679,
34.90976409,0.911947583,
34.94551265,0.908069872,
34.98018806,0.911853004,
35.01821241,0.916392764,
35.06001981,0.920932524,
35.09901615,0.918757222,
35.13565252,0.921027101,
35.17241997,0.918946379,
35.20939171,0.919135536,
35.2430197,0.913366258,
35.27274185,0.907407824,
35.3073376,0.909015655,
35.33281645,0.909110234,
35.36271083,0.891424087,
35.39516437,0.89520722,
35.42410933,0.891991557,
35.45885929,0.883763243,
35.48856926,0.88281746,
35.52262341,0.882344568,
35.55176771,0.884898183,
35.58591869,0.878088544,
35.61583375,0.874021676,
35.65097629,0.870995169,
35.6827037,0.869954809,
35.71530121,0.869954809,
35.74530886,0.877615652,
35.77061109,0.867779507,
35.8029335,0.856430108,
35.83810045,0.862672277,
35.87665396,0.855673482,
35.90786374,0.852268662,
35.94719465,0.849715047,
35.98412263,0.848674686,
36.01587351,0.84054095,
36.06035327,0.833542154,
36.09451176,0.834393359,
36.13059078,0.833731311,
36.16661633,0.837798179,
36.20338314,0.837041552,
36.2427244,0.83827107,
36.27471755,0.84281083,
36.31462048,0.847066854,
36.35142521,0.853971071,
36.38767573,0.8704277,
36.42232697,0.884992761,
36.45673743,0.895301798,
36.48984548,0.898801196,
36.5208049,0.903246377,
36.55539961,0.90362469,
36.58708084,0.903813847,
36.62477525,0.904759631,
36.65840104,0.91440662,
36.69444695,0.921499993,
36.72995026,0.92282409,
36.76535136,0.925850596,
36.80115951,0.940415658,
36.83615776,0.941172284,
36.8779863,0.945712044,
36.91030917,0.952332526,
36.94563066,0.956115659,
36.98339771,0.963019877,
37.01575395,0.960371684,
37.05909004,0.962357828,
37.09698631,0.961790359,
37.13004587,0.96226325,
37.16799702,0.961979515,
37.20210996,0.963871082,
37.23507975,0.96566807,
37.27067336,0.966046383,
37.30578866,0.964438552,
37.34229566,0.967275901,
37.38184149,0.966046383,
37.42180624,0.966424696,
37.46073204,0.973045179,
37.49360928,0.970113251,
37.52924517,0.966992166,
37.56150347,0.963681925,
37.59320084,0.951859635,
37.62722999,0.959331322,
37.66257397,0.962546985,
37.69725524,0.959898792,
37.73043462,0.958953009,
37.76479295,0.949968068,
37.80105856,0.950819273,
37.83461405,0.944293369,
37.86889559,0.930579512,
37.89669138,0.931052404,
37.92487215,0.918568065,
37.97203783,0.919230114,
38.00097419,0.916960234,
38.03702856,0.906934932,
38.07175958,0.907502401,
38.10798399,0.906083727,
38.13972763,0.900125292,
38.17370167,0.902300594,
38.20982677,0.904570474,
38.24293284,0.910528908,
38.27769879,0.910150595,
38.31941031,0.903530113,
38.35317272,0.899084931,
38.38994614,0.899274088,
38.42779178,0.900409028,
38.46371042,0.900314449,
38.49868047,0.902395172,
38.53703568,0.900503606,
38.57389167,0.903530113,
38.60988756,0.89861204,
38.64229405,0.897949991,
38.67696234,0.890951195,
38.7128243,0.89407228,
38.747394,0.882628304,
38.7834902,0.883479509,
38.81721687,0.881587942,
38.85547725,0.892086136,
38.89064505,0.8918024,
38.92165593,0.904097582,
38.9615497,0.907407824,
38.99256919,0.904948787,
39.02596816,0.900787341,
39.06132943,0.900409028,
39.09214635,0.901638546,
39.12773326,0.90816445,
39.15848602,0.902206016,
39.19353645,0.895396376,
39.22789493,0.893504811,
39.26376111,0.892559027,
39.29826152,0.894166858,
39.33373385,0.897760835,
39.37032753,0.895301798,
39.40057223,0.893693967,
39.43661483,0.886316858,
39.47060273,0.882344568,
39.50989677,0.884236135,
39.54921017,0.889154208,
39.5890895,0.890856618,
39.62562886,0.896815052,
39.66218139,0.902962643,
39.69981577,0.912987945,
39.73404742,0.919324692,
39.76628991,0.933606018,
39.80167393,0.931430717,
39.83692567,0.93407891,
39.8715207,0.929444572,
39.90563344,0.928404211,
39.94173223,0.924242765,
39.97828163,0.931714452,
40.0145529,0.941172284,
40.05210558,0.939564453,
40.09012728,0.927553006,
40.12054847,0.93067409,
40.15665571,0.922729511,
40.18857808,0.920081319,
40.22674571,0.918662644,
40.26210595,0.920932524,
40.29567856,0.919797583,
40.32954253,0.911285535,
40.36879768,0.917906017,
40.40697615,0.921783729,
40.44249001,0.926890958,
40.47947772,0.927553006,
40.51736493,0.929822886,
40.55337363,0.932849392,
40.59123709,0.931052404,
40.6312431,0.934457223,
40.66823752,0.937010839,
40.70089022,0.937578308,
40.73882198,0.930390356,
40.77169407,0.924810235,
40.80956399,0.923013247,
40.85090529,0.920270475,
40.88526259,0.924148186,
40.92011919,0.928025897,
40.9623441,0.933606018,
40.99953638,0.930768669,
41.03824789,0.93691626,
41.06925208,0.949589755,
41.1017976,0.93918614,
41.13985569,0.935686742,
41.17598131,0.938524091,
41.21071708,0.937010839,
41.24517609,0.947319875,
41.28066046,0.948833128,
41.3154241,0.963587347,
41.3503351,0.963587347,
41.38630378,0.967654214,
41.42484069,0.971059034,
41.45597629,0.974936745,
41.49395667,0.969356624,
41.53160493,0.964060238,
41.56532896,0.968316263,
41.60086806,0.959520479,
41.63480993,0.960277105,
41.67222846,0.945522887,
41.70727991,0.945617466,
41.73947583,0.929444572,
41.77613592,0.913933728,
41.80917859,0.914028306,
41.84774204,0.91941927,
41.88038905,0.919703005,
41.9122127,0.912231318,
41.9484255,0.902111438,
41.98604588,0.903340956,
42.02354848,0.909110234,
42.0597646,0.905516257,
42.08871555,0.909110234,
42.12770783,0.906556619,
42.15990569,0.901165654,
42.19133491,0.892180714,
42.22721657,0.889437943,
42.2597959,0.886884328,
42.29719975,0.885276496,
42.3324798,0.883195773,
42.36724854,0.889910834,
42.40414603,0.890572882,
42.43849615,0.893977702,
42.47560172,0.888681316,
42.51040216,0.88565481,
42.5449526,0.882533725,
42.58169414,0.876102399,
42.61898635,0.880263845,
42.65526058,0.882533725,
42.69259699,0.8918024,
42.73008801,0.895018063,
42.76834356,0.90759698,
42.80264559,0.905799992,
42.83974211,0.91383915,
42.87546178,0.926228909,
42.91001987,0.935686742,
42.94531239,0.940983128,
42.98632995,0.942212646,
43.01838395,0.942969273,
43.05762506,0.941361441,
43.09163417,0.935592163,
43.12655581,0.938334935,
43.16138655,0.938051199,
43.19852979,0.945617466,
43.23408467,0.952521683,
43.26929487,0.962546985,
43.30946289,0.968599998,
43.34483017,0.9651006,
43.37944928,0.966803009,
43.41373929,0.962452407,
43.44900406,0.960844575,
43.48376201,0.958101804,
43.51829931,0.954696984,
43.55308073,0.95441325,
43.59109673,0.95999337,
43.62704494,0.964154816,
43.66213373,0.96283072,
43.70036223,0.9651006,
43.73665904,0.961790359,
43.77290219,0.961412046,
43.81162136,0.962168672,
43.8480756,0.965857226,
43.88426966,0.96737048,
43.92250123,0.970207829,
43.9633812,0.969262046,
44.00063623,0.968789155,
44.03903944,0.970113251,
44.07573035,0.977868673,
44.11537094,0.979381926,
44.15198048,0.978246986,
44.18687075,0.982975902,
44.22083094,0.975125902,
44.25839431,0.970964456,
44.29295186,0.965478913,
44.32671831,0.965384334,
44.3621895,0.967181322,
44.39989819,0.968127106,
44.43757664,0.975882528,
44.47546506,0.986096987,
44.51377796,0.990731325,
44.55191656,0.993852409,
44.58625282,0.994136144,
44.61979217,0.981935541,
44.64984071,0.979949396,
44.68536873,0.969356624,
44.72140992,0.964438552,
44.75835714,0.964154816,
44.80198328,0.960466262,
44.84341489,0.96339819,
44.88168691,0.968032527,
44.91835193,0.966897588,
44.95430394,0.966046383,
44.99258524,0.968032527,
45.03147325,0.969924094,
45.07012816,0.967465058,
45.10439379,0.971721082,
45.13548617,0.960844575,
45.16782704,0.940226501,
45.20411577,0.941172284,
45.23977002,0.945522887,
45.27255185,0.9515759,
45.30683631,0.948549393,
45.34194342,0.945333731,
45.38002959,0.946752405,
45.41153161,0.95100843,
45.44532127,0.935024693,
45.47724122,0.938429513,
45.50890215,0.933795175,
45.54576373,0.916109029,
45.57882342,0.913744571,
45.61522867,0.910339752,
45.64959901,0.909677703,
45.68618089,0.90929939,
45.72209738,0.920270475,
45.76001523,0.923013247,
45.79606346,0.932187344,
45.83517889,0.930957826,
45.86915409,0.924904813,
45.90530495,0.92225662,
45.94358777,0.925850596,
45.97724237,0.925188548,
46.01358197,0.920648788,
46.06134745,0.911285535,
46.09591792,0.904381318,
46.13139413,0.904854209,
46.16708659,0.916109029,
46.20059026,0.91156927,
46.24024626,0.90986686,
46.26900787,0.921310837,
46.30007,0.918757222,
46.33298271,0.914974089,
46.36377386,0.907786137,
46.39937178,0.901165654,
46.43526649,0.909583125,
46.47117985,0.914595776,
46.50530033,0.917338547,
46.54055188,0.924715657,
46.57100238,0.920743367,
46.60648151,0.909677703,
46.64028713,0.919040957,
46.66988883,0.909488547,
46.70392564,0.906556619,
46.73406936,0.907691559,
46.770981,0.900125292,
46.80604879,0.902395172,
46.84245733,0.901922281,
46.87605011,0.901638546,
46.91029116,0.899463245,
46.94689745,0.886411436,
46.98173472,0.884330713,
47.01789355,0.886316858,
47.06058848,0.886978906,
47.09637045,0.893315654,
47.13241052,0.900125292,
47.16795785,0.913082523,
47.20607288,0.916487343,
47.24227672,0.924526499,
47.28028994,0.930768669,
47.3185209,0.936632525,
47.3545364,0.938429513,
47.39234004,0.941266863,
47.42508602,0.944198791,
47.46030803,0.944860839,
47.49358425,0.944482525,
47.52887353,0.941172284,
47.56322963,0.935592163,
47.5953073,0.946279513,
47.62975418,0.95100843,
47.66571982,0.967559636,
47.70426232,0.973801805,
47.74168631,0.972856022,
47.77834753,0.973707227,
47.81353269,0.979003613,
47.84905541,0.973518071,
47.88450379,0.977774095,
47.91673421,0.974463854,
47.94848801,0.967748793,
47.98661912,0.964154816,
48.02265901,0.968316263,
48.0633986,0.97578795,
48.09770131,0.972288553,
48.136786,0.975598793,
48.17165943,0.97408554,
48.20528727,0.973707227,
48.24195162,0.968221684,
48.27820008,0.965573491,
48.3168674,0.969545781,
48.35384376,0.973328913,
48.39487317,0.975409636,
48.43083328,0.97522048,
48.47028901,0.975315059,
48.50716857,0.981651806,
48.54707567,0.982503011,
48.59031879,0.984299999,
48.62533753,0.982030119,
48.66201599,0.981178914,
48.69367779,0.979381926,
48.72848897,0.97408554,
48.76213901,0.96793795,
48.79778927,0.964343973,
48.83310564,0.968883732,
48.86976266,0.97578795,
48.90648218,0.980043975,
48.94812601,0.990353011,
48.98496473,0.991204216,
49.02356676,0.990069277,
49.05813029,0.98761024,
49.09595874,0.982503011,
49.1290426,0.982219276,
49.1627134,0.975125902,
49.19507904,0.975882528,
49.23388519,0.971248191,
49.27013014,0.974463854,
49.30750153,0.97408554,
49.3424663,0.973612649,
49.37913361,0.973045179,
49.41727494,0.969545781,
49.45354596,0.970018673,
49.49081478,0.970869877,
49.52652632,0.97465301,
49.56423912,0.980516866,
49.60142348,0.979476505,
49.63520403,0.979381926,
49.66549825,0.9786253,
49.70233971,0.977395782,
49.7388155,0.977679516,
49.77330735,0.974274697,
49.81061906,0.975409636,
49.84831055,0.973518071,
49.88594798,0.966992166,
49.91756312,0.960087949,
49.95345206,0.950819273,
49.98588699,0.952899996,
50.01633104,0.941645176,
50.05937167,0.942969273,
50.0976955,0.939848188,
50.12804177,0.937389152,
50.16316242,0.933700597,
50.19667753,0.935592163,
50.23337861,0.937862043,
50.26455906,0.938996983,
50.29933703,0.933700597,
50.33357564,0.937199995,
50.37211417,0.94088855,
50.41089818,0.94088855,
50.4477457,0.942496381,
50.48328542,0.941172284,
50.52140577,0.944104212,
50.55337702,0.937389152,
50.59009641,0.922067463,
50.62476014,0.918568065,
50.65395835,0.908637342,
50.68790907,0.906367462,
50.72173433,0.901827702,
50.75783805,0.898706618,
50.79491328,0.898895774,
50.83146178,0.895112642,
50.86799282,0.901260233,
50.90486072,0.895585534,
50.94081999,0.899084931,
50.97233165,0.908259029,
51.00430921,0.905043365,
51.041007,0.907313245,
51.06764773,0.901827702,
51.10105237,0.890194569,
51.13407816,0.897571678,
51.16621556,0.893693967,
51.20082119,0.89293734,
51.23728661,0.893788545,
51.26879531,0.896436738,
51.30267846,0.895301798,
51.33341466,0.894923485,
51.36716042,0.890762039,
51.3979632,0.8918024,
51.41949046,0.876291556,
51.44648179,0.861253603,
51.46786862,0.844891553,
51.49532897,0.82928613,
51.51520603,0.815666852,
51.54228223,0.804033718,
51.56313343,0.792211428,
51.58937051,0.779159619,
51.61124884,0.771593354,
51.63747399,0.756271666,
51.65860893,0.74757046,
51.67927105,0.740666243,
51.70626202,0.733856603,
51.72827642,0.726668651,
51.74828876,0.720993952,
51.77756102,0.712009011,
51.79954079,0.700848769,
51.82259066,0.690918045,
51.8467763,0.681460213,
51.86850348,0.666043947,
51.89587832,0.65346503,
51.91709953,0.64164274,
51.9387584,0.622159606,
51.96873618,0.610148159,
51.99021779,0.593218639,
52.01211428,0.577424059,
52.04659863,0.557468034,
52.06873144,0.541578876,
52.09722381,0.539025261,
52.12009963,0.529945742,
52.14432218,0.526257188,
52.17061053,0.522001163,
52.19812012,0.507057788,
52.22288506,0.494384293,
52.24753437,0.480954171,
52.27294383,0.471685496,
52.29737993,0.467051158,
52.32706167,0.450689109,
52.34981123,0.435745734,
52.37771951,0.419099949,
52.40331053,0.3970632,
52.42806624,0.387132477,
52.45295776,0.375972235,
52.47728906,0.366798137,
52.50223256,0.365095728,
52.52711286,0.363015004,
52.55206569,0.359137293,
52.57770425,0.354786691,
52.60245488,0.353368016,
52.6259187,0.351192714,
52.64882463,0.349395726,
52.67148824,0.346274642,
52.69416146,0.344383075,
52.71626074,0.339559581,
52.7382657,0.338897532,
52.7602258,0.3351144,
52.78483768,0.33284452,
52.80730583,0.33284452,
52.83152346,0.329250544,
52.85348241,0.325278254,
52.87554389,0.324710784,
52.8974775,0.319414398,
52.91985046,0.31818488,
52.94145138,0.316671627,
52.96410788,0.314590904,
52.98919574,0.312604759,
53.01537395,0.310240301,
53.04351076,0.309767409,
53.06552572,0.307875843,
53.08799296,0.305322228,
53.10829592,0.305322228,
53.1280064,0.3023903,
53.14943098,0.299836686,
53.17121882,0.297472228,
53.19320807,0.296242709,
53.21427711,0.29340536,
53.23729302,0.291419215,
53.25860533,0.288487287,
53.28044029,0.286501142,
53.30170456,0.285177046,
53.32277573,0.283947528,
53.34387941,0.281866805,
53.36510949,0.281488491,
53.38604412,0.27761078,
53.40693641,0.27761078,
53.42858824,0.276097527,
53.44952447,0.274962587,
53.46907612,0.274016804,
53.48868415,0.273165599,
53.50823192,0.272787286,
53.52777317,0.272881864,
53.54796469,0.272030659,
53.56809707,0.271463189,
53.58841345,0.271368611,
53.60855199,0.271463189,
53.62875804,0.271557768,
53.64904323,0.271557768,
53.67588273,0.271746924,
53.69938279,0.272314394,
53.72248836,0.273071021,
53.74574111,0.273449334,
53.76901067,0.273449334,
53.79486991,0.273354756,
53.81582192,0.273354756,
53.84392911,0.273449334,
53.86733664,0.273449334,
53.89075248,0.273354756,
53.91220643,0.273449334,
53.93648636,0.273733069,
53.96254487,0.275151744,
53.98610739,0.275530057,
54.00932755,0.275246322,
54.03579342,0.275246322,
54.05916516,0.274962587,
54.08449419,0.274868009,
54.10782248,0.274868009,
54.13104696,0.274395117,
54.15419544,0.273922225,
54.17753372,0.273733069,
54.20010109,0.273733069,
54.22258697,0.273733069,
54.24273949,0.273733069,
54.26271631,0.273922225,
54.28266753,0.273827647,
54.3026347,0.273827647,
54.32338312,0.273827647,
54.34362954,0.273733069,
54.36374673,0.273638491,
54.38387046,0.273638491,
54.40458785,0.273638491,
54.42475023,0.273543912,
54.44488166,0.273260177,
54.46539591,0.272314394,
54.48580491,0.271368611,
54.5064316,0.271368611,
54.52638941,0.271179454,
54.54645583,0.270990298,
54.56640786,0.270801141,
54.58843454,0.270706563,
54.60843868,0.270706563,
54.6283716,0.270517406,
54.64829959,0.270328249,
54.66915932,0.270139093,
54.68982997,0.269666201,
54.70930738,0.269760779,
54.72878011,0.269382466,
54.74828163,0.269004153,
54.76775613,0.268909575,
54.79142024,0.268909575,
54.81160696,0.268531261,
54.83522054,0.268531261,
54.85892232,0.26862584,
54.88381058,0.269004153,
54.90389582,0.269477044,
54.92626903,0.269287888,
54.96068358,0.274489695,
54.99262493,0.285460781,
55.01663731,0.291892107,
55.04684053,0.29340536,
55.0683865,0.294161986,
55.09183833,0.295296926,
55.11625056,0.295769818,
55.13753352,0.296053553,
55.16070966,0.296904758,
55.18602081,0.296999336,
55.20688381,0.296999336,
55.23133584,0.297283071,
55.25250166,0.298323433,
55.27267653,0.298134276,
55.2927391,0.297661384,
55.31614849,0.298228854,
55.33904265,0.301728252,
55.36942292,0.314874639,
55.39940568,0.327453556,
55.43568902,0.340694521,
55.47276928,0.372945728,
55.50864191,0.390726453,
55.54340975,0.42524754,
55.58223218,0.433097541,
55.61875807,0.46241682,
55.65833517,0.474806581,
55.69659232,0.510178873,
55.73301746,0.522474055,
55.77215189,0.546591527,
55.80645192,0.567777071,
55.84620743,0.608256592,
55.88292297,0.629536715,
55.92074493,0.649681897,
55.95727121,0.660747561,
55.99192317,0.679095755,
56.03087826,0.702267444,
56.07489556,0.72335841,
56.10801997,0.740193351,
56.13700461,0.753623473,
56.16766215,0.757784919,
56.20150294,0.771309619,
56.23158643,0.790698175,
56.26864122,0.83997348,
56.30485509,0.84281083,
56.34391837,0.852268662,
56.38065266,0.862766856,
56.41914919,0.889343364,
56.45490144,0.892748183,
56.49162093,0.897287943,
56.5251527,0.89407228,
56.56005134,0.890478304,
56.59483771,0.886506015,
56.62711743,0.883479509,
56.66212921,0.883763243,
56.69981525,0.888492159,
56.73919533,0.888492159,
56.77749594,0.889532521,
56.81832411,0.897760835,
56.8573836,0.898990353,
56.89796701,0.90362469,
56.93737421,0.905705414,
56.97129029,0.915352402,
56.99814141,0.913933728,
57.03481606,0.900409028,
57.06649732,0.88735722,
57.10147208,0.88508734,
57.13501278,0.890478304,
57.1687984,0.888492159,
57.20490817,0.891707822,
57.24453393,0.894828907,
57.2832802,0.911853004,
57.32156471,0.921972885,
57.35692065,0.924053608,
57.39528264,0.917243969,
57.4267338,0.916014451,
57.46522444,0.910907222,
57.49980099,0.90702951,
57.53457594,0.902489751,
57.56153155,0.891045774,
57.59580873,0.893126497,
57.63051622,0.897760835,
57.66828407,0.905799992,
57.7063849,0.905137944,
57.74430793,0.906556619,
57.77993854,0.907502401,
57.81478367,0.900787341,
57.85163526,0.897098786,
57.88722512,0.895301798,
57.92313032,0.887924689,
57.95824002,0.888397581,
57.98775713,0.889343364,
58.02351433,0.890762039,
58.06341615,0.893599388,
58.10137718,0.894450593,
58.13809801,0.898801196,
58.17344737,0.90929939,
58.20903212,0.910056017,
58.24591377,0.912231318,
58.28351565,0.911190956,
58.3174376,0.903530113,
58.35564514,0.901733125,
58.39089756,0.905232523,
58.42456541,0.908826498,
58.45867924,0.903719269,
58.49704745,0.902016859,
58.53832685,0.911947583,
58.5758624,0.923296981,
58.6157292,0.926323488,
58.65295709,0.928971681,
58.69130064,0.941550597,
58.72814636,0.943442164,
58.76862652,0.943158429,
58.80980818,0.944198791,
58.84919636,0.952427104,
58.89092279,0.95214337,
58.92745542,0.952805418,
58.96616384,0.952427104,
59.00715808,0.955169876,
59.04242407,0.957628912,
59.08017841,0.956683129,
59.11631208,0.957534334,
59.15200983,0.956021081,
59.18704719,0.955926502,
59.22399181,0.953751201,
59.25911421,0.952332526,
59.2935908,0.949589755,
59.32790942,0.949968068,
59.36443803,0.944293369,
59.40183469,0.942969273,
59.4421322,0.943063851,
59.48130854,0.949968068,
59.51649684,0.947698188,
59.55088212,0.945049995,
59.59106621,0.943253007,
59.62760279,0.945144574,
59.66417194,0.943253007,
59.70280153,0.938902404,
59.73587079,0.941739754,
59.77106227,0.931619874,
59.80702978,0.928877102,
59.84343552,0.928215054,
59.87610218,0.924337343,
59.91248158,0.921878306,
59.94741206,0.918000595,
59.98382336,0.91383915,
60.01167737,0.910245173,
60.06183577,0.897004208,
60.09610344,0.894261437,
60.1323982,0.893221075,
60.17038437,0.891707822,
60.19958563,0.895396376,
60.24118599,0.891613244,
60.27499656,0.890383726,
60.31548824,0.893031919,
60.35147722,0.897382522,
60.38854514,0.898328305,
60.42687903,0.901733125,
60.4589286,0.896625894,
60.49288235,0.893221075,
60.5283876,0.888208425,
60.55807703,0.886695171,
60.58146339,0.88111505,
60.60194831,0.873927098,
60.62206565,0.857943361,
60.64244235,0.839027697,
60.66356081,0.82531384,
60.68487435,0.815666852,
60.70608249,0.807343959,
60.72616906,0.791171066,
60.74621227,0.780010824,
60.76620368,0.766296968,
60.78911525,0.754380099,
60.81104697,0.743030701,
60.83355335,0.730262627,
60.85353355,0.715035517,
60.88049102,0.709549975,
60.9115757,0.694512022,
60.93949931,0.680892743,
60.96648481,0.66585479,
61.00105764,0.658099368,
61.03208987,0.662071657,
61.0581294,0.657815633,
61.09316078,0.644007198,
61.1280567,0.647128283,
61.16191895,0.644101776,
61.19877306,0.633509004,
61.23395261,0.634643944,
61.26890101,0.640129487,
61.30136887,0.649492741,
61.32596228,0.647601174,
61.36003259,0.642966836,
61.3862978,0.637859607,
61.42190546,0.629536715,
61.45515074,0.624807799,
61.48837036,0.623389124,
61.51283733,0.610526472,
61.54371686,0.600879483,
61.57574334,0.604095146,
61.61467152,0.609391532,
61.6509014,0.613269243,
61.68844436,0.62641563,
61.72756636,0.653181295,
61.76445054,0.67881202,
61.80265375,0.715697566,
61.84162046,0.73177588,
61.87598616,0.75769034,
61.90807822,0.767242751,
61.94175232,0.780862029,
61.97740382,0.797129501,
62.01444468,0.810275887,
62.06264987,0.820017454,
62.10271837,0.833920467,
62.13879478,0.835812034,
62.17510084,0.84054095,
62.20925889,0.844324083,
62.23783113,0.844418661,
62.26993332,0.830799383,
62.30541945,0.827299985,
62.33553768,0.835055408,
62.36377637,0.823138539,
62.39622046,0.820112033,
62.4264013,0.815004803,
62.4551875,0.817652996,
62.48691857,0.811883719,
62.52011189,0.816518057,
62.5566225,0.823138539,
62.5961668,0.828813238,
62.63159316,0.841297577,
62.6703078,0.839878902,
62.70290149,0.842054204,
62.73856636,0.838460227,
62.77334114,0.832501793,
62.8107731,0.831934323,
62.84648387,0.827394563,
62.87491605,0.831083118,
62.9053933,0.821909021,
62.93965059,0.815572273,
62.98305865,0.819166249,
63.01870727,0.831461431,
63.06413306,0.830988539,
63.1077876,0.832218058,
63.14432134,0.836757817,
63.17556555,0.839500589,
63.20817426,0.834582516,
63.24338011,0.82928613,
63.27208784,0.834109624,
63.30746657,0.829475287,
63.33872968,0.830799383,
63.37225013,0.837230709,
63.40254685,0.82871866,
63.43541968,0.82871866,
63.47426423,0.840446372,
63.51221643,0.847728903,
63.5505272,0.854160229,
63.5941587,0.856240951,
63.63133868,0.856808422,
63.66711057,0.855106012,
63.70096662,0.856430108,
63.73200026,0.852741553,
63.76769102,0.845931915,
63.80264909,0.838554806,
63.83265641,0.837325288,
63.86750103,0.825597575,
63.90250559,0.830988539,
63.93913244,0.835812034,
63.97803009,0.83827107,
64.01388738,0.838176492,
64.06684394,0.844134926,
64.10247852,0.848580108,
64.13571705,0.847918059,
64.17487452,0.83997348,
64.20700813,0.8433783,
64.24019353,0.837987335,
64.27315743,0.824462635,
64.30661346,0.823989744,
64.34042068,0.819922876,
64.37880686,0.821625286,
64.41761085,0.836946974,
64.45904433,0.83997348,
64.49721657,0.844891553,
64.53429078,0.844702397,
64.57036892,0.849525891,
64.60945136,0.848863842,
64.64484206,0.84508071,
64.67730098,0.844986131,
64.70577949,0.841865046,
64.74044,0.839500589,
64.77341716,0.845364444,
64.81066015,0.846877698,
64.85239685,0.848958421,
64.88096055,0.848201795,
64.90353343,0.839689745,
64.92544794,0.825786732,
64.94591991,0.814910225,
64.9666039,0.804601188,
64.98819063,0.790603596,
65.01024139,0.784456005,
65.03303633,0.773201185,
65.05312457,0.753907208,
65.07363017,0.748327087,
65.09609133,0.73234335,
65.11619061,0.714940939,
65.13602655,0.710212023,
65.15596847,0.688742744,
65.17696709,0.688742744,
65.19715371,0.673893948,
65.21689679,0.662639127,
65.23852401,0.653275873,
65.25891793,0.640413222,
65.27950354,0.628780088,
65.29929753,0.623862015,
65.31943638,0.614498762,
65.33951446,0.604095146,
65.35911964,0.596434302,
65.3792844,0.593029483,
65.39893072,0.583098759,
65.41899931,0.576099963,
65.43855248,0.560399962,
65.45807388,0.54867225,
65.47768388,0.54867225,
65.50249807,0.539498153,
65.53635397,0.533066827,
65.56178427,0.518312608,
65.59228464,0.499775257,
65.62464366,0.499869836,
65.65983249,0.506679475,
65.69295902,0.510273451,
65.72760227,0.504882487,
65.76241253,0.512354174,
65.8005524,0.51992044,
65.83359586,0.523892729,
65.85687897,0.504220439,
65.89066655,0.503274655,
65.92033331,0.502612607,
65.94270844,0.502328872,
65.96666804,0.497127064,
65.9880916,0.494100558,
66.01932395,0.505166222,
66.05509825,0.52162285,
66.07675507,0.542335502,
66.09776934,0.547348153,
66.1178901,0.548388515,
66.14082281,0.54469996,
66.17481134,0.551982491,
66.20453039,0.573735505,
66.22682588,0.582720446,
66.24697102,0.590002976,
66.26887647,0.587827675,
66.29182516,0.588205988,
66.32537859,0.606743339,
66.35450919,0.623767437,
66.37564215,0.640224065,
66.39842684,0.63653551,
66.4200913,0.637197559,
66.45276451,0.640602378,
66.48572656,0.652235512,
66.50890589,0.672569851,
66.52936871,0.664530694,
66.55024418,0.661315031,
66.57345871,0.653937922,
66.60836972,0.652424668,
66.63857114,0.65516744,
66.66193224,0.649019849,
66.6832628,0.645047559,
66.7040012,0.645047559,
66.73093997,0.633509004,
66.76413068,0.621970449,
66.79348977,0.609769845,
66.82177323,0.600974062,
66.84616119,0.589057193,
66.87185622,0.581963819,
66.90624966,0.581207192,
66.93390116,0.585746952,
66.95901146,0.592651169,
66.97969007,0.592745748,
66.99941618,0.586503578,
67.02160097,0.567587914,
67.05551784,0.557278877,
67.09319945,0.558508395,
67.11577565,0.568344541,
67.13727322,0.562007793,
67.15750737,0.558035504,
67.18634599,0.558035504,
67.21832394,0.565034299,
67.24512046,0.576572855,
67.26863652,0.574113818,
67.28983568,0.564845143,
67.31186115,0.556995142,
67.34569136,0.55037466,
67.37792922,0.563142733,
67.40110012,0.581963819,
67.42259472,0.573640927,
67.443517,0.562480685,
67.4649829,0.542335502,
67.49967743,0.525122248,
67.52972857,0.546780683,
67.55962977,0.556711407,
67.5933869,0.568722854,
67.6218294,0.567304179,
67.65792431,0.574681288,
67.68861316,0.607121652,
67.72420614,0.611850569,
67.76105021,0.620268039,
67.79574697,0.613931292,
67.82938517,0.631049968,
67.86537731,0.645047559,
67.89960914,0.648452379,
67.93380885,0.652140934,
67.97224431,0.677298767,
68.0067525,0.67937949,
68.04114848,0.69801142,
68.06914351,0.696592745,
68.09821919,0.689688527,
68.12435766,0.695268648,
68.15948679,0.69176925,
68.18775769,0.693187925,
68.22141113,0.686567443,
68.25994812,0.706712625,
68.29781619,0.733383712,
68.32833316,0.738301785,
68.36469617,0.754285521,
68.39608747,0.76336504,
68.42565314,0.7757548,
68.46129494,0.785590945,
68.48906819,0.788239138,
68.51772626,0.774809017,
68.55109512,0.775376487,
68.58498047,0.785496367,
68.60853339,0.793724681,
68.64135952,0.784928897,
68.67672976,0.794954199,
68.70996068,0.799304802,
68.74844242,0.803560826,
68.78538444,0.809519261,
68.82150484,0.81178914,
68.86099971,0.81746384,
68.89948113,0.825219262,
68.93673762,0.828434925,
68.97725076,0.839122275,
69.01239209,0.850660831,
69.06135956,0.853781915,
69.10036596,0.868252399,
69.13639153,0.877048182,
69.17062886,0.879128906,
69.19852993,0.892464449,
69.2234095,0.887262641,
69.25543393,0.875440351,
69.29227433,0.865509627,
69.3213137,0.865509627,
69.34952991,0.85803794,
69.38554835,0.842905408,
69.41902675,0.83883854,
69.45550375,0.838365649,
69.49021854,0.836757817,
69.5246748,0.854254807,
69.55969389,0.862388542,
69.59462846,0.865131314,
69.62350372,0.876007821,
69.65100365,0.873454206,
69.68369789,0.859172879,
69.71515989,0.859740349,
69.74528416,0.853687337,
69.77292274,0.829569865,
69.8074956,0.821909021,
69.84269512,0.820584924,
69.87680283,0.815856008,
69.91067928,0.816139743,
69.94664873,0.8163289,
69.98339029,0.818315045,
70.02160271,0.81746384,
70.05862285,0.814248177,
70.09733696,0.807627694,
70.13360256,0.81292408,
70.17143075,0.823422274,
70.20895743,0.824084322,
70.24574357,0.847634324,
70.28205933,0.853876494,
70.31956266,0.853403602,
70.34885686,0.862766856,
70.38612709,0.863996374,
70.41804646,0.863996374,
70.45136824,0.863712639,
70.48676815,0.869765651,
70.51667014,0.858227097,
70.54923013,0.856524687,
70.5859767,0.854160229,
70.62230316,0.849809626,
70.66083369,0.862956013,
70.6925342,0.875062038,
70.72914209,0.874210833,
70.75780587,0.886411436,
70.79007494,0.876102399,
70.82506516,0.875156616,
70.85679865,0.879696375,
70.89018206,0.879034327,
70.92029786,0.87383252,
70.95945028,0.866928302,
70.99711243,0.866077097,
71.0287876,0.867874085,
71.07246907,0.869481917,
71.10939894,0.874399989,
71.14337939,0.874494567,
71.18467567,0.867779507,
71.22054061,0.867495771,
71.25655668,0.869954809,
71.2938962,0.874021676,
71.3312572,0.872319266,
71.36931091,0.874399989,
71.40629331,0.875913242,
71.43924435,0.878372278,
71.47297121,0.902678907,
71.50990474,0.904192161,
71.54453447,0.931714452,
71.57930527,0.928120476,
71.61445804,0.929255416,
71.64737537,0.925945175,
71.68277888,0.922162042,
71.71666782,0.923864452,
71.75226128,0.924337343,
71.78928036,0.927553006,
71.82487186,0.946752405,
71.86217498,0.95441325,
71.89783245,0.956021081,
71.93437091,0.949211442,
71.96951642,0.947319875,
72.00661394,0.954318671,
72.04047534,0.952048791,
72.0750281,0.947698188,
72.11063373,0.947887346,
72.14528271,0.946657827,
72.1800353,0.948643972,
72.21639675,0.947414454,
72.25069748,0.943158429,
72.28700302,0.944482525,
72.32426439,0.946846984,
72.35799554,0.94363132,
72.39284148,0.941928911,
72.42730283,0.945239152,
72.46014793,0.941077706,
72.49331748,0.937578308,
72.52461654,0.925850596,
72.56095804,0.921499993,
72.5886123,0.921783729,
72.61949079,0.910245173,
72.65516118,0.912609632,
72.68975732,0.902489751,
72.72551263,0.896436738,
72.76077525,0.892086136,
72.80237741,0.886222279,
72.84663837,0.882439147,
72.88498978,0.876669869,
72.91467291,0.881398785,
72.94225562,0.869387338,
72.97896014,0.863712639,
73.01026458,0.865793362,
73.04303795,0.849242155,
73.07685941,0.849052999,
73.1150592,0.849904204,
73.1490061,0.84735059,
73.18102025,0.846688541,
73.21650172,0.843756613,
73.25335192,0.845459023,
73.29128235,0.843756613,
73.32752171,0.839122275,
73.36337211,0.841581312,
73.39926809,0.840351794,
73.43528627,0.836946974,
73.47173635,0.847445167,
73.50895647,0.848296372,
73.54438156,0.86872529,
73.58334791,0.870522278,
73.61737561,0.888965051,
73.65578131,0.892180714,
73.69359769,0.891707822,
73.73063661,0.898706618,
73.76570801,0.903246377,
73.80629365,0.911001799,
73.84597748,0.910245173,
73.88119573,0.913744571,
73.91407096,0.917622282,
73.94956398,0.927836741,
73.98644178,0.93067409,
74.02415612,0.935686742,
74.06418743,0.941834333,
74.1006743,0.93918614,
74.13678711,0.948833128,
74.17183078,0.955169876,
74.20995575,0.952332526,
74.2448691,0.944860839,
74.27873258,0.944482525,
74.31526804,0.947414454,
74.3513485,0.949968068,
74.38854778,0.951765057,
74.4209339,0.952994575,
74.4575125,0.948549393,
74.49433833,0.946752405,
74.53132921,0.948076502,
74.56974616,0.9515759,
74.60638122,0.950157225,
74.64401455,0.950062647,
74.67884236,0.947130718,
74.71344142,0.942969273,
74.75045661,0.941834333,
74.78369,0.946374092,
74.81555809,0.938051199,
74.85494253,0.936159634,
74.89090573,0.935970477,
74.91855427,0.931146982,
74.95339427,0.928593368,
74.98757127,0.922634934,
75.02332045,0.921405415,
75.05739211,0.919513849,
75.09476271,0.916960234,
75.12369055,0.912231318,
75.16003325,0.908542763,
75.19268125,0.908637342,
75.22452949,0.903151799,
75.26012231,0.908637342,
75.29418061,0.910056017,
75.32369389,0.908921077,
75.35937089,0.903908426,
75.39153745,0.899652401,
75.42650364,0.904854209,
75.45919326,0.904286739,
75.49489508,0.898895774,
75.52710424,0.895301798,
75.56443176,0.899936136,
75.60071264,0.901071076,
75.63920959,0.901449389,
75.67349848,0.899841558,
75.71107478,0.899463245,
75.74757993,0.903151799,
75.78247635,0.900787341,
75.81830279,0.901071076,
75.85647924,0.902962643,
75.89053274,0.894356016,
75.92050643,0.907407824,
75.95224282,0.907313245,
75.99139253,0.902962643,
76.02310313,0.900976497,
76.06381836,0.901733125,
76.10037268,0.901165654,
76.13811865,0.906178305,
76.1727985,0.914784933,
76.20842509,0.917622282,
76.24779034,0.923107825,
76.27891922,0.926134332,
76.31344413,0.920837945,
76.34737066,0.916203607,
76.38130088,0.909677703,
76.42022972,0.906462041,
76.45254874,0.903435534,
76.48901413,0.904475895,
76.52570815,0.906651197,
76.55768536,0.906745775,
76.59462237,0.901449389,
76.63200336,0.904003004,
76.6699757,0.903530113,
76.70687183,0.908069872,
76.74362371,0.90759698,
76.78182423,0.913744571,
76.81671466,0.915730716,
76.85571184,0.918284331,
76.88671033,0.923202403,
76.92353543,0.915163246,
76.95388871,0.915257825,
76.98744306,0.909488547,
77.02342909,0.912798788,
77.06161426,0.921783729,
77.092377,0.926039753,
77.13041787,0.92339156,
77.16220192,0.918000595,
77.20014348,0.90816445,
77.23389854,0.909677703,
77.27115304,0.90589457,
77.30612635,0.912042161,
77.34232557,0.909204812,
77.3790945,0.915446981,
77.41585645,0.91156927,
77.45164832,0.908637342,
77.49124691,0.911758427,
77.52571173,0.909772281,
77.56156124,0.908921077,
77.5969207,0.906272883,
77.63181303,0.909393968,
77.67095132,0.909488547,
77.70737704,0.911380113,
77.7444362,0.911285535,
77.78263062,0.913649992,
77.8183902,0.921405415,
77.854377,0.922162042,
77.89267405,0.926134332,
77.93281245,0.933984332,
77.97131032,0.940037345,
78.0064906,0.946941562,
78.04489537,0.943063851,
78.08097244,0.94760361,
78.11782142,0.946752405,
78.15170889,0.947130718,
78.18557044,0.944955417,
78.22141221,0.954034936,
78.26559506,0.9594259,
78.30325412,0.961884937,
78.33373809,0.968883732,
78.36791207,0.954886141,
78.40249845,0.954224093,
78.43704805,0.947509032,
78.4703493,0.939469875,
78.50354905,0.946563249,
78.54142878,0.952427104,
78.57465182,0.951765057,
78.61295079,0.953562045,
78.64834345,0.959142166,
78.68390068,0.963871082,
78.72045148,0.964911443,
78.7572399,0.964438552,
78.79178586,0.961412046,
78.82774794,0.96112831,
78.86287396,0.954886141,
78.89863934,0.950062647,
78.9310971,0.938145778,
78.96779065,0.926607223,
79.00607689,0.924053608,
79.03570317,0.912420474,
79.072723,0.903435534,
79.104184,0.904097582,
79.14144299,0.893599388,
79.17646035,0.889721677,
79.21491235,0.890005413,
79.25677518,0.890572882,
79.28959666,0.892086136,
79.32648267,0.891896979,
79.35853456,0.895585534,
79.38533714,0.896436738,
79.4215881,0.891896979,
79.45234707,0.906178305,
79.48541917,0.907313245,
79.51961479,0.906745775,
79.55809822,0.907786137,
79.59293601,0.906651197,
79.62876375,0.907691559,
79.66398991,0.906272883,
79.69914144,0.909015655,
79.7359488,0.898139148,
79.76992428,0.893315654,
79.80843821,0.887924689,
79.84708318,0.89236987,
79.88244294,0.89861204,
79.92117219,0.901733125,
79.95680465,0.910339752,
79.99451299,0.910718065,
80.0306058,0.931619874,
80.06830893,0.949211442,
80.10603218,0.947698188,
80.14183136,0.957250599,
80.17818007,0.953278309,
80.21584444,0.955548189,
80.25331726,0.956588551,
80.28592899,0.955075297,
80.32230281,0.954129514,
80.35238372,0.94987349,
80.38808665,0.944955417,
80.42471331,0.944198791,
80.46197296,0.944671682,
80.5000662,0.960655418,
80.53622897,0.959898792,
80.57246327,0.964249395,
80.61173536,0.967275901,
80.64160506,0.96283072,
80.67546818,0.96283072,
80.71048415,0.95715602,
80.74439627,0.947036141,
80.77821011,0.947225297,
80.81582093,0.954318671,
80.85420726,0.956021081,
80.89039329,0.9515759,
80.92901624,0.952994575,
80.9645068,0.952048791,
80.99876446,0.954696984,
81.03338018,0.955926502,
81.07201066,0.959615057,
81.11030551,0.959142166,
81.14713902,0.959898792,
81.18334841,0.961506623,
81.22019075,0.966897588,
81.26168065,0.970396986,
81.29898731,0.971910239,
81.33563648,0.969451202,
81.36918199,0.970491564,
81.4083172,0.974558431,
81.44589001,0.97522048,
81.48455958,0.969167468,
81.5168857,0.967559636,
81.55365594,0.961412046,
81.58902175,0.958480117,
81.62638949,0.956021081,
81.66611339,0.963303611,
81.70250333,0.970491564,
81.7414336,0.977774095,
81.77859533,0.991771687,
81.81446385,0.991487951,
81.85478063,0.991866265,
81.89162264,0.990353011,
81.9226439,0.987893975,
81.95694703,0.979381926,
81.99097032,0.974463854,
82.02527447,0.971815661,
82.06543988,0.968883732,
82.10198553,0.970869877,
82.14064193,0.970964456,
82.17544708,0.97578795,
82.2135104,0.975409636,
82.25447436,0.97465301,
82.29347542,0.972856022,
82.33038183,0.973139757,
82.37151865,0.971153612,
82.40791474,0.966897588,
82.44383944,0.968883732,
82.47700342,0.96737048,
82.51254943,0.96566807,
82.54758066,0.967086745,
82.58330086,0.969451202,
82.61890928,0.973518071,
82.65603105,0.973328913,
82.69401973,0.976544577,
82.7303334,0.976733733,
82.76331796,0.97635542,
82.8038779,0.971437347,
82.84606115,0.963492768,
82.88140022,0.961033732,
82.9184591,0.957061443,
82.95083547,0.955075297,
82.9873001,0.95441325,
83.02298677,0.961506623,
83.06639052,0.971248191,
83.10398156,0.970869877,
83.14046378,0.973328913,
83.17798921,0.972193974,
83.21262508,0.973896384,
83.25208754,0.966140962,
83.28801633,0.966897588,
83.32300893,0.959709635,
83.35617198,0.956210238,
83.39140661,0.950062647,
83.42176159,0.942401802,
83.45297951,0.932187344,
83.48685152,0.931903608,
83.51939836,0.92395903,
83.55200193,0.920081319,
83.58567629,0.925472283,
83.62575567,0.924621078,
83.66397689,0.927647584,
83.69806575,0.926228909,
83.73484697,0.916392764,
83.76730774,0.917243969,
83.80047441,0.906840354,
83.84194071,0.906462041,
83.87525682,0.900030715,
83.90578301,0.896058425,
83.94148255,0.896625894,
83.98299851,0.891424087,
84.01839155,0.889627099,
84.06000349,0.891991557,
84.0991599,0.890856618,
84.13555866,0.892559027,
84.17217009,0.892653605,
84.20981464,0.893315654,
84.24832964,0.891991557,
84.28579953,0.887924689,
84.32107593,0.895301798,
84.35929752,0.904003004,
84.39584965,0.911380113,
84.43178654,0.912798788,
84.47132113,0.924148186,
84.50595421,0.923013247,
84.54474134,0.946374092,
84.58185563,0.952994575,
84.61987043,0.959047587,
84.65638559,0.95715602,
84.69179382,0.957723491,
84.72628953,0.958196382,
84.76250042,0.955359032,
84.79606621,0.954886141,
84.8309315,0.963114455,
84.8667908,0.967181322,
84.90463117,0.971437347,
84.93874679,0.973612649,
84.98221009,0.975315059,
85.02051744,0.983732529,
85.0620956,0.989218072,
85.09860965,0.9864753,
85.13237903,0.981273493,
85.1679477,0.966424696,
85.20416657,0.968316263,
85.23993047,0.96793795,
85.27593306,0.967748793,
85.31318941,0.97068072,
85.34635466,0.971437347,
85.3838328,0.965857226,
85.42043712,0.965573491,
85.45704311,0.966613853,
85.49376168,0.966424696,
85.5300444,0.965289757,
85.56781564,0.968505419,
85.60603167,0.971153612,
85.64359828,0.969924094,
85.68185827,0.970964456,
85.71902805,0.972761444,
85.7556426,0.974747589,
85.79307925,0.977017468,
85.82868544,0.971437347,
85.86216673,0.96737048,
85.89631172,0.967275901,
85.9321819,0.964060238,
85.96423786,0.962357828,
86.00023448,0.954034936,
86.03817498,0.953845779,
86.07444972,0.960939154,
86.11138838,0.966803009,
86.14931294,0.973045179,
86.18386081,0.979571083,
86.21949492,0.977017468,
86.2585413,0.981178914,
86.28903549,0.975598793,
86.31896852,0.966046383,
86.34281475,0.955264455,
86.36611462,0.942307224,
86.39304804,0.924715657,
86.42928129,0.915352402,
86.46433623,0.922540355,
86.50262056,0.921499993,
86.53983892,0.922445777,
86.57428921,0.920837945,
86.61430702,0.92282409,
86.65330766,0.924621078,
86.69180506,0.926890958,
86.72976987,0.930012043,
86.76515835,0.931052404,
86.79693778,0.927174693,
86.83508629,0.925756018,
86.87242036,0.930106621,
86.90950351,0.932471079,
86.94535152,0.930106621,
86.97905774,0.933322284,
87.01431144,0.931998187,
87.0458224,0.932849392,
87.07533299,0.924148186,
87.11037281,0.917622282,
87.1397279,0.917622282,
87.16293241,0.905232523,
87.19045657,0.887640954,
87.22535303,0.89009999,
87.26033632,0.883195773,
87.29613285,0.883574086,
87.33039739,0.881777098,
87.366906,0.894166858,
87.40296542,0.902016859,
87.43968448,0.905137944,
87.47611821,0.91383915,
87.51141163,0.920932524,
87.54929116,0.920648788,
87.58591905,0.919135536,
87.6225991,0.919135536,
87.66085198,0.921027101,
87.69704947,0.920175897,
87.73147999,0.916487343,
87.7674893,0.903530113,
87.80122594,0.909015655,
87.83034429,0.897760835,
87.86389161,0.889437943,
87.89391005,0.887546376,
87.92746966,0.884046978,
87.96116669,0.881493363,
87.99058728,0.874021676,
88.02849933,0.874589146,
88.06499359,0.876953604,
88.1014101,0.883479509,
88.13973609,0.883101195,
88.16967727,0.903813847,
88.20623178,0.907502401,
88.23597184,0.90929939,
88.27542267,0.895396376,
88.30935858,0.892275292,
88.34050775,0.897760835,
88.37089688,0.884425291,
88.40722465,0.883290351,
88.44246541,0.879223483,
88.47750102,0.887262641,
88.5160656,0.894450593,
88.54802229,0.886978906,
88.58092632,0.885465653,
88.6153332,0.891140352,
88.64742872,0.890762039,
88.66983829,0.885749387,
88.69648277,0.867117458,
88.71806786,0.849809626,
88.74491367,0.840257215,
88.76642945,0.821152394,
88.79387493,0.802709622,
88.81496167,0.797224079,
88.84465943,0.791454801,
88.86538135,0.784266849,
88.88955126,0.770363836,
88.91127398,0.766013233,
88.93212568,0.761378895,
88.95494833,0.752961424,
88.98308683,0.729978892,
89.0041991,0.729978892,
89.02647489,0.72108853,
89.05084979,0.711441541,
89.07196745,0.696498166,
89.09877013,0.69063431,
89.1210811,0.680136117,
89.14177532,0.661315031,
89.16978851,0.653937922,
89.19100753,0.64107527,
89.21151538,0.63653551,
89.23383356,0.625091534,
89.26198437,0.60390599,
89.28432915,0.598704182,
89.31157028,0.598704182,
89.33482712,0.575816228,
89.35866683,0.565980083,
89.38712876,0.555387311,
89.40959618,0.546780683,
89.43228197,0.534769236,
89.46106701,0.498829474,
89.48402419,0.495897546,
89.50626304,0.495897546,
89.53513178,0.47877887,
89.55711223,0.474049954,
89.58490379,0.474049954,
89.61013224,0.450689109,
89.64016139,0.418343323,
89.66593472,0.393563802,
89.69094362,0.383633079,
89.71528856,0.37398609,
89.74025819,0.363866209,
89.76424708,0.36102886,
89.78990763,0.359515607,
89.81448571,0.357529462,
89.84831738,0.355827052,
89.87100771,0.352138498,
89.89403327,0.349868618,
89.91609505,0.346274642,
89.93878665,0.345612593,
89.96315974,0.341734882,
89.9852315,0.336343918,
90.0072381,0.336343918,
90.02993179,0.333695725,
90.05449841,0.329912592,
90.07664345,0.328966809,
90.10281842,0.325278254,
90.12463518,0.3215897,
90.14639614,0.320738495,
90.1676685,0.318657772,
90.18797529,0.317428253,
90.20890727,0.316577049,
90.23531213,0.315063795,
90.26144118,0.312699337,
90.28506141,0.308821626,
90.30629834,0.308821626,
90.32722684,0.307970421,
90.34684564,0.305511385,
90.36758015,0.302201144,
90.38909638,0.300309577,
90.40992275,0.298890902,
90.43139394,0.296148131,
90.45228637,0.294256565,
90.47323385,0.290946323,
90.49515855,0.288771022,
90.51615427,0.287636082,
90.53698168,0.287352347,
90.55763616,0.282623431,
90.57863379,0.282623431,
90.60295963,0.280258973,
90.62378084,0.280353551,
90.64329156,0.280826443,
90.66262666,0.281204756,
90.6821205,0.280826443,
90.70164645,0.280826443,
90.72159457,0.279029455,
90.74163536,0.277232467,
90.76167541,0.273354756,
90.78169474,0.272408972,
90.80447626,0.272408972,
90.82512055,0.272408972,
90.84950777,0.272408972,
90.87426057,0.272314394,
90.89756778,0.272787286,
90.92054325,0.273638491,
90.94415163,0.274205961,
90.96969481,0.274300539,
90.99265836,0.274300539,
91.01521704,0.274300539,
91.03838094,0.274300539,
91.06159536,0.274016804,
91.08488686,0.274111382,
91.1103011,0.274111382,
91.13275007,0.274300539,
91.15621309,0.27590837,
91.17919901,0.27590837,
91.20182201,0.27647584,
91.22454256,0.27647584,
91.25117127,0.27590837,
91.27434974,0.275246322,
91.29734163,0.274868009,
91.32091261,0.274868009,
91.34410744,0.274395117,
91.36739735,0.273922225,
91.39059458,0.273827647,
91.41119598,0.273827647,
91.43129677,0.273827647,
91.45134026,0.273827647,
91.47137374,0.273827647,
91.4914003,0.273733069,
91.51155689,0.273733069,
91.53153695,0.273638491,
91.55169238,0.273638491,
91.57216504,0.273638491,
91.59427052,0.273733069,
91.61435935,0.273354756,
91.63433502,0.273354756,
91.65468614,0.272503551,
91.67534992,0.272503551,
91.69612946,0.272408972,
91.71610032,0.272125237,
91.73606718,0.271841502,
91.75605518,0.271179454,
91.77581975,0.271179454,
91.79941666,0.270801141,
91.8188675,0.270611984,
91.84229026,0.270517406,
91.86172051,0.270422828,
91.88164649,0.270328249,
91.90116994,0.269949936,
91.92069447,0.269477044,
91.94134735,0.269004153,
91.966134,0.269382466,
91.98603281,0.269666201,
92.00612836,0.269666201,
92.02565423,0.269193309,
92.04716674,0.269193309,
92.06759355,0.269193309,
92.0871357,0.269193309,
92.11216545,0.269287888,
92.13567182,0.269666201,
92.15583226,0.269666201,
92.17763594,0.269666201,
92.21012398,0.269098731,
92.24221465,0.284042106,
92.26671143,0.291513793,
92.28899735,0.295202348,
92.31258674,0.296337288,
92.33666084,0.297566806,
92.3604392,0.299174637,
92.38380926,0.299269216,
92.40783428,0.299269216,
92.43045234,0.299269216,
92.4528097,0.299458372,
92.47381189,0.299458372,
92.49444973,0.300025842,
92.51419928,0.300498734,
92.53510496,0.300498734,
92.55560512,0.300877047,
92.58056888,0.300877047,
92.61110714,0.303241505,
92.64219777,0.328777652,
92.67147364,0.343058979,
92.70600563,0.358475245,
92.74353108,0.375310186,
92.7826962,0.404156574,
92.81997086,0.430733083,
92.85616159,0.451256579,
92.89312705,0.46979393,
92.93222356,0.498924053,
92.969571,0.526824657,
93.01123503,0.540349357,
93.04900922,0.569384902,
93.08653428,0.584422855,
93.12572965,0.615633701,
93.16246783,0.637859607,
93.20057109,0.65516744,
93.22855559,0.671907803,
93.26376144,0.693755395,
93.29999406,0.712765638,
93.32734925,0.718440337,
93.36102653,0.719291542,
93.39741131,0.743030701,
93.42856589,0.762040943,
93.46329238,0.790603596,
93.49851997,0.793251789,
93.53419827,0.808951791,
93.5683735,0.828624082,
93.60714404,0.844134926,
93.64492041,0.85860541,
93.68136373,0.877521074,
93.71783901,0.89577469,
93.75440229,0.895680112,
93.7919546,0.895680112,
93.82744252,0.89463975,
93.86098291,0.894166858,
93.88980932,0.881871676,
93.92590609,0.886789749,
93.96545092,0.88735722,
94.00422313,0.887924689,
94.04159496,0.892464449,
94.08246437,0.896625894,
94.11942081,0.900598184,
94.16015855,0.897382522,
94.19931838,0.901449389,
94.23932934,0.901543967,
94.28028754,0.906840354,
94.31891351,0.90759698,
94.35824115,0.924148186,
94.39971426,0.927647584,
94.43817892,0.931714452,
94.47431797,0.939091561,
94.50982467,0.939942766,
94.54717461,0.941739754,
94.58390681,0.943253007,
94.62195361,0.93861867,
94.6578859,0.937294573,
94.69479617,0.939659031,
94.73010348,0.940510236,
94.76722091,0.937294573,
94.80292937,0.936254211,
94.84037857,0.939091561,
94.87870447,0.935308429,
94.91659448,0.94088855,
94.95300329,0.941739754,
94.99170159,0.943253007,
95.02911423,0.945333731,
95.06904929,0.942401802,
95.10755508,0.936821681,
95.14302211,0.932187344,
95.18230229,0.921027101,
95.21880433,0.921878306,
95.26192858,0.92168915,
95.29978614,0.916014451,
95.33701492,0.918000595,
95.3756706,0.914690354,
95.41217718,0.914312041,
95.45086256,0.913649992,
95.48893861,0.910528908,
95.52776425,0.908542763,
95.56435308,0.914501197,
95.60022137,0.91043433,
95.63761567,0.906367462,
95.67355883,0.905610836,
95.71503393,0.906272883,
95.75440549,0.917811439,
95.79396219,0.919324692,
95.83340326,0.920743367,
95.87206823,0.926512645,
95.91419207,0.928025897,
95.95134096,0.928498789,
95.99313683,0.930390356,
96.03409864,0.935592163,
96.07175142,0.936159634,
96.11123855,0.936821681,
96.15191913,0.939280717,
96.18928917,0.945806622,
96.227313,0.951386743,
96.26304863,0.954318671,
96.29863848,0.957439756,
96.33537712,0.953751201,
96.3721126,0.95044096,
96.40862694,0.950062647,
96.44465111,0.947981923,
96.48213253,0.945428309,
96.52200007,0.944766261,
96.55945165,0.944577104,
96.59884794,0.951103008,
96.6361256,0.953940358,
96.66814294,0.958480117,
96.70410903,0.951859635,
96.73797253,0.953278309,
96.77291518,0.947981923,
96.8129618,0.944009634,
96.8534356,0.937767465,
96.89121216,0.937010839,
96.92875047,0.935308429,
96.96581505,0.930957826,
97.00178953,0.931241561,
97.03922705,0.928971681,
97.07839343,0.925756018,
97.11221311,0.924431922,
97.1455325,0.909772281,
97.17815898,0.907124088,
97.2114287,0.903151799,
97.24519087,0.896815052,
97.27805557,0.89634216,
97.31334713,0.890478304,
97.34902342,0.89634216,
97.38388491,0.897666256,
97.42216026,0.89520722,
97.46047571,0.89463975,
97.49755434,0.895963847,
97.53552258,0.896815052,
97.56566435,0.893599388,
97.6120163,0.886600592,
97.64454741,0.881398785,
97.67929295,0.876764447,
97.71584974,0.873643363,
97.75151235,0.871940953,
97.78819797,0.872224688,
97.82333087,0.866549989,
97.85547444,0.867306615,
97.89046421,0.867401194,
97.92360905,0.862956013,
97.95916328,0.864185531,
97.99605422,0.860118662,
98.02920199,0.854727699,
98.0681039,0.850849987,
98.09914773,0.845459023,
98.13237258,0.846688541,
98.16557256,0.842432517,
98.19841762,0.840824686,
98.22930968,0.847445167,
98.2626647,0.848674686,
98.2946804,0.851512035,
98.32663763,0.845553601,
98.36325698,0.84110842,
98.39758883,0.841202999,
98.43781147,0.844796974,
98.47640618,0.849242155,
98.51105371,0.850566252,
98.54689319,0.843945769,
98.58056349,0.841486733,
98.61688069,0.843756613,
98.6547617,0.848485529,
98.69383304,0.86030782,
98.725514,0.867117458,
98.76190998,0.85860541,
98.79799506,0.858132518,
98.83780766,0.861159024,
98.87523371,0.868630712,
98.91403098,0.875062038,
98.94919604,0.875440351,
98.98251407,0.872886736,
99.01527038,0.874399989,
99.04781873,0.874778303,
99.0801912,0.875534929,
99.11369587,0.876669869,
99.14513633,0.875534929,
99.17844955,0.87383252,
99.20895353,0.875251194,
99.24187686,0.861442759,
99.27757674,0.85576806,
99.31370458,0.860969867,
99.35372707,0.867401194,
99.39295024,0.875062038,
99.42948399,0.872981315,
99.46558795,0.867495771,
99.50276884,0.859078302,
99.53525428,0.863807217,
99.57198493,0.858416253,
99.6146606,0.860686133,
99.64266817,0.862672277,
99.67727571,0.855011433,
99.71533335,0.849904204,
99.74950507,0.847539746,
99.78895264,0.845269866,
99.82338609,0.847445167,
99.85521276,0.850187939,
99.88626958,0.839595167,
99.91776323,0.83827107,
99.95195614,0.834582516,
99.98833955,0.834771673,
100.0187005,0.828434925,
100.0539578,0.825975889,
100.0886877,0.825030105,
100.1227301,0.832974685,
100.1572991,0.828340347,
100.1927313,0.831934323,
100.2292318,0.834866251,
100.2666078,0.849147577,
100.3029954,0.851512035,
100.3380565,0.853592758,
100.3742981,0.853876494,
100.4060358,0.853214445,
100.4368182,0.845553601,
100.4720913,0.842337938,
100.5105249,0.842905408,
100.5435059,0.84508071,
100.5791244,0.847445167,
100.6191311,0.844229505,
100.6557733,0.846026493,
100.6928659,0.846593962,
100.7285811,0.852552397,
100.7648827,0.855011433,
100.7985943,0.850377096,
100.8302687,0.844324083,
100.8654918,0.838460227,
100.8993787,0.837514444,
100.9326279,0.839027697,
100.9663994,0.846593962,
101.0081452,0.848674686,
101.0402327,0.850377096,
101.0727261,0.844986131,
101.1055306,0.837609022,
101.1414158,0.840730107,
101.1811448,0.851512035,
101.2170049,0.855578904,
101.2516196,0.853781915,
101.2838391,0.85463312,
101.3197883,0.846215649,
101.3559836,0.844702397,
101.3929181,0.846215649,
101.4258719,0.851133722,
101.4614545,0.85009336,
101.4994666,0.853214445,
101.5378969,0.856808422,
101.5769252,0.859929506,
101.6020298,0.853592758,
101.6233709,0.838176492,
101.64347,0.826827094,
101.6635504,0.811410827,
101.6851257,0.796467452,
101.7078668,0.796467452,
101.73018,0.77745721,
101.7524926,0.763175883,
101.7743707,0.749462026,
101.7965311,0.738869254,
101.8173426,0.727425278,
101.8387432,0.716832506,
101.8596783,0.702172866,
101.8809753,0.695646961,
101.9020318,0.687418647,
101.9223101,0.67767708,
101.9422151,0.661504187,
101.9650398,0.649587319,
101.9848447,0.641264427,
102.0058839,0.641264427,
102.0263416,0.622254184,
102.048554,0.610431894,
102.0682451,0.592651169,
102.0879169,0.579410204,
102.1098831,0.579410204,
102.1296118,0.569668637,
102.1497125,0.556616829,
102.1699569,0.544605382,
102.1895059,0.520771645,
102.2090151,0.507436102,
102.2291065,0.495519233,
102.2593638,0.476887304,
102.280935,0.464970435,
102.3145291,0.469604773,
102.3425471,0.478495135,
102.3684253,0.46809152,
102.403718,0.466199953,
102.4377991,0.464497544,
102.4718611,0.462133086,
102.5037378,0.458349953,
102.5378715,0.452013205,
102.571792,0.457877061,
102.61092,0.469888508,
102.6467061,0.487007184,
102.6772611,0.492965618,
102.6996605,0.499775257,
102.7202629,0.499586101,
102.7416572,0.499586101,
102.7711993,0.505166222,
102.8047352,0.516137307,
102.8294117,0.537322851,
102.8534938,0.549334298,
102.8744651,0.54867225,
102.8964417,0.552833696,
102.9269574,0.556995142,
102.9608343,0.578558999,
102.9955848,0.600784905,
103.0165335,0.598420447,
103.0385701,0.598704182,
103.0728662,0.599649965,
103.1050043,0.611661412,
103.1282465,0.623956594,
103.14918,0.632752378,
103.1693935,0.635022257,
103.1910462,0.63994033,
103.2235059,0.644101776,
103.2561322,0.661693344,
103.2777,0.680041538,
103.2990038,0.680325273,
103.3192048,0.674555996,
103.3413198,0.661315031,
103.3749401,0.659045151,
103.4047052,0.66869214,
103.4272065,0.663963224,
103.4472272,0.654410813,
103.4677073,0.643439728,
103.4930433,0.629536715,
103.5267529,0.628874666,
103.5548427,0.62357828,
103.5759651,0.621592136,
103.597156,0.612228882,
103.6188674,0.597852977,
103.6451877,0.584328277,
103.6779378,0.578748156,
103.7046825,0.577896951,
103.7259784,0.575059602,
103.7468879,0.57345177,
103.7674828,0.565128878,
103.7955112,0.553306587,
103.8311349,0.559832492,
103.8574449,0.573924662,
103.8801104,0.581680084,
103.9015269,0.577424059,
103.9311631,0.573735505,
103.9635876,0.584801169,
103.9892522,0.597569242,
104.0109974,0.595110206,
104.0320682,0.589435506,
104.0575371,0.566831288,
104.083601,0.566831288,
104.1159797,0.556900564,
104.1432309,0.575343336,
104.1652689,0.581018036,
104.1878892,0.579599361,
104.2084003,0.579599361,
104.2362242,0.569195745,
104.270356,0.573640927,
104.2991528,0.587922253,
104.3339383,0.590192133,
104.3636278,0.601163218,
104.3970153,0.603054785,
104.4294268,0.616579485,
104.4663616,0.643155993,
104.5005413,0.648452379,
104.5378332,0.65346503,
104.5710409,0.662733706,
104.6107913,0.675123466,
104.6406137,0.685999973,
104.6754595,0.674839731,
104.7094251,0.681743948,
104.7340694,0.683446358,
104.7581485,0.684581298,
104.7832577,0.675785514,
104.8147125,0.671340333,
104.8487006,0.661882501,
104.878519,0.674177683,
104.9061715,0.683257201,
104.9388958,0.680419852,
104.9718753,0.679663225,
105.0083933,0.688553587,
105.040977,0.724115036,
105.0774826,0.740949978,
105.1109692,0.757122871,
105.1453973,0.756460822,
105.1765891,0.763837931,
105.2063505,0.761851787,
105.2421659,0.762419257,
105.2747241,0.781807812,
105.3113243,0.779159619,
105.3426376,0.791738536,
105.3779089,0.790319861,
105.4158562,0.799493959,
105.4478595,0.807533116,
105.4836172,0.800912633,
105.5171989,0.796372874,
105.5547275,0.793630103,
105.5933323,0.802047573,
105.6296646,0.809424682,
105.6684823,0.822287334,
105.7055077,0.825219262,
105.7427912,0.831650588,
105.7782377,0.860024084,
105.8171722,0.880642158,
105.8566495,0.89009999,
105.8942471,0.904286739,
105.9288766,0.914312041,
105.9635442,0.920648788,
105.9974847,0.920175897,
106.0358578,0.925472283,
106.0705913,0.919230114,
106.1071507,0.917338547,
106.1389244,0.915919872,
106.1744704,0.911190956,
106.2096327,0.905516257,
106.2465743,0.908637342,
106.2846818,0.912231318,
106.3202714,0.935686742,
106.355941,0.935024693,
106.3885861,0.934268067,
106.4220555,0.930201199,
106.4580727,0.925472283,
106.4890956,0.928498789,
106.5225439,0.926890958,
106.5534058,0.927269271,
106.5861954,0.923486139,
106.6229041,0.923013247,
106.6580551,0.925756018,
106.6884223,0.924715657,
106.7232341,0.917243969,
106.7645212,0.918284331,
106.8025795,0.924431922,
106.8410304,0.924053608,
106.8786815,0.922918668,
106.910576,0.922634934,
106.9459485,0.919135536,
106.9808512,0.921499993,
107.0157363,0.921405415,
107.0457201,0.914974089,
107.0807098,0.911001799,
107.1091744,0.915163246,
107.1425145,0.903435534,
107.1747142,0.908069872,
107.2058803,0.909204812,
107.2383857,0.897949991,
107.2686634,0.899746979,
107.3018252,0.891140352,
107.3381853,0.891707822,
107.3740899,0.889816256,
107.4114545,0.893693967,
107.4456313,0.90088192,
107.4773448,0.893126497,
107.5094324,0.884236135,
107.5399242,0.881587942,
107.5681848,0.864563844,
107.6012352,0.863712639,
107.6320658,0.863712639,
107.6617023,0.849904204,
107.6956601,0.840919263,
107.728437,0.834582516,
107.7627937,0.836946974,
107.7998879,0.835717455,
107.8377429,0.836001191,
107.8706156,0.84054095,
107.9085993,0.838933119,
107.943992,0.840919263,
107.989468,0.84451324,
108.0239772,0.85463312,
108.0650086,0.862577699,
108.1004432,0.861442759,
108.1401735,0.871089748,
108.1764641,0.877426496,
108.2125332,0.88281746,
108.2497691,0.886978906,
108.2848223,0.883668665,
108.3188091,0.892086136,
108.3529953,0.892653605,
108.3851102,0.893788545,
108.4202243,0.890194569,
108.4550746,0.889059629,
108.490687,0.888208425,
108.5269494,0.886789749,
108.5644535,0.907218667,
108.5999066,0.922067463,
108.6350601,0.92225662,
108.671315,0.920175897,
108.7076726,0.910907222,
108.7443376,0.920837945,
108.7841649,0.921216259,
108.8200435,0.921783729,
108.8571307,0.919986741,
108.8926067,0.924999391,
108.9259831,0.927836741,
108.9644689,0.926701801,
109.0005298,0.925377704,
109.0373235,0.924242765,
109.0740999,0.927553006,
109.1108963,0.927647584,
109.1413297,0.922445777,
109.1757223,0.914784933,
109.2036347,0.912325896,
109.238358,0.902300594,
109.2683318,0.908826498,
109.3026023,0.897855413,
109.3350334,0.901165654,
109.3616714,0.889910834,
109.3915848,0.879128906,
109.4269456,0.882344568,
109.4641429,0.881966255,
109.4937082,0.886506015,
109.533716,0.88508734,
109.5709372,0.879980111,
109.610014,0.881777098,
109.6417456,0.875818664,
109.6745454,0.881398785,
109.6999611,0.883101195,
109.7354473,0.875913242,
109.7652898,0.878372278,
109.7929406,0.878939749,
109.830362,0.877237339,
109.8609439,0.874872881,
109.8962094,0.87213011,
109.9252616,0.862672277,
109.9595945,0.857375892,
110.011341,0.862010229,
110.0460105,0.854160229,
110.0821645,0.855673482,
110.1272871,0.854727699,
110.1617889,0.861159024,
110.1983987,0.866928302,
110.2363903,0.872603002,
110.2696188,0.878656014,
110.3083856,0.877804809,
110.3453113,0.880831315,
110.3862023,0.886978906,
110.4232005,0.904759631,
110.459507,0.912609632,
110.4940133,0.916109029,
110.5287553,0.914501197,
110.5626051,0.908542763,
110.5989972,0.910718065,
110.635516,0.912893366,
110.6715549,0.923769873,
110.7093385,0.919608427,
110.7473244,0.931998187,
110.7846777,0.933889754,
110.8228298,0.932754813,
110.8577376,0.928877102,
110.8911969,0.941739754,
110.9251662,0.943442164,
110.9591141,0.946846984,
110.9949218,0.947792767,
111.0315001,0.955548189,
111.0693665,0.954980719,
111.1061882,0.958385539,
111.1438278,0.963114455,
111.1841364,0.96623554,
111.2211865,0.966613853,
111.2604838,0.966046383,
111.2987204,0.964722286,
111.3350714,0.96623554,
111.3713734,0.968599998,
111.403751,0.969072889,
111.4397864,0.958669274,
111.4702826,0.956872286,
111.496201,0.947981923,
111.5310123,0.944009634,
111.563007,0.937105416,
111.5983148,0.937672886,
111.6287469,0.934835537,
111.6626296,0.926796379,
111.6986153,0.920081319,
111.7336514,0.921594572,
111.7694063,0.915636138,
111.8005939,0.918189752,
111.8265431,0.909583125,
111.859983,0.901733125,
111.8902208,0.907407824,
111.9156218,0.895490955,
111.9488748,0.889532521,
111.978641,0.890194569,
112.0119804,0.885749387,
112.04504,0.879601797,
112.0818812,0.878561436,
112.1184808,0.879790954,
112.15085,0.875913242,
112.1880872,0.870333122,
112.2217661,0.859456615,
112.260905,0.860024084,
112.2973811,0.857848783,
112.3336663,0.85463312,
112.368174,0.851890349,
112.4050304,0.850755409,
112.4408242,0.858699988,
112.4755418,0.862577699,
112.5097629,0.864753001,
112.5435108,0.874494567,
112.5738765,0.870806013,
112.6119251,0.871940953,
112.6409215,0.88168252,
112.674518,0.877899387,
112.7080307,0.881304207,
112.741802,0.877899387,
112.7769111,0.880831315,
112.8136057,0.883857822,
112.851495,0.898895774,
112.887866,0.899841558,
112.9220302,0.901354811,
112.9596614,0.907691559,
112.9912596,0.901733125,
113.0256187,0.904570474,
113.0565986,0.906462041,
113.0882186,0.90702951,
113.1260761,0.901165654,
113.1583138,0.897571678,
113.1914885,0.895585534,
113.2278438,0.897760835,
113.2612369,0.898422883,
113.2975707,0.897004208,
113.327388,0.896436738,
113.3613484,0.884898183,
113.398572,0.883668665,
113.4374589,0.886411436,
113.4751882,0.889248785,
113.5135571,0.889059629,
113.5526216,0.892086136,
113.5912021,0.897666256,
113.6298751,0.905232523,
113.6637384,0.903719269,
113.7003688,0.903719269,
113.7299254,0.90088192,
113.7651507,0.903057221,
113.7999749,0.901827702,
113.8395222,0.903530113,
113.870003,0.900503606,
113.9072652,0.894923485,
113.9364546,0.895396376,
113.9716339,0.890856618,
114.0043,0.899463245,
114.0390937,0.893883124,
114.0689612,0.900598184,
114.1057799,0.898422883,
114.1408451,0.903435534,
114.1757197,0.90929939,
114.2121298,0.908448185,
114.2466175,0.909393968,
114.2786168,0.905989149,
114.3126797,0.905232523,
114.3454863,0.901449389,
114.3773431,0.907691559,
114.413323,0.908259029,
114.4494896,0.912609632,
114.4879987,0.915068668,
114.5273088,0.91714939,
114.5634352,0.918946379,
114.5995064,0.917906017,
114.6369397,0.91714939,
114.6667448,0.926512645,
114.706466,0.916771077,
114.7367362,0.916676499,
114.7752434,0.92225662,
114.8128713,0.926701801,
114.8507568,0.930390356,
114.8895633,0.930390356,
114.9225253,0.931336139,
114.9609766,0.942307224,
115.014583,0.953562045,
115.0516641,0.966897588,
115.0895677,0.970018673,
115.1286236,0.96623554,
115.1657404,0.962452407,
115.2036207,0.971626504,
115.2368359,0.966330118,
115.2711088,0.960087949,
115.3061088,0.957061443,
115.3411539,0.963114455,
115.3777704,0.972666866,
115.4141596,0.978530721,
115.4525581,0.976544577,
115.4888567,0.976828311,
115.5224896,0.977679516,
115.559201,0.970113251,
115.593112,0.970396986,
115.6281848,0.962736142,
115.6615307,0.962736142,
115.6928736,0.956683129,
115.7276319,0.952427104,
115.7611985,0.944577104,
115.7930773,0.929444572,
115.8305279,0.933416862,
115.8648024,0.924999391,
115.9000387,0.92395903,
115.9345002,0.92168915,
115.9736383,0.924148186,
116.0113077,0.924148186,
116.048762,0.928593368,
116.081687,0.926701801,
116.108463,0.923769873,
116.1439795,0.898517461,
116.1766239,0.897666256,
116.2057968,0.894734329,
116.241422,0.888870472,
116.275934,0.893221075,
116.3139978,0.887640954,
116.350406,0.881777098,
116.3866688,0.886127701,
116.422199,0.882533725,
116.4565021,0.887073484,
116.4929461,0.882439147,
116.5269889,0.880358424,
116.5646125,0.879601797,
116.6020369,0.873075893,
116.6383381,0.879885532,
116.6767115,0.878939749,
116.7106811,0.893599388,
116.7476873,0.901543967,
116.7825679,0.911474691,
116.8225979,0.914974089,
116.8651533,0.925377704,
116.9012863,0.941645176,
116.9414138,0.942401802,
116.9790604,0.946941562,
117.0158433,0.949211442,
117.0504735,0.947981923,
117.0855707,0.943725899,
117.1203411,0.95044096,
117.1604618,0.959047587,
117.1953426,0.956872286,
117.2330953,0.970396986,
117.2682659,0.969262046,
117.3066017,0.977963252,
117.3432264,0.974558431,
117.3805465,0.973518071,
117.4148154,0.971248191,
117.444546,0.969734937,
117.4770017,0.966330118,
117.5104433,0.961222889,
117.5466834,0.965951804,
117.5840299,0.963587347,
117.6175397,0.965762648,
117.6542659,0.971531925,
117.6906495,0.972572287,
117.7248861,0.968694576,
117.7583936,0.967181322,
117.7939648,0.968599998,
117.8323907,0.970302407,
117.8685812,0.972004817,
117.9043898,0.970586142,
117.9417208,0.972666866,
117.9777272,0.975031323,
118.0183094,0.977301203,
118.0544026,0.984299999,
118.0924878,0.987893975,
118.1284194,0.984016264,
118.1625242,0.987137349,
118.2009921,0.986853614,
118.2392975,0.98874518,
118.2798805,0.97578795,
118.3165171,0.975315059,
118.3561073,0.97635542,
118.3933572,0.978719878,
118.427291,0.982030119,
118.4647999,0.990069277,
118.5027426,0.991298795,
118.5397651,0.987137349,
118.5793323,0.981368071,
118.6126843,0.979287348,
118.6533408,0.969072889,
118.684803,0.969072889,
118.7207578,0.973990962,
118.7529436,0.973707227,
118.7890684,0.970586142,
118.8265082,0.972099395,
118.8665152,0.975598793,
118.9040103,0.977017468,
118.9436756,0.976449998,
118.9799677,0.97522048,
119.0169981,0.973801805,
119.0520723,0.973990962,
119.0814562,0.968883732,
119.1215479,0.953845779,
119.1576514,0.943725899,
119.1927486,0.935875898,
119.2278406,0.938713248,
119.262829,0.941266863,
119.2972174,0.946563249,
119.3327498,0.946090357,
119.3678899,0.94930602,
119.4040628,0.951197586,
119.4365776,0.948643972,
119.4690067,0.924242765,
119.5043559,0.924904813,
119.5366944,0.92055421,
119.5722313,0.911853004,
119.6055386,0.915730716,
119.6441103,0.912798788,
119.6768315,0.910718065,
119.7120275,0.911853004,
119.7467049,0.9188518,
119.7838956,0.921499993,
119.8200135,0.917811439,
119.8564292,0.915163246,
119.8936673,0.917527704,
119.930626,0.918378908,
119.9672769,0.907502401,
120.0074381,0.90929939,
120.04466,0.901165654,
120.0785206,0.906367462,
120.1096478,0.908353607,
120.1458221,0.901071076,
120.1751903,0.904381318,
120.2065194,0.906840354,
120.2407427,0.902300594,
120.2710586,0.902300594,
120.3074718,0.894828907,
120.3400919,0.899084931,
120.3764242,0.897571678,
120.4114319,0.892559027,
120.4489173,0.914974089,
120.4861061,0.914690354,
120.5183923,0.91440662,
120.5449574,0.910907222,
120.5796371,0.913271679,
120.6132628,0.91440662,
120.6401042,0.904286739,
120.672571,0.898328305,
120.7044042,0.895585534,
120.7401616,0.898328305,
120.7744914,0.89463975,
120.811183,0.893599388,
120.8504774,0.901543967,
120.8823025,0.898422883,
120.9235761,0.898517461,
120.9596507,0.89804457,
120.9978665,0.893977702,
121.0348818,0.893410232,
121.0708735,0.890478304,
121.1098233,0.894734329,
121.1481626,0.905421679,
121.1845716,0.908637342,
121.2229495,0.926323488,
121.2595789,0.93407891,
121.2960871,0.946090357,
121.3337329,0.941550597,
121.3673727,0.946279513,
121.4016153,0.943915056,
121.4361842,0.942118068,
121.468776,0.93691626,
121.5040795,0.936443368,
121.5385399,0.93691626,
121.5741904,0.936537947,
121.6105135,0.939753609,
121.6493326,0.946374092,
121.6855673,0.957439756,
121.726638,0.963681925,
121.7617429,0.974558431,
121.7960772,0.97692289,
121.8328864,0.969640359,
121.8680055,0.96623554,
121.8998417,0.966330118,
121.9331994,0.954886141,
121.969762,0.956872286,
122.0095674,0.955075297,
122.0473858,0.955264455,
122.0845873,0.957628912,
122.1220117,0.957439756,
122.1557247,0.956115659,
122.1924223,0.953467466,
122.2277526,0.955642768,
122.2653528,0.9594259,
122.3015942,0.961033732,
122.3399453,0.962546985,
122.3796795,0.963681925,
122.4181735,0.966140962,
122.4562214,0.96793795,
122.4967478,0.969734937,
122.5323338,0.968883732,
122.5705997,0.97408554,
122.6048344,0.971248191,
122.6413278,0.969640359,
122.673562,0.971248191,
122.7093691,0.972572287,
122.734971,0.97465301,
122.7661394,0.962074093,
122.7989086,0.960939154,
122.8362941,0.958953009,
122.8698342,0.968127106,
122.9073111,0.97068072,
122.9445448,0.980422288,
122.9792767,0.979665662,
123.0168192,0.977584938,
123.0498575,0.974747589,
123.0836406,0.968694576,
123.1196305,0.962925298,
123.1523985,0.958953009,
123.1787014,0.957818069,
123.212173,0.944387948,
123.2488669,0.942212646,
123.2862971,0.944009634,
123.3220366,0.944766261,
123.3592995,0.941361441,
123.396769,0.944955417,
123.4335722,0.944860839,
123.4714009,0.943725899,
123.5083773,0.945333731,
123.5495164,0.94817108,
123.5878492,0.946374092,
123.6232677,0.944671682,
123.6575447,0.938051199,
123.6915629,0.93861867,
123.7260407,0.940510236,
123.7596494,0.939280717,
123.7971017,0.938334935,
123.8354195,0.941456019,
123.8737165,0.95100843,
123.9107275,0.955453611,
123.9407222,0.959898792,
123.9709591,0.948360237,
124.0100584,0.941361441,
124.0410331,0.93748373,
124.0696759,0.940037345,
124.102987,0.939942766,
124.1354223,0.941928911,
124.1700411,0.939375296,
124.2024907,0.940321079,
124.2347521,0.940415658,
124.2777868,0.933984332,
124.3143487,0.947130718,
124.3507578,0.951670478,
124.3876977,0.954980719,
124.4220522,0.947887346,
124.4597369,0.946752405,
124.4932246,0.946846984,
124.5300932,0.942307224,
124.5654009,0.941456019,
124.5927999,0.931619874,
124.6265481,0.929066259,
124.6602758,0.934740959,
124.6935087,0.930201199,
124.7280707,0.932565657,
124.7584562,0.932754813,
124.7917769,0.920743367,
124.8311846,0.917527704,
124.866992,0.92112168,
124.9025935,0.922067463,
124.936454,0.92282409,
124.9714598,0.908921077,
125.006594,0.909110234,
125.0374728,0.901165654,
125.0718876,0.891045774,
125.1024503,0.891329509,
125.1377234,0.880736737,
125.1736839,0.875345772,
125.2070646,0.875251194,
125.245582,0.88111505,
125.2810241,0.887735533,
125.3155917,0.889532521,
125.3497608,0.89577469,
125.372819,0.884519869,
125.4003676,0.874305411,
125.4211507,0.857375892,
125.4482009,0.83883854,
125.4689545,0.823233117,
125.4967158,0.799872272,
125.5178591,0.785685524,
125.545065,0.77121504,
125.5661116,0.760716847,
125.5900323,0.752299376,
125.6126567,0.74643552,
125.6340032,0.736977688,
125.6606845,0.710495758,
125.6830616,0.706334312,
125.7062404,0.70529395,
125.7308319,0.69630901,
125.7513878,0.690255997,
125.7722425,0.682027683,
125.7979471,0.677771659,
125.8188877,0.663301176,
125.8454115,0.645898764,
125.8692163,0.631806594,
125.8924409,0.613174665,
125.9201808,0.594921049,
125.9442176,0.580355987,
125.9657678,0.574492132,
125.9981337,0.565412613,
126.0197372,0.553212009,
126.0417568,0.546213213,
126.0717781,0.535998755,
126.0975181,0.53060779,
126.1229042,0.523230681,
126.1511336,0.522568633,
126.1746404,0.516042729,
126.2012962,0.505639113,
126.2249005,0.50299092,
126.2461647,0.485210196,
126.2763496,0.467429471,
126.3002997,0.456458386,
126.3253451,0.430165613,
126.3463241,0.428746938,
126.3673708,0.415222238,
126.3925075,0.398576453,
126.4176488,0.389024043,
126.4425436,0.371621632,
126.4669592,0.366608981,
126.4915484,0.364055366,
126.5154775,0.361974643,
126.5396535,0.361690908,
126.5633132,0.356299944,
126.5866166,0.354786691,
126.6126104,0.353935486,
126.6364443,0.350152353,
126.6593905,0.342302352,
126.6817972,0.341451147,
126.7038737,0.340410786,
126.726051,0.337384279,
126.7487907,0.334168616,
126.7712987,0.332182472,
126.7934002,0.330858375,
126.8222518,0.3294397,
126.8443212,0.324616206,
126.8706379,0.321305965,
126.8926966,0.31988729,
126.9146865,0.318468615,
126.9366804,0.317901145,
126.9585483,0.313739699,
126.9869922,0.312415602,
127.0124106,0.311753554,
127.0341527,0.308443313,
127.0586791,0.307024638,
127.0796581,0.304849337,
127.1000414,0.303998132,
127.1232526,0.302295722,
127.1442205,0.299080059,
127.1651284,0.294918613,
127.1859722,0.291797528,
127.2074422,0.291797528,
127.2284592,0.286879456,
127.2519294,0.285839094,
127.2730083,0.285460781,
127.2942834,0.282339696,
127.3153874,0.282055961,
127.3368296,0.280069816,
127.3579359,0.275813792,
127.3790087,0.275813792,
127.4000316,0.273071021,
127.4211473,0.271841502,
127.4410118,0.272598129,
127.4608075,0.272030659,
127.4805033,0.272408972,
127.5004162,0.272219816,
127.520088,0.271841502,
127.5403694,0.271179454,
127.5607536,0.271084876,
127.5814259,0.271084876,
127.6017304,0.271179454,
127.6258981,0.271274033,
127.6496068,0.271368611,
127.6739326,0.271557768,
127.6971009,0.272314394,
127.7201582,0.272692707,
127.7474465,0.272881864,
127.7706576,0.272881864,
127.7991419,0.272881864,
127.8246864,0.272976442,
127.8479066,0.272881864,
127.8711815,0.272881864,
127.8924976,0.272787286,
127.916619,0.273733069,
127.9394165,0.274489695,
127.9705326,0.27477343,
127.9966886,0.274489695,
128.0196847,0.273733069,
128.0428682,0.273449334,
128.0680001,0.273449334,
128.0913465,0.273260177,
128.1139323,0.273071021,
128.1338948,0.273071021,
128.1538381,0.272976442,
128.1738223,0.272976442,
128.1937266,0.272976442,
128.2138129,0.272976442,
128.2343587,0.272976442,
128.2565953,0.272976442,
128.2768542,0.272976442,
128.296984,0.272881864,
128.3171328,0.272976442,
128.3375068,0.272976442,
128.3579861,0.272881864,
128.3781888,0.272787286,
128.398474,0.272787286,
128.4186991,0.272787286,
128.4387075,0.272314394,
128.458826,0.271274033,
128.4787696,0.271274033,
128.4987888,0.270990298,
128.5191801,0.270611984,
128.5399855,0.270044514,
128.5601003,0.269949936,
128.5806313,0.269571623,
128.6011598,0.269477044,
128.625216,0.269571623,
128.6481478,0.269666201,
128.6692854,0.270044514,
128.6902265,0.269666201,
128.7117596,0.269287888,
128.7328706,0.269004153,
128.7534976,0.269004153,
128.7741293,0.268720418,
128.7942419,0.268342105,
128.8159349,0.268247526,
128.836112,0.268342105,
128.8596538,0.268247526,
128.8814023,0.268247526,
128.9069257,0.268247526,
128.9272024,0.26862584,
128.948538,0.26805837,
128.9794783,0.267869213,
129.0147093,0.281299335,
129.0411721,0.289054757,
129.0651567,0.291986685,
129.0904282,0.29340536,
129.1169504,0.294634878,
129.1406178,0.294634878,
129.1642025,0.29510777,
129.1880736,0.29567524,
129.2111613,0.296431866,
129.2320818,0.297188493,
129.2580746,0.296904758,
129.2787907,0.297283071,
129.2994758,0.297945119,
129.3196046,0.297377649,
129.3397607,0.296904758,
129.3622147,0.297188493,
129.3854672,0.302674035,
129.4196191,0.317144518,
129.4547138,0.333884881,
129.4901976,0.349679461,
129.5287498,0.382781874,
129.5661462,0.415222238,
129.6032651,0.427611998,
129.6440773,0.448608385,
129.6795586,0.469321038,
129.7190507,0.508192728,
129.7577585,0.525784296,
129.789772,0.555103576,
129.8338428,0.577991529,
129.8740065,0.602676471,
129.912131,0.619038521,
129.9491579,0.650154789,
129.9854266,0.67039455,
130.0218561,0.699146359,
130.0590043,0.712860216,
130.0904078,0.73801805,
130.1293603,0.750124075,
130.1550879,0.754663834,
130.1810048,0.754001786,
130.2134248,0.765445763,
130.2454708,0.774525282,
130.2808427,0.778875884,
130.3175688,0.809613839,
130.3617064,0.845459023,
130.3963073,0.886127701,
130.4334152,0.885371074,
130.4690688,0.893221075,
130.5041034,0.89520722,
130.5416618,0.892842762,
130.5805095,0.893031919,
130.6175191,0.893693967,
130.6536196,0.894923485,
130.686813,0.888397581,
130.719496,0.888113846,
130.7567397,0.884614448,
130.7947884,0.887924689,
130.8370336,0.88508734,
130.8790286,0.885276496,
130.919107,0.893504811,
130.9564209,0.896153003,
130.9995052,0.897098786,
131.0392858,0.898801196,
131.0772342,0.899557823,
131.1180144,0.897949991,
131.1536539,0.899557823,
131.195424,0.900598184,
131.2366574,0.904948787,
131.2711602,0.926796379,
131.3108867,0.943063851,
131.3484009,0.945239152,
131.3842933,0.944671682,
131.4213578,0.94646867,
131.4556019,0.943915056,
131.4938718,0.945522887,
131.5294251,0.947981923,
131.5547068,0.946279513,
131.5884553,0.935024693,
131.6239274,0.931998187,
131.6607848,0.93294397,
131.6976214,0.936537947,
131.735408,0.940226501,
131.7721694,0.945144574,
131.8061803,0.941361441,
131.8455837,0.944387948,
131.8858904,0.945522887,
131.9193084,0.940793971,
131.9549255,0.939659031,
131.9856545,0.936065055,
132.0221409,0.931052404,
132.0565182,0.926796379,
132.0966682,0.927269271,
132.1315929,0.926796379,
132.1683264,0.922351198,
132.2047978,0.924526499,
132.2417693,0.925566861,
132.2783197,0.925188548,
132.3177843,0.925945175,
132.3561623,0.925283127,
132.3961355,0.929444572,
132.4338451,0.929539151,
132.469718,0.931619874,
132.5059484,0.927080114,
132.5440063,0.931052404,
132.584681,0.942023489,
132.6253432,0.944387948,
132.6621611,0.944387948,
132.7012853,0.943158429,
132.7405273,0.945428309,
132.7855838,0.948076502,
132.8254316,0.94873855,
132.86563,0.946184936,
132.9040944,0.949116864,
132.9443805,0.956872286,
132.9848468,0.957534334,
133.0246022,0.957912648,
133.0619832,0.961790359,
133.0986113,0.959615057,
133.1326696,0.958953009,
133.1694235,0.951386743,
133.2046154,0.949968068,
133.2424473,0.94646867,
133.2779038,0.946752405,
133.3168105,0.947698188,
133.3525531,0.948454815,
133.3905366,0.949589755,
133.4258266,0.948360237,
133.4644489,0.946941562,
133.5003176,0.947887346,
133.5388359,0.943725899,
133.575008,0.938902404,
133.6125218,0.944293369,
133.6490661,0.942212646,
133.6867744,0.943442164,
133.7224793,0.939753609,
133.7615114,0.938240357,
133.7973056,0.934268067,
133.8363498,0.929728307,
133.8752141,0.923864452,
133.9112623,0.917433126,
133.9439203,0.917338547,
133.9770734,0.911380113,
134.0125799,0.907880715,
134.0465418,0.901260233,
134.079932,0.895490955,
134.1186186,0.894545172,
134.1541228,0.899746979,
134.1789701,0.901071076,
134.2122596,0.893031919,
134.2452386,0.88565481,
134.2832507,0.882439147,
134.3197983,0.885276496,
134.3567554,0.885465653,
134.3880442,0.886884328,
134.4221649,0.883479509,
134.4519505,0.879980111,
134.4899033,0.874305411,
134.5215039,0.868252399,
134.5554401,0.866077097,
134.5929035,0.864563844,
134.6321736,0.864090952,
134.6648009,0.852174084,
134.6986223,0.848201795,
134.7334287,0.849336734,
134.7676931,0.849998782,
134.8022418,0.853025289,
134.8361599,0.856524687,
134.8687126,0.854727699,
134.89705,0.854443963,
134.930814,0.849998782,
134.962633,0.849052999,
135.0060657,0.846688541,
135.0371382,0.843283722,
135.0639827,0.836190347,
135.0954194,0.826637937,
135.1325128,0.820774081,
135.1677169,0.824651792,
135.2046165,0.827110828,
135.2432411,0.828907817,
135.282094,0.836001191,
135.3205589,0.842905408,
135.3505865,0.846972276,
135.3870664,0.843189143,
135.4219203,0.844040348,
135.4594652,0.841770468,
135.4960177,0.842621673,
135.5305183,0.849147577,
135.5642724,0.846783119,
135.5968795,0.843945769,
135.6343824,0.845364444,
135.671099,0.852174084,
135.7030147,0.856240951,
135.7404209,0.855011433,
135.7738051,0.860118662,
135.8070172,0.858889144,
135.8402538,0.851890349,
135.8820708,0.847918059,
135.9171153,0.848390951,
135.9511912,0.845364444,
135.9788658,0.846499385,
136.017349,0.843756613,
136.0428117,0.845742758,
136.0761463,0.839784324,
136.1161708,0.845931915,
136.1534065,0.857659626,
136.1926177,0.865698783,
136.2318138,0.870806013,
136.2706767,0.862010229,
136.3048218,0.857659626,
136.3399162,0.854254807,
136.3749012,0.858699988,
136.4088256,0.861253603,
136.4440302,0.857470469,
136.4748584,0.850471674,
136.5050825,0.848674686,
136.5387298,0.846404806,
136.5761139,0.847161433,
136.6139482,0.846215649,
136.649934,0.846877698,
136.68688,0.849052999,
136.7221138,0.850660831,
136.752295,0.84224336,
136.7874879,0.836474083,
136.8218073,0.834298781,
136.8621611,0.835433721,
136.8966526,0.835433721,
136.9272168,0.83212348,
136.9585265,0.834487937,
136.9865903,0.834298781,
137.0211171,0.829191552,
137.0572466,0.830704805,
137.0924299,0.842527095,
137.1302131,0.84564818,
137.168466,0.856240951,
137.206781,0.857659626,
137.2460557,0.851984927,
137.2775142,0.85179577,
137.3126514,0.850849987,
137.3414712,0.848012637,
137.3747109,0.841581312,
137.4085896,0.83827107,
137.442154,0.833731311,
137.4751813,0.830231913,
137.5070812,0.830515648,
137.5426367,0.829380708,
137.5805523,0.834393359,
137.6169195,0.836001191,
137.661649,0.839878902,
137.6939336,0.837325288,
137.7307919,0.834677095,
137.7671998,0.834015046,
137.8026888,0.838933119,
137.8360868,0.831745166,
137.8702596,0.832596371,
137.9030635,0.830799383,
137.9362606,0.82644878,
137.966807,0.826165045,
138.0126647,0.823895166,
138.0501829,0.837798179,
138.092608,0.842527095,
138.1312822,0.852079506,
138.1694671,0.849715047,
138.2028593,0.849431313,
138.2367603,0.844229505,
138.2781492,0.839311432,
138.3087231,0.834771673,
138.3404422,0.82758372,
138.3765027,0.823422274,
138.4149001,0.826732515,
138.4508128,0.825030105,
138.4731235,0.827962033,
138.4930582,0.816045165,
138.5139139,0.806871068,
138.5350399,0.801007212,
138.5559447,0.783415644,
138.5784938,0.776416848,
138.6005844,0.762040943,
138.6259398,0.745395159,
138.6469859,0.731965037,
138.6679036,0.717778289,
138.6879849,0.704064432,
138.709162,0.698862624,
138.7297149,0.690350575,
138.7494615,0.676636719,
138.7695402,0.663868645,
138.7899425,0.645615029,
138.8104615,0.641264427,
138.8326165,0.638143342,
138.8522173,0.624051172,
138.8795071,0.611850569,
138.9001523,0.602392736,
138.9197942,0.594259001,
138.9392748,0.583382494,
138.9594333,0.572127674,
138.9932013,0.558413817,
139.012695,0.550090925,
139.0320776,0.540727671,
139.0549431,0.525405983,
139.0864891,0.511786704,
139.117742,0.497221643,
139.1394036,0.490695739,
139.1736654,0.481899955,
139.2070702,0.472252966,
139.2416646,0.48218369,
139.271612,0.485966823,
139.3096958,0.488804172,
139.3455793,0.498167426,
139.3814857,0.51036803,
139.407143,0.512543331,
139.4295118,0.509989716,
139.4498657,0.501193932,
139.4785924,0.49060116,
139.5110316,0.488993329,
139.5352652,0.500058992,
139.5568804,0.499396944,
139.5768775,0.499396944,
139.5983531,0.499491523,
139.6342255,0.499869836,
139.6643959,0.53628249,
139.6865421,0.545645743,
139.7079815,0.545645743,
139.7294469,0.546875262,
139.7507498,0.543754177,
139.7844847,0.540916827,
139.8154492,0.573924662,
139.8413296,0.583098759,
139.8613186,0.587733097,
139.8838053,0.588205988,
139.9118797,0.592745748,
139.9447332,0.609580689,
139.9694768,0.628401775,
139.9952161,0.634265631,
140.0153226,0.640224065,
140.0369938,0.640413222,
140.0816569,0.645615029,
140.1088492,0.656018645,
140.1316781,0.653181295,
140.1530883,0.654127078,
140.1749236,0.648830692,
140.2090363,0.630009606,
140.2404439,0.632374064,
140.266205,0.632657799,
140.2886004,0.625469847,
140.3094761,0.614782497,
140.3342255,0.610242737,
140.368491,0.591705386,
140.3975509,0.602865628,
140.4193891,0.59709635,
140.4408016,0.584990325,
140.4615285,0.572789722,
140.4892473,0.563521046,
140.52379,0.556427672,
140.5482908,0.565507191,
140.5700533,0.570898155,
140.5919746,0.568912011,
140.6123771,0.565601769,
140.6377938,0.551698756,
140.6722273,0.54810478,
140.7004328,0.562291528,
140.7234511,0.566642131,
140.7441595,0.559643335,
140.7648328,0.556995142,
140.7968959,0.547158997,
140.8327253,0.559832492,
140.8597587,0.572695143,
140.8840747,0.573262613,
140.9040483,0.573830083,
140.9261488,0.562669841,
140.9598473,0.559075865,
141.0022475,0.572411408,
141.0254842,0.568912011,
141.0459284,0.563521046,
141.0684485,0.550942129,
141.0958017,0.534485502,
141.130968,0.5458349,
141.1593208,0.566358396,
141.1923124,0.569668637,
141.2232906,0.573546348,
141.2591837,0.581869241,
141.290954,0.60333852,
141.3260237,0.615255388,
141.3584092,0.628401775,
141.3966882,0.630104185,
141.4257489,0.638048764,
141.4604549,0.64221021,
141.4930266,0.652519247,
141.5204242,0.646371656,
141.5560118,0.645047559,
141.5854017,0.654410813,
141.6077045,0.672191538,
141.6317841,0.660463826,
141.6562138,0.655640331,
141.6831032,0.653181295,
141.7184044,0.659139729,
141.7510536,0.674745152,
141.7820018,0.676920454,
141.8167326,0.672475273,
141.8539306,0.677298767,
141.8910334,0.688364431,
141.929456,0.716548771,
141.9598519,0.734518652,
142.0096169,0.728087326,
142.0388474,0.742463231,
142.0697805,0.746340942,
142.1037197,0.752772268,
142.1303549,0.762702991,
142.1646438,0.76449998,
142.1973828,0.77518733,
142.2304129,0.765540341,
142.2662634,0.775471065,
142.3046544,0.772539137,
142.3405224,0.775849378,
142.375413,0.782469861,
142.41369,0.785780102,
142.4527095,0.793819259,
142.4908563,0.803087935,
142.5280443,0.808668056,
142.5660158,0.813396972,
142.6023593,0.814531912,
142.6380354,0.833352998,
142.675579,0.848390951,
142.7115599,0.86759035,
142.750089,0.879128906,
142.7849963,0.896058425,
142.8223635,0.908542763,
142.8587372,0.908069872,
142.8973444,0.914028306,
142.9313187,0.909772281,
142.9642318,0.904381318,
143.0084339,0.908259029,
143.0399711,0.893126497,
143.0779495,0.893883124,
143.1153381,0.897949991,
143.1515193,0.903719269,
143.1893179,0.905232523,
143.2242179,0.920648788,
143.260294,0.93067409,
143.3066999,0.927080114,
143.3403659,0.923296981,
143.371366,0.92509397,
143.4088327,0.920270475,
143.4398728,0.916487343,
143.4762261,0.914028306,
143.5109631,0.914784933,
143.5440939,0.910812643,
143.579469,0.907502401,
143.6148464,0.898990353,
143.6499297,0.894166858,
143.6849659,0.896436738,
143.7178539,0.896531317,
143.7489677,0.88565481,
143.7818757,0.885749387,
143.8154576,0.882060833,
143.8461242,0.88565481,
143.8866,0.881587942,
143.9192057,0.882628304,
143.9513933,0.876102399,
143.9836081,0.876764447,
144.0086715,0.88054758,
144.041007,0.87714276,
144.0714838,0.880831315,
144.1035243,0.881493363,
144.1397777,0.879034327,
144.1727769,0.874967459,
144.209077,0.869671073,
144.2462244,0.865225892,
144.2815115,0.866077097,
144.3169982,0.871846374,
144.3426755,0.864658422,
144.3773669,0.855957217,
144.4121405,0.861726495,
144.4376987,0.851322879,
144.4711665,0.832596371,
144.503996,0.832596371,
144.540278,0.829380708,
144.5717058,0.828907817,
144.6077598,0.828245768,
144.649102,0.835528299,
144.6847794,0.836946974,
144.7236898,0.837798179,
144.7571821,0.841581312,
144.7938809,0.844702397,
144.8343797,0.847823481,
144.8720579,0.855578904,
144.9073722,0.858983723,
144.9456369,0.86532047,
144.9834208,0.871278905,
145.0200539,0.874589146,
145.0597196,0.880925893,
145.0969451,0.883195773,
145.1375684,0.890478304,
145.1699307,0.897760835,
145.205446,0.895869268,
145.2350817,0.901260233,
145.2707837,0.889721677,
145.305572,0.89236987,
145.3402072,0.890667461,
145.3764102,0.902868064,
145.4133706,0.904948787,
145.4484699,0.919797583,
145.4835561,0.919135536,
145.5168861,0.92339156,
145.550513,0.930201199,
145.5822563,0.943253007,
145.6170744,0.941361441,
145.6619789,0.938240357,
145.698156,0.944198791,
145.7321641,0.941077706,
145.7672773,0.941645176,
145.80198,0.938429513,
145.8392051,0.935875898,
145.8826027,0.941456019,
145.9177324,0.934740959,
145.9524006,0.935308429,
145.9900643,0.935308429,
146.0224505,0.934457223,
146.0536849,0.923202403,
146.0861174,0.918189752,
146.1141438,0.909015655,
146.1498718,0.906651197,
146.1785732,0.91213674,
146.2040057,0.907691559,
146.2387485,0.893221075,
146.2760352,0.889154208,
146.3118011,0.883006617,
146.3428687,0.889437943,
146.3789891,0.893031919,
146.4137534,0.897193365,
146.4461241,0.901354811,
146.4787143,0.889532521,
146.5107405,0.882628304,
146.5348739,0.876291556,
146.567768,0.863428904,
146.6010511,0.865225892,
146.6296288,0.85520059,
146.6625606,0.845175288,
146.6958233,0.846026493,
146.7309294,0.844229505,
146.7664024,0.837892757,
146.7985675,0.839216853,
146.8366512,0.83940601,
146.8712597,0.833258419,
146.9103229,0.82815119,
146.9448914,0.833447576,
146.9793702,0.837419865,
147.0168869,0.841297577,
147.0543248,0.840351794,
147.0901613,0.84110842,
147.1300733,0.851701193,
147.1644762,0.87156264,
147.202101,0.878183122,
147.2372652,0.890572882,
147.277711,0.888586738,
147.3110159,0.887451798,
147.3452804,0.895112642,
147.3780217,0.892748183,
147.4154831,0.897949991,
147.4509452,0.886978906,
147.4900886,0.888303003,
147.5260353,0.894261437,
147.5663432,0.904759631,
147.606983,0.909677703,
147.6472208,0.929822886,
147.6804941,0.949022285,
147.7129801,0.948833128,
147.7447746,0.946941562,
147.7756323,0.951670478,
147.8080487,0.944860839,
147.8449315,0.942969273,
147.882845,0.943915056,
147.9201928,0.950251803,
147.9562576,0.949116864,
147.9913427,0.950630116,
148.0282879,0.950913852,
148.0649863,0.952427104,
148.1036058,0.95441325,
148.140573,0.953845779,
148.1735323,0.956399394,
148.2070744,0.954129514,
148.2405108,0.952994575,
148.2807763,0.928877102,
148.311157,0.928404211,
148.335612,0.918189752,
148.3643918,0.899936136,
148.3975602,0.896436738,
148.430273,0.893031919,
148.4635518,0.88338493,
148.4948043,0.878183122,
148.530789,0.876386134,
148.5626905,0.866077097,
148.6005519,0.860591554,
148.6353867,0.862766856,
148.6680586,0.863239747,
148.695655,0.862293964,
148.7305342,0.856240951,
148.7612538,0.859929506,
148.7914754,0.855106012,
148.825073,0.856713843,
148.8605529,0.848296372,
148.8951971,0.843094564,
148.9304421,0.841202999,
148.962925,0.840068058,
149.0093038,0.830326492,
149.0455667,0.826827094,
149.0799895,0.832312636,
149.1171431,0.827205407,
149.1534909,0.826543359,
149.1911323,0.817936731,
149.2277526,0.821341551,
149.2649621,0.823706009,
149.2998252,0.829002395,
149.3358239,0.833542154,
149.3685026,0.863334326,
149.4022266,0.857943361,
149.437708,0.861915651,
149.4686308,0.870333122,
149.5079801,0.868346976,
149.5405481,0.870049386,
149.5797282,0.876007821,
149.6146483,0.872697579,
149.6540772,0.874305411,
149.6913441,0.881020472,
149.7265578,0.89236987,
149.7628448,0.894734329,
149.7966219,0.89804457,
149.8314954,0.888775894,
149.8698235,0.874967459,
149.9047563,0.882439147,
149.9408023,0.875440351,
149.9741707,0.876480713,
150.0135425,0.878183122,
150.0498854,0.881493363,
150.089682,0.88565481,
150.1276148,0.893410232,
150.1649021,0.888208425,
150.1959395,0.886978906,
150.231236,0.88281746,
150.2669763,0.890383726,
150.3035899,0.892653605,
150.3420209,0.891613244,
150.3813546,0.89577469,
150.4162374,0.896058425,
150.4541749,0.888303003,
150.4843834,0.890762039,
150.5143039,0.890951195,
150.5498398,0.892180714,
150.5796066,0.894545172,
150.6118068,0.899557823,
150.6464906,0.890572882,
150.6805721,0.892180714,
150.716164,0.884236135,
150.7488847,0.884803605,
150.785593,0.883763243,
150.8208895,0.884519869,
150.8551082,0.891140352,
150.891737,0.889532521,
150.9223523,0.900598184,
150.9564517,0.898139148,
150.9894144,0.903246377,
151.0205971,0.890194569,
151.056153,0.88565481,
151.0886478,0.884236135,
151.1269015,0.879318062,
151.1666821,0.876669869,
151.2020425,0.878088544,
151.237914,0.881871676,
151.2765306,0.879507219,
151.3145443,0.878088544,
151.3512976,0.883574086,
151.3871373,0.886600592,
151.4241412,0.891707822,
151.4619482,0.896815052,
151.4986099,0.894261437,
151.5382113,0.90702951,
151.5757805,0.916014451,
151.6070805,0.910812643,
151.6458386,0.91043433,
151.6796438,0.911190956,
151.7145034,0.909677703,
151.7449696,0.909677703,
151.7775906,0.900787341,
151.8148551,0.897477099,
151.8527025,0.901260233,
151.8901071,0.907313245,
151.9266136,0.910339752,
151.9606392,0.916676499,
152.0048983,0.914784933,
152.0350773,0.911947583,
152.0727833,0.892842762,
152.1028273,0.889248785,
152.14103,0.887073484,
152.1748014,0.889059629,
152.2121447,0.891234931,
152.2503842,0.898706618,
152.2894763,0.903246377,
152.326509,0.904097582,
152.3630083,0.904570474,
152.3960974,0.90088192,
152.4333912,0.898328305,
152.4667694,0.894734329,
152.5040647,0.889721677,
152.5395923,0.892464449,
152.5765263,0.882722881,
152.6099145,0.891991557,
152.6476606,0.889816256,
152.6793491,0.888870472,
152.7091115,0.884046978,
152.742061,0.88168252,
152.773171,0.888113846,
152.8104261,0.889721677,
152.8379183,0.888586738,
152.8680825,0.875156616,
152.9118301,0.874210833,
152.9487082,0.879318062,
152.9853245,0.880263845,
153.0210703,0.884803605,
153.0508714,0.887168063,
153.0886679,0.889910834,
153.1241334,0.902962643,
153.1573386,0.897571678,
153.1921089,0.890572882,
153.2232948,0.887073484,
153.2582789,0.886411436,
153.293519,0.877331918,
153.326505,0.879507219,
153.3647107,0.877426496,
153.3976385,0.880642158,
153.435273,0.873359628,
153.4661334,0.877426496,
153.5041228,0.873454206,
153.5387754,0.877331918,
153.5752209,0.873359628,
153.6138939,0.877804809,
153.6494037,0.88168252,
153.6890788,0.883857822,
153.7254521,0.896625894,
153.7627736,0.899463245,
153.8009269,0.906840354,
153.8397699,0.914974089,
153.8867972,0.926796379,
153.9244999,0.925188548,
153.960281,0.931146982,
154.0109228,0.931241561,
154.0446592,0.925945175,
154.0803747,0.926796379,
154.1186466,0.918284331,
154.1561246,0.932281922,
154.1946038,0.947319875,
154.2316079,0.957534334,
154.267103,0.970207829,
154.3010483,0.970396986,
154.3383076,0.970964456,
154.3738302,0.967559636,
154.4053481,0.9651006,
154.4387306,0.954980719,
154.4737023,0.946563249,
154.505146,0.952332526,
154.5396505,0.942401802,
154.5751782,0.947792767,
154.6106628,0.945995779,
154.6464584,0.949778911,
154.6823239,0.953467466,
154.7206904,0.949778911,
154.7546915,0.951954213,
154.7923912,0.947130718,
154.8292034,0.944766261,
154.8670776,0.949684333,
154.9040099,0.951103008,
154.943284,0.954980719,
154.9797447,0.954129514,
155.0180887,0.959804213,
155.0557322,0.96339819,
155.0955134,0.966803009,
155.1347678,0.967086745,
155.1693223,0.967275901,
155.2053927,0.967748793,
155.2407075,0.97068072,
155.2782654,0.968127106,
155.3112129,0.96112831,
155.3493448,0.965951804,
155.3863056,0.96566807,
155.4235973,0.983637951,
155.4621368,0.984110842,
155.4979377,0.987231927,
155.5349618,0.988556023,
155.564979,0.989785541,
155.5996723,0.982692168,
155.6324957,0.985056625,
155.6675506,0.969072889,
155.7019903,0.96623554,
155.7395197,0.965573491,
155.7744328,0.971815661,
155.812455,0.971342769,
155.8538457,0.969451202,
155.8895321,0.971910239,
155.9269536,0.973234335,
155.9631424,0.976733733,
156.0119678,0.977963252,
156.05204,0.97635542,
156.0903161,0.9786253,
156.1294746,0.979571083,
156.1654643,0.983070481,
156.2012722,0.984016264,
156.2333057,0.97635542,
156.268021,0.963019877,
156.3036671,0.963209033,
156.3383228,0.961412046,
156.3726892,0.963681925,
156.4085995,0.966140962,
156.4368043,0.957628912,
156.4718143,0.940604814,
156.5070722,0.939564453,
156.5423386,0.932471079,
156.5763678,0.927553006,
156.6088271,0.931146982,
156.64608,0.931336139,
156.6794073,0.93464638,
156.7149904,0.939280717,
156.7512782,0.942874694,
156.7877588,0.950251803,
156.8233631,0.949589755,
156.8618633,0.94646867,
156.8981179,0.949211442,
156.9321163,0.950724695,
156.9680242,0.951197586,
157.0129046,0.946184936,
157.0465883,0.942212646,
157.0800831,0.930012043,
157.1157158,0.916487343,
157.1508441,0.911474691,
157.1817689,0.898801196,
157.2164178,0.890289147,
157.2484464,0.891991557,
157.2852203,0.882155412,
157.3200842,0.879790954,
157.3591834,0.879790954,
157.3949964,0.881304207,
157.4294026,0.886600592,
157.4686352,0.897477099,
157.4987052,0.900692763,
157.5261304,0.890383726,
157.5661877,0.884519869,
157.6037641,0.88508734,
157.6399215,0.884898183,
157.6743524,0.878750592,
157.7096029,0.876953604,
157.7442827,0.882060833,
157.7799335,0.880263845,
157.815613,0.886222279,
157.8545587,0.884898183,
157.8916278,0.879507219,
157.9283896,0.874021676,
157.9736575,0.876196977,
158.0130783,0.879696375,
158.0477683,0.876102399,
158.0929849,0.879128906,
158.1318453,0.880453002,
158.1694158,0.898139148,
158.2113726,0.916676499,
158.2518575,0.925756018,
158.2899932,0.941361441,
158.3261764,0.942874694,
158.3610582,0.941361441,
158.3951651,0.945333731,
158.4302978,0.943820477,
158.4657573,0.939942766,
158.5021231,0.93578132,
158.5369709,0.942685538,
158.5747867,0.955831924,
158.6082715,0.958574695,
158.6477139,0.982597589,
158.6825324,0.987421084,
158.7202524,0.980800601,
158.7536235,0.978341565,
158.7860065,0.978436143,
158.8196258,0.968978311,
158.8550709,0.965006021,
158.8913706,0.967086745,
158.9270662,0.965384334,
158.9627196,0.968505419,
158.9999551,0.969072889,
159.0357944,0.968316263,
159.0771371,0.969545781,
159.1144204,0.968789155,
159.147945,0.965478913,
159.1860963,0.963587347,
159.220771,0.969356624,
159.2584568,0.973234335,
159.2978969,0.979381926,
159.3363712,0.982597589,
159.3744559,0.982786746,
159.4112869,0.986096987,
159.4496675,0.989501807,
159.4892924,0.991960843,
159.5199433,0.989785541,
159.5527082,0.985718674,
159.5873702,0.983637951,
159.6229106,0.976071685,
159.6563855,0.974274697,
159.6903643,0.96566807,
159.7252715,0.963209033,
159.7639928,0.968410841,
159.8016454,0.973612649,
159.8380924,0.986096987,
159.8779699,0.987704818,
159.9163898,0.987042771,
159.949683,0.984772891,
159.9882864,0.979287348,
160.0241177,0.971531925,
160.0594611,0.959236744,
160.0938234,0.95885843,
160.1291513,0.95999337,
160.1596012,0.960466262,
160.1980002,0.957723491,
160.2347318,0.955075297,
160.2720507,0.958007225,
160.3102523,0.955453611,
160.347615,0.951765057,
160.3860519,0.954129514,
160.4257217,0.956966864,
160.4636435,0.959331322,
160.5015007,0.959236744,
160.5351607,0.957723491,
160.5722412,0.953278309,
160.607584,0.95100843,
160.6631514,0.952048791,
160.6970967,0.952237948,
160.732656,0.954602406,
160.7678697,0.958007225,
160.8030728,0.959331322,
160.8417389,0.953656622,
160.8739999,0.948927706,
160.901749,0.947225297,
160.9352857,0.932471079,
160.9701255,0.932092766,
161.0123653,0.928025897,
161.0493808,0.925566861,
161.0827034,0.928593368,
161.1174018,0.930957826,
161.1526747,0.938240357,
161.1892099,0.942401802,
161.2255799,0.940510236,
161.2633023,0.93691626,
161.3000251,0.93861867,
161.3382694,0.940321079,
161.3743022,0.940226501,
161.4090315,0.943158429,
161.4468306,0.94363132,
161.4801968,0.935308429,
161.5152616,0.929160838,
161.5421318,0.919892162,
161.5761424,0.913933728,
161.6067409,0.91383915,
161.6381307,0.91213674,
161.6720427,0.907975293,
161.6987523,0.907786137,
161.7344643,0.897193365,
161.7672546,0.897571678,
161.7996954,0.890762039,
161.8324793,0.891896979,
161.8680973,0.889154208,
161.9040154,0.894734329,
161.9395907,0.900125292,
161.9706449,0.909393968,
162.0049579,0.905516257,
162.0389765,0.909015655,
162.0675813,0.907313245,
162.0971555,0.900976497,
162.1322185,0.900409028,
162.161121,0.894828907,
162.1952368,0.88565481,
162.2266235,0.884330713,
162.2630104,0.880263845,
162.2916575,0.877048182,
162.3288299,0.879223483,
162.3625395,0.877048182,
162.3970186,0.872508423,
162.421306,0.858510831,
162.4485256,0.843567456,
162.4694694,0.833447576,
162.4971887,0.819733719,
162.5182865,0.804695766,
162.5464065,0.794292151,
162.5672512,0.792400584,
162.5950716,0.779348776,
162.6174926,0.768945161,
162.6454925,0.762040943,
162.6666314,0.757784919,
162.6874374,0.745773472,
162.7146266,0.743598171,
162.7367458,0.740004194,
162.7582994,0.724304193,
162.7874883,0.711346963,
162.8088207,0.711346963,
162.8310469,0.702078287,
162.8558557,0.676069249,
162.8807385,0.676069249,
162.9021709,0.659612621,
162.9268825,0.651100572,
162.9474118,0.642021053,
162.9746834,0.624334907,
162.9983878,0.615349966,
163.019232,0.601825267,
163.0463171,0.585557795,
163.070002,0.570898155,
163.092903,0.562386106,
163.1185104,0.54980719,
163.1430414,0.530796947,
163.1679562,0.524743934,
163.1962682,0.512259596,
163.2192379,0.504787909,
163.2417657,0.498640318,
163.2745467,0.4917361,
163.2990212,0.481805376,
163.3207412,0.458255374,
163.3476898,0.444163204,
163.3702124,0.42638248,
163.3966376,0.421275251,
163.4211585,0.412574045,
163.4457477,0.402359586,
163.4700849,0.392901754,
163.4951245,0.374742716,
163.5196391,0.368595125,
163.5432263,0.362825848,
163.5690769,0.359231872,
163.5934881,0.35819151,
163.6177952,0.354975847,
163.6439301,0.353462594,
163.6660405,0.349963196,
163.6882422,0.348166208,
163.7103931,0.347220425,
163.7329248,0.341734882,
163.7554972,0.336438496,
163.7787095,0.335871026,
163.8016138,0.33284452,
163.8241909,0.32887223,
163.8483663,0.327453556,
163.8704198,0.325089098,
163.8949088,0.324237893,
163.9169914,0.321116808,
163.9384635,0.320549338,
163.9608048,0.316009579,
163.9827795,0.314496325,
164.0055933,0.313834277,
164.0262592,0.312699337,
164.0508064,0.309199939,
164.0781092,0.308254156,
164.100117,0.305133072,
164.1205258,0.304187288,
164.1408664,0.303241505,
164.1610714,0.297945119,
164.1818925,0.297377649,
164.2035283,0.296810179,
164.224376,0.295202348,
164.2454204,0.291324637,
164.2693117,0.290473432,
164.2903099,0.285649937,
164.3118139,0.283380058,
164.3327707,0.281677648,
164.3537591,0.281110178,
164.3747493,0.279502346,
164.3964805,0.276948732,
164.4175385,0.275624635,
164.4385005,0.274962587,
164.4595287,0.270706563,
164.4810549,0.270706563,
164.5021019,0.270611984,
164.522206,0.270328249,
164.5417213,0.270706563,
164.5614838,0.271179454,
164.582748,0.271746924,
164.6024163,0.271746924,
164.6256265,0.272598129,
164.6460703,0.272881864,
164.6662276,0.272976442,
164.6867309,0.273071021,
164.7070109,0.273071021,
164.7271831,0.273165599,
164.7543231,0.273165599,
164.7776917,0.273827647,
164.8007598,0.274584274,
164.8238085,0.274678852,
164.8492671,0.274678852,
164.8725809,0.274584274,
164.8958507,0.274678852,
164.9168133,0.27477343,
164.939695,0.274868009,
164.9632639,0.27477343,
164.9867879,0.274395117,
165.0098081,0.274395117,
165.0305502,0.274584274,
165.0507062,0.275246322,
165.0765464,0.275624635,
165.0999327,0.276002949,
165.1197204,0.276192105,
165.1419967,0.27590837,
165.1658276,0.275719214,
165.189127,0.275435479,
165.2122955,0.2753409,
165.2356462,0.2753409,
165.2595489,0.275057165,
165.2839655,0.275151744,
165.3042588,0.275151744,
165.3247063,0.275151744,
165.3450371,0.275246322,
165.3651548,0.2753409,
165.3854742,0.2753409,
165.4055351,0.2753409,
165.4258264,0.275151744,
165.446047,0.275057165,
165.466001,0.274962587,
165.4862354,0.275151744,
165.5066077,0.275151744,
165.5266266,0.274962587,
165.5466246,0.274489695,
165.5666491,0.273733069,
165.5867337,0.273449334,
165.6072185,0.273449334,
165.6299553,0.272503551,
165.6502027,0.271841502,
165.6701916,0.271652346,
165.6902887,0.271179454,
165.7099477,0.270611984,
165.7299837,0.270611984,
165.7504358,0.270422828,
165.7699065,0.270328249,
165.790249,0.269571623,
165.810417,0.269382466,
165.8299147,0.269382466,
165.8500316,0.269382466,
165.8710581,0.268814996,
165.8965864,0.268909575,
165.9162557,0.268909575,
165.936628,0.268909575,
165.9567495,0.268909575,
165.9775208,0.268909575,
165.9992598,0.268909575,
166.0194627,0.26862584,
166.039056,0.268152948,
166.0663993,0.268152948,
166.0900337,0.268814996,
166.1104262,0.268720418,
166.1390212,0.268720418,
166.1707375,0.276192105,
166.2021951,0.283663793,
166.2265104,0.289054757,
166.2491419,0.291419215,
166.2726969,0.292743312,
166.298854,0.293121625,
166.3210887,0.293310781,
166.344024,0.293594516,
166.3690766,0.293689095,
166.3926696,0.294067408,
166.416042,0.294729456,
166.4371855,0.29510777,
166.4581252,0.29567524,
166.4784311,0.29567524,
166.4993087,0.295769818,
166.5267241,0.29567524,
166.5598266,0.307875843,
166.5952672,0.330669219,
166.6353126,0.344477653,
166.6717373,0.379471632,
166.7182633,0.412101153,
166.7558293,0.431300553,
166.7938044,0.451351157,
166.8280556,0.468848146,
166.8687423,0.50299092,
166.9134424,0.526162609,
166.9512643,0.557278877,
166.9860334,0.575532493,
167.0232123,0.603527676,
167.0630289,0.623767437,
167.1017861,0.654316235,
167.1397093,0.673704791,
167.1775575,0.702740336,
167.214107,0.714751782,
167.2487439,0.724871663,
167.282318,0.743409014,
167.3079545,0.749745761,
167.3335264,0.747759617,
167.3654515,0.744543954,
167.3998894,0.762892148,
167.4242487,0.772066245,
167.4610945,0.785590945,
167.4962612,0.810748779,
167.5319312,0.833258419,
167.5690851,0.852741553,
167.6077895,0.861631916,
167.6442531,0.872319266,
167.6812004,0.875724085,
167.7162852,0.873643363,
167.7538378,0.870616856,
167.7878153,0.873075893,
167.8235337,0.870143965,
167.8534681,0.862577699,
167.8865148,0.85236324,
167.9176552,0.848769264,
167.9544157,0.848390951,
167.9945432,0.851322879,
168.0344773,0.851228301,
168.0736348,0.860780711,
168.1120078,0.863523482,
168.1520638,0.86872529,
168.1927183,0.868630712,
168.2332515,0.875062038,
168.2662037,0.874210833,
168.3041776,0.868252399,
168.3443526,0.887073484,
168.3830555,0.891424087,
168.4240947,0.901354811,
168.4623354,0.916014451,
168.5004452,0.927269271,
168.5358046,0.933227705,
168.5662918,0.938807826,
168.6044258,0.934457223,
168.6410398,0.935403006,
168.677855,0.936443368,
168.7153667,0.933606018,
168.7500959,0.9323765,
168.7877289,0.925377704,
168.8255397,0.927742163,
168.8633764,0.929633729,
168.9020855,0.937199995,
168.9387475,0.942685538,
168.9744441,0.948454815,
169.0120254,0.949495177,
169.046156,0.942590959,
169.0870452,0.939469875,
169.1236535,0.93748373,
169.1607533,0.935024693,
169.1979869,0.934457223,
169.2342945,0.932754813,
169.271362,0.929444572,
169.3112507,0.93407891,
169.3488673,0.926796379,
169.3851246,0.926134332,
169.4212725,0.92339156,
169.4582165,0.922918668,
169.4973184,0.915541559,
169.5357624,0.916298186,
169.5738717,0.91714939,
169.6116835,0.921310837,
169.6467019,0.918189752,
169.6852893,0.917716861,
169.7260168,0.923202403,
169.7679426,0.930012043,
169.8072815,0.932754813,
169.8486582,0.939564453,
169.8880251,0.940415658,
169.9280591,0.936537947,
169.9683643,0.939280717,
170.0126097,0.941645176,
170.053627,0.945522887,
170.0934909,0.94987349,
170.1339666,0.953656622,
170.1722882,0.958007225,
170.2091652,0.955926502,
170.2471376,0.947792767,
170.2817099,0.947698188,
170.3144062,0.945522887,
170.3509153,0.947319875,
170.387713,0.942969273,
170.4278531,0.942685538,
170.4647226,0.941928911,
170.5021578,0.936254211,
170.537419,0.93521385,
170.5733423,0.937956621,
170.6081878,0.940699393,
170.6462742,0.942590959,
170.6846989,0.938996983,
170.7200659,0.93521385,
170.7581113,0.935308429,
170.7938916,0.93691626,
170.8343488,0.938902404,
170.8700891,0.937389152,
170.9056812,0.935024693,
170.939545,0.931336139,
170.9739438,0.920837945,
171.0125137,0.916960234,
171.0461739,0.914690354,
171.084701,0.91213674,
171.1198362,0.909204812,
171.158047,0.907880715,
171.1910113,0.901543967,
171.2255002,0.897571678,
171.2624105,0.896815052,
171.3106554,0.903435534,
171.3402846,0.901354811,
171.3764466,0.894166858,
171.4151479,0.892842762,
171.452992,0.89520722,
171.4921191,0.899463245,
171.5300559,0.900030715,
171.5642527,0.89520722,
171.5986135,0.891045774,
171.6341559,0.887262641,
171.6670035,0.879885532,
171.7037085,0.875251194,
171.7388742,0.875156616,
171.7736746,0.870616856,
171.8079392,0.865982519,
171.8407284,0.863807217,
171.8735794,0.850755409,
171.9074,0.848296372,
171.9413056,0.848296372,
171.9769202,0.853309024,
172.0165001,0.853025289,
172.0501311,0.853592758,
172.0851642,0.854538542,
172.1170342,0.847634324,
172.1543424,0.849620469,
172.1872584,0.851322879,
172.2131815,0.84281083,
172.2452867,0.837703601,
172.2774338,0.832218058,
172.3121234,0.830799383,
172.3447449,0.827962033,
172.3784208,0.832974685,
172.4164989,0.83382589,
172.4588567,0.833258419,
172.4969949,0.845931915,
172.5363524,0.847823481,
172.5722613,0.852646975,
172.6116223,0.854349385,
172.642764,0.85009336,
172.6770847,0.853971071,
172.7074583,0.852646975,
172.7394696,0.847918059,
172.7727696,0.845175288,
172.8107197,0.846972276,
172.8544948,0.854916855,
172.8903255,0.854822276,
172.9279581,0.859740349,
172.9665893,0.859267458,
172.9989874,0.859740349,
173.0304636,0.857943361,
173.0632106,0.851133722,
173.0947595,0.854727699,
173.1270461,0.852741553,
173.15754,0.853214445,
173.1908452,0.841581312,
173.2150015,0.839689745,
173.2500155,0.840351794,
173.2848043,0.84281083,
173.3212229,0.849998782,
173.3601297,0.857565048,
173.398086,0.863428904,
173.4369918,0.864374687,
173.4671479,0.863523482,
173.5013035,0.850282517,
173.5346577,0.843472878,
173.5716299,0.839500589,
173.6079153,0.83997348,
173.6420326,0.838649384,
173.676065,0.834109624,
173.7088536,0.835055408,
173.7443844,0.837230709,
173.7778001,0.841013842,
173.8143186,0.843756613,
173.8534728,0.847256011,
173.8917658,0.849998782,
173.9244833,0.841770468,
173.9567385,0.838743962,
173.9909157,0.840635528,
174.0258948,0.83382589,
174.0562551,0.835717455,
174.100459,0.828434925,
174.1368727,0.822949382,
174.1619372,0.816990948,
174.1957325,0.817747575,
174.2302903,0.815383117,
174.2678587,0.822949382,
174.3042284,0.829569865,
174.3432646,0.839878902,
174.3836886,0.843851192,
174.4173188,0.835055408,
174.4537101,0.83155601,
174.4805367,0.831839744,
174.5160638,0.827678298,
174.5518932,0.828245768,
174.5870778,0.830326492,
174.6204833,0.828907817,
174.6583602,0.830610226,
174.6917384,0.830799383,
174.7248847,0.83155601,
174.7622159,0.837703601,
174.7990573,0.845837336,
174.836598,0.848674686,
174.8691845,0.843851192,
174.9083048,0.83997348,
174.9434689,0.839878902,
174.9764182,0.842621673,
175.0133095,0.848674686,
175.0441092,0.843567456,
175.07811,0.845742758,
175.1110802,0.842432517,
175.1503386,0.844229505,
175.1884191,0.856713843,
175.2264119,0.86702288,
175.2675001,0.874872881,
175.3063917,0.879696375,
175.3430427,0.877993965,
175.3805815,0.874210833,
175.4168078,0.873265049,
175.4496179,0.872792158,
175.4856006,0.864185531,
175.5186584,0.870143965,
175.5555214,0.87383252,
175.5947978,0.872886736,
175.621866,0.868630712,
175.6429546,0.857470469,
175.6638881,0.84281083,
175.6853841,0.826827094,
175.7068495,0.826827094,
175.7274542,0.815288538,
175.7487836,0.798737332,
175.7695294,0.780578294,
175.7914189,0.766202389,
175.8116677,0.760054799,
175.8322678,0.754569256,
175.8527777,0.743030701,
175.8733248,0.733194555,
175.9006383,0.716454192,
175.9220743,0.698578889,
175.9422887,0.683540936,
175.9622916,0.663868645,
175.9830251,0.652424668,
176.0049029,0.652424668,
176.02639,0.6405078,
176.0467784,0.62811804,
176.0687691,0.617903581,
176.0885891,0.601919845,
176.108611,0.601919845,
176.1286176,0.590097555,
176.1482963,0.582625867,
176.1678532,0.568155384,
176.1878545,0.550185503,
176.2073854,0.550185503,
176.226905,0.528716224,
176.2556668,0.515758994,
176.2916021,0.500437306,
176.3195876,0.495897546,
176.3553037,0.487007184,
176.3866756,0.494195136,
176.4220557,0.49003369,
176.4541606,0.49627586,
176.4896638,0.49514092,
176.5245959,0.510935499,
176.5578972,0.507625258,
176.5854071,0.515286102,
176.6150192,0.509516825,
176.6590698,0.528527067,
176.6822504,0.529851164,
176.703725,0.527770441,
176.7244792,0.523608995,
176.746261,0.523987308,
176.7822068,0.523892729,
176.8141875,0.552739118,
176.8421012,0.564939721,
176.8631727,0.566831288,
176.890196,0.567587914,
176.9248784,0.576762011,
176.9553705,0.594731892,
176.9783316,0.607689122,
177.0016785,0.611472255,
177.0214583,0.615539123,
177.0465887,0.611377677,
177.0827525,0.618849364,
177.1109924,0.637765029,
177.1359754,0.645236716,
177.1579228,0.65346503,
177.179262,0.65346503,
177.2132527,0.643628885,
177.2453589,0.683730093,
177.2684238,0.689783106,
177.2911298,0.689688527,
177.3122493,0.689593949,
177.3388184,0.681554792,
177.3723063,0.684770454,
177.399647,0.685621659,
177.4215102,0.675407201,
177.4419123,0.658288525,
177.4619838,0.638332499,
177.4907383,0.619227678,
177.5247747,0.621875871,
177.5532618,0.624240329,
177.5758381,0.616579485,
177.5967174,0.606648761,
177.6175424,0.595204784,
177.6614421,0.573735505,
177.6915245,0.586692735,
177.7141299,0.588489723,
177.7358186,0.583098759,
177.7568598,0.568628276,
177.8185815,0.573262613,
177.847231,0.579031891,
177.8680484,0.588205988,
177.893081,0.581207192,
177.9157144,0.565412613,
177.9514569,0.563521046,
177.9804475,0.573168035,
178.0011219,0.59038129,
178.0226887,0.582531289,
178.042545,0.575343336,
178.069974,0.567493336,
178.1050195,0.566547553,
178.1328793,0.582247554,
178.154466,0.59094876,
178.1749337,0.588489723,
178.1951992,0.582815024,
178.2168958,0.57174936,
178.2488069,0.56049454,
178.2852616,0.566452974,
178.3083323,0.576383698,
178.3426483,0.567209601,
178.375201,0.581490927,
178.411989,0.575627071,
178.4435313,0.609959002,
178.4813716,0.61572828,
178.5162395,0.623862015,
178.5511233,0.627266835,
178.5884333,0.644858403,
178.6219979,0.673610213,
178.6528796,0.673610213,
178.6894258,0.671340333,
178.7193488,0.680325273,
178.7461369,0.680041538,
178.7816128,0.671434911,
178.8148876,0.674650574,
178.849224,0.670867441,
178.8734102,0.671434911,
178.8981788,0.676825876,
178.9264639,0.673421056,
178.9603308,0.674272261,
178.99089,0.680892743,
179.0266603,0.690445154,
179.0630653,0.711819854,
179.0986358,0.727709013,
179.1345591,0.739058411,
179.1685543,0.763554196,
179.2027587,0.755231304,
179.2350668,0.756177087,
179.2658845,0.753907208,
179.3095447,0.755798774,
179.3415685,0.790319861,
179.3751717,0.782186126,
179.4042787,0.788995765,
179.4408993,0.777740945,
179.4745341,0.784172271,
179.5120873,0.778213836,
179.549681,0.783793957,
179.5851181,0.784928897,
179.6242058,0.797413236,
179.6607031,0.804884923,
179.6970447,0.809802996,
179.7371673,0.814248177,
179.772475,0.835055408,
179.8092784,0.839216853,
179.8475544,0.857186735,
179.8852695,0.869954809,
179.9202326,0.885749387,
179.9584362,0.910339752,
179.9936113,0.918378908,
180.0333091,0.927931319,
180.0728465,0.919892162,
180.1073744,0.9188518,
180.1398803,0.91440662,
180.1742302,0.899746979,
180.2085066,0.898328305,
180.2413245,0.895963847,
180.2793353,0.902678907,
180.3173148,0.923580716,
180.3529408,0.924053608,
180.3882711,0.934551802,
180.423999,0.954318671,
180.4573143,0.953845779,
180.4884285,0.95044096,
180.523902,0.950724695,
180.5580977,0.946279513,
180.5938669,0.939942766,
180.6258537,0.927647584,
180.6625802,0.922445777,
180.6946659,0.918378908,
180.7309081,0.917811439,
180.7690602,0.923296981,
180.8043265,0.925756018,
180.8414021,0.921027101,
180.8761796,0.916581921,
180.9076602,0.914122884,
180.943339,0.912609632,
180.9744474,0.913649992,
181.0130381,0.908921077,
181.0441153,0.904381318,
181.0801331,0.903435534,
181.1081888,0.907975293,
181.1461599,0.900125292,
181.1759157,0.906178305,
181.2036455,0.89917951,
181.2385056,0.895585534,
181.2726669,0.900503606,
181.3073689,0.888775894,
181.3418083,0.88565481,
181.3818532,0.87884517,
181.4178695,0.877426496,
181.4498895,0.879318062,
181.4840519,0.879980111,
181.5174319,0.875345772,
181.5443519,0.865698783,
181.5809962,0.859456615,
181.6113899,0.862388542,
181.6432085,0.852552397,
181.6778363,0.847066854,
181.711842,0.844607818,
181.7465537,0.842148782,
181.7793695,0.840257215,
181.8157328,0.834582516,
181.857828,0.833542154,
181.8939888,0.835055408,
181.9295166,0.840919263,
181.9685018,0.841202999,
182.0041995,0.842337938,
182.0431589,0.845742758,
182.0831224,0.851133722,
182.1198104,0.861631916,
182.1560813,0.869387338,
182.1940296,0.875440351,
182.2322304,0.884519869,
182.2702167,0.881966255,
182.3041396,0.884709027,
182.3374269,0.884898183,
182.3700562,0.881966255,
182.4041373,0.887830111,
182.4365023,0.889721677,
182.4711465,0.890951195,
182.5062423,0.896247581,
182.5430233,0.894356016,
182.5805598,0.906178305,
182.6155859,0.910812643,
182.6440167,0.910150595,
182.6740384,0.9053271,
182.7101191,0.897855413,
182.7429026,0.913460836,
182.7768593,0.925566861,
182.8097221,0.923202403,
182.8407915,0.930012043,
182.8761696,0.924715657,
182.9099229,0.92566144,
182.9461581,0.923107825,
182.9826283,0.923486139,
183.0184226,0.920175897,
183.0547386,0.919040957,
183.0931262,0.921405415,
183.1269792,0.91941927,
183.164108,0.917433126,
183.1915071,0.912231318,
183.2265626,0.905232523,
183.2575377,0.904665052,
183.2940328,0.890194569,
183.3247797,0.892275292,
183.3558001,0.89009999,
183.3913395,0.885465653,
183.4216029,0.880169267,
183.4579622,0.87156264,
183.4933557,0.862483121,
183.5300327,0.863334326,
183.5683206,0.868914447,
183.6016354,0.875062038,
183.6370007,0.862010229,
183.6718017,0.866928302,
183.6976297,0.862199386,
183.7258223,0.848863842,
183.7584033,0.843094564,
183.7923113,0.849620469,
183.8280592,0.845742758,
183.8699476,0.84110842,
183.9130738,0.839784324,
183.9491808,0.845931915,
183.9855568,0.847445167,
184.021317,0.851133722,
184.0598096,0.850944565,
184.0972464,0.84735059,
184.134312,0.849431313,
184.1738544,0.848958421,
184.2102498,0.847066854,
184.2493629,0.863050591,
184.2890184,0.862199386,
184.3255437,0.865982519,
184.3649592,0.874967459,
184.398162,0.893126497,
184.4337963,0.894261437,
184.4704886,0.901165654,
184.5076715,0.9053271,
184.5412293,0.902678907,
184.5754512,0.903719269,
184.6120546,0.90816445,
184.6620409,0.915257825,
184.7010201,0.915068668,
184.737431,0.929917464,
184.7753771,0.929349994,
184.8114083,0.941456019,
184.8472519,0.963303611,
184.8840214,0.966992166,
184.9359245,0.961222889,
184.9703052,0.966519275,
185.0099868,0.970964456,
185.048829,0.973045179,
185.0875365,0.973518071,
185.1255782,0.974463854,
185.1641699,0.972193974,
185.2014687,0.972666866,
185.2368035,0.971342769,
185.2726551,0.972099395,
185.310754,0.971342769,
185.3453625,0.976828311,
185.3804607,0.980516866,
185.4104689,0.979949396,
185.4430908,0.972477709,
185.4706395,0.968032527,
185.4938511,0.95715602,
185.5266795,0.950630116,
185.5582316,0.947887346,
185.5902537,0.937672886,
185.6246052,0.939091561,
185.662536,0.931525295,
185.6970929,0.929160838,
185.7344148,0.930012043,
185.7674864,0.928025897,
185.8050219,0.918946379,
185.8319005,0.918473487,
185.8692352,0.902111438,
185.905415,0.906462041,
185.9320983,0.894923485,
185.9651417,0.874021676,
185.9971187,0.874683724,
186.0350377,0.870522278,
186.065789,0.861821072,
186.1052659,0.858794566,
186.1466966,0.857281313,
186.1813815,0.856713843,
186.2152815,0.854822276,
186.2526731,0.850566252,
186.2893509,0.851606614,
186.3288527,0.845364444,
186.3672395,0.84735059,
186.4036134,0.848012637,
186.4407468,0.85520059,
186.4798412,0.856430108,
186.5145978,0.863901796,
186.5516821,0.863901796,
186.5831898,0.86588794,
186.6189927,0.871278905,
186.6618637,0.871468061,
186.6975377,0.866455411,
186.7283546,0.865509627,
186.7644758,0.871940953,
186.7994599,0.876669869,
186.836293,0.876859026,
186.880958,0.88338493,
186.911918,0.890383726,
186.9459545,0.890856618,
186.978553,0.898422883,
187.0138728,0.898233727,
187.0515248,0.906462041,
187.0858336,0.910812643,
187.119907,0.911663848,
187.1519465,0.909110234,
187.1874828,0.907218667,
187.2213247,0.906272883,
187.2567314,0.910245173,
187.294362,0.909110234,
187.3274508,0.905232523,
187.3629055,0.900219871,
187.4008429,0.898233727,
187.4389423,0.903057221,
187.4763353,0.903813847,
187.5131268,0.904097582,
187.552925,0.906745775,
187.5907246,0.910056017,
187.6298832,0.917716861,
187.6590994,0.918568065,
187.693052,0.919324692,
187.7306396,0.920270475,
187.7670798,0.920081319,
187.7992801,0.919892162,
187.8343765,0.918568065,
187.8662219,0.92339156,
187.9069952,0.924242765,
187.9411104,0.921310837,
187.9740039,0.914784933,
188.0039729,0.914690354,
188.0388238,0.909772281,
188.0696511,0.913271679,
188.1075187,0.912042161,
188.1459203,0.910528908,
188.1783399,0.915352402,
188.2117909,0.911853004,
188.2447356,0.911001799,
188.2826395,0.909110234,
188.3197626,0.915825294,
188.3541164,0.919703005,
188.3923938,0.920175897,
188.4278414,0.916771077,
188.4650693,0.923013247,
188.5035138,0.922067463,
188.5425225,0.922162042,
188.5780385,0.918568065,
188.6143354,0.918378908,
188.6613795,0.912325896,
188.6989716,0.915352402,
188.7357,0.91383915,
188.7657453,0.92282409,
188.8022634,0.924621078,
188.8366744,0.925850596,
188.8725455,0.927931319,
188.9078634,0.931336139,
188.9465022,0.945712044,
188.9829372,0.945995779,
189.0107443,0.948643972,
189.041867,0.946941562,
189.0782496,0.939469875,
189.1131407,0.939091561,
189.1500172,0.936632525,
189.1783966,0.938713248,
189.2139414,0.950062647,
189.250049,0.953089153,
189.2838619,0.95999337,
189.3216685,0.969451202,
189.358067,0.971437347,
189.3923962,0.978057829,
189.4279722,0.974463854,
189.4631132,0.97578795,
189.4978095,0.977868673,
189.5325757,0.970113251,
189.5678564,0.970113251,
189.6015296,0.959709635,
189.6391345,0.958196382,
189.666527,0.950913852,
189.6996891,0.93464638,
189.7335428,0.935024693,
189.7731867,0.924621078,
189.8084557,0.92566144,
189.8424574,0.922162042,
189.8819447,0.909488547,
189.9344645,0.907407824,
189.9744704,0.905043365,
190.0068713,0.905799992,
190.0337103,0.902584329,
190.0658306,0.88735722,
190.1002966,0.886695171,
190.130592,0.889343364,
190.1753815,0.870522278,
190.2028208,0.871751796,
190.2392177,0.871751796,
190.2728307,0.872413845,
190.3090459,0.870049386,
190.3438807,0.866549989,
190.3784691,0.858794566,
190.4147365,0.858132518,
190.4455589,0.856619265,
190.4823327,0.848485529,
190.5154481,0.845837336,
190.5520689,0.848958421,
190.5898617,0.850187939,
190.6264059,0.862956013,
190.6635542,0.864280109,
190.6994022,0.875345772,
190.7368769,0.874494567,
190.7760798,0.890478304,
190.8134171,0.900409028,
190.8498109,0.906745775,
190.8887483,0.917622282,
190.9256439,0.912042161,
190.9618918,0.919230114,
190.9985796,0.919135536,
191.0348885,0.921878306,
191.0711486,0.923013247,
191.106165,0.921878306,
191.1478207,0.929160838,
191.1856402,0.966897588,
191.2232584,0.974180118,
191.2629133,0.976639155,
191.2993408,0.973234335,
191.3334067,0.976071685,
191.3636071,0.97408554,
191.3982001,0.968789155,
191.4339448,0.966140962,
191.4689887,0.969167468,
191.5063629,0.968127106,
191.542507,0.974274697,
191.5801986,0.978814457,
191.6151254,0.978814457,
191.663374,0.979287348,
191.6972289,0.98089518,
191.7333569,0.9786253,
191.7699356,0.982597589,
191.8064018,0.984678312,
191.8430311,0.983354216,
191.8803453,0.985245782,
191.9297424,0.983354216,
191.9686382,0.983637951,
192.006359,0.9864753,
192.0436208,0.990258433,
192.0825593,0.992055421,
192.1199846,0.990825903,
192.1569247,0.989407228,
192.190558,0.983827107,
192.2238692,0.97919277,
192.2576426,0.975409636,
192.3084858,0.975977107,
192.3483065,0.981462649,
192.3860968,0.981935541,
192.4249534,0.987042771,
192.4632333,0.986759035,
192.5013203,0.984489156,
192.536551,0.983637951,
192.5714979,0.97692289,
192.6063019,0.972761444,
192.6419369,0.971626504,
192.6772022,0.975882528,
192.7131279,0.977017468,
192.7514629,0.973139757,
192.7897223,0.975315059,
192.8262218,0.97749036,
192.8637316,0.973139757,
192.9063822,0.969356624,
192.9426287,0.972666866,
192.9814485,0.973896384,
193.0235674,0.976260841,
193.0549079,0.975598793,
193.0904389,0.964533129,
193.1241929,0.960844575,
193.1598538,0.963019877,
193.1974275,0.961033732,
193.2318495,0.959520479,
193.2676597,0.958196382,
193.30684,0.957628912,
193.3408194,0.960844575,
193.3774206,0.953278309,
193.4049955,0.955169876,
193.4329689,0.941266863,
193.4686559,0.927080114,
193.5026814,0.928215054,
193.5399087,0.926985536,
193.5758056,0.928215054,
193.6130551,0.928498789,
193.661738,0.922918668,
193.6972397,0.920459632,
193.7336109,0.922351198,
193.7739253,0.924337343,
193.8112287,0.928120476,
193.8497008,0.928215054,
193.8877167,0.931430717,
193.940777,0.929822886,
193.9809296,0.927269271,
194.0217852,0.925566861,
194.0576578,0.919703005,
194.0915033,0.92168915,
194.1279429,0.914122884,
194.1600559,0.920270475,
194.1918128,0.91714939,
194.2260113,0.918946379,
194.2580337,0.916392764,
194.2890403,0.907691559,
194.3248949,0.900219871,
194.3602491,0.905799992,
194.3974375,0.911285535,
194.4340259,0.926134332,
194.4633084,0.935686742,
194.5000413,0.926323488,
194.5328258,0.927553006,
194.561143,0.917906017,
194.5950498,0.913460836,
194.62536,0.923769873,
194.6656884,0.916581921,
194.699394,0.919892162,
194.7363368,0.92282409,
194.7760483,0.92055421,
194.8101056,0.915825294,
194.8482334,0.905421679,
194.8849903,0.904192161,
194.931905,0.89861204,
194.9701214,0.899841558,
195.0075085,0.898233727,
195.0428788,0.899652401,
195.079485,0.906083727,
195.1146183,0.913271679,
195.1529314,0.920837945,
195.1906083,0.923864452,
195.2294499,0.935592163,
195.2670299,0.940793971,
195.3084305,0.94930602,
195.3449787,0.945712044,
195.3793929,0.940983128,
195.4134801,0.948927706,
195.4470739,0.941077706,
195.4807912,0.941077706,
195.5157977,0.947509032,
195.5516237,0.948360237,
195.5882947,0.962074093,
195.6244235,0.971721082,
195.6647472,0.979949396,
195.7013068,0.989974698,
195.7371474,0.982975902,
195.7734181,0.982692168,
195.8065264,0.980233131,
195.8400398,0.973328913,
195.8764636,0.968505419,
195.9088595,0.968789155,
195.9452886,0.973518071,
195.9833671,0.971531925,
196.0231163,0.96793795,
196.060751,0.969924094,
196.0960352,0.970586142,
196.1336076,0.971626504,
196.1729134,0.972288553,
196.2090712,0.972666866,
196.2461602,0.972099395,
196.2818162,0.973328913,
196.319296,0.975409636,
196.3602366,0.985151204,
196.3975758,0.991109638,
196.4338322,0.994230723,
196.4730767,0.994041566,
196.5084114,0.99271747,
196.5432723,0.994798193,
196.5789613,0.991204216,
196.6154858,0.987988554,
196.6621123,0.976449998,
196.6951623,0.972477709,
196.7319747,0.970113251,
196.7701731,0.977679516,
196.8061829,0.980233131,
196.8428052,0.985813252,
196.8834501,0.990258433,
196.9317701,0.991393373,
196.9663539,0.9786253,
196.9945591,0.978909034,
197.0268224,0.973139757,
197.0567237,0.968694576,
197.0849948,0.968032527,
197.1197545,0.958953009,
197.1545842,0.962452407,
197.1910298,0.960844575,
197.227443,0.963587347,
197.2663548,0.962641564,
197.3038457,0.96339819,
197.3411132,0.963303611,
197.3798792,0.962736142,
197.4168324,0.960655418,
197.4540833,0.963776503,
197.4940301,0.959142166,
197.5317502,0.958669274,
197.5671786,0.959898792,
197.6024994,0.95885843,
197.6411988,0.952994575,
197.6761101,0.958290961,
197.7133823,0.958953009,
197.7434824,0.962546985,
197.7789761,0.956399394,
197.8105402,0.959142166,
197.8371588,0.944009634,
197.8823402,0.927269271,
197.9190207,0.923580716,
197.951709,0.916109029,
197.9884477,0.912704209,
198.0252756,0.913649992,
198.0604013,0.920270475,
198.1000542,0.923107825,
198.1355629,0.930295777,
198.1687197,0.933133127,
198.2074933,0.931525295,
198.2425895,0.932849392,
198.278241,0.933700597,
198.3169348,0.928687946,
198.3532342,0.925472283,
198.392184,0.926607223,
198.4288746,0.92339156,
198.4596805,0.917243969,
198.495954,0.912987945,
198.5260391,0.910623486,
198.5624314,0.898422883,
198.5953482,0.895869268,
198.6294642,0.887168063,
198.6654967,0.86702288,
198.6987908,0.864469265,
198.7375639,0.862956013,
198.7708407,0.873643363,
198.8094827,0.874967459,
198.8451887,0.886316858,
198.8804084,0.893031919,
198.9087055,0.891234931,
198.9428383,0.888397581,
198.9724239,0.893883124,
199.0004631,0.889910834,
199.033016,0.883857822,
199.063037,0.886222279,
199.1001639,0.877804809,
199.1342678,0.877710231,
199.1687283,0.883479509,
199.2013189,0.889816256,
199.2369558,0.894450593,
199.271538,0.885938545,
199.3071354,0.890289147,
199.3312077,0.877993965,
199.3547427,0.868441555,
199.3748262,0.852930711,
199.4017649,0.835339142,
199.4225756,0.818220466,
199.4497625,0.797791549,
199.4715339,0.793819259,
199.4970751,0.782280704,
199.5180371,0.769607209,
199.5386671,0.76336504,
199.5638237,0.755798774,
199.5852035,0.745016845,
199.6133006,0.741801182,
199.6372795,0.737639736,
199.6577114,0.723831301,
199.6843782,0.712954794,
199.7057032,0.712954794,
199.7271466,0.700375878,
199.7523435,0.695930696,
199.7744098,0.689688527,
199.7968626,0.675312622,
199.8230745,0.663017441,
199.8443855,0.647412017,
199.868567,0.632657799,
199.9006002,0.609675267,
199.9213995,0.599271652,
199.9424813,0.592745748,
199.9668538,0.567020444,
199.9892369,0.556995142,
200.0176389,0.555387311,
200.0395492,0.54356502,
200.0618057,0.538268634,
200.0926877,0.533066827,
200.1137299,0.525405983,
200.1362444,0.513583692,
200.1709425,0.480197545,
200.1936976,0.473482484,
200.22018,0.457309591,
200.2443217,0.455985495,
200.2727522,0.442366216,
200.2987799,0.420707781,
200.3242929,0.410966213,
200.3488125,0.393185489,
200.3730213,0.385713802,
200.3978348,0.375499343,
200.4215187,0.366419824,
200.4457619,0.363204161,
200.4702695,0.357907775,
200.4944028,0.356394522,
200.5182293,0.354124642,
200.5418821,0.352705967,
200.5651033,0.350057774,
200.5893181,0.34750416,
200.61148,0.343437292,
200.6335471,0.340032472,
200.6560366,0.335776448,
200.6779525,0.335776448,
200.6997697,0.334074038,
200.7218774,0.332371628,
200.743921,0.32830476,
200.7658614,0.324143314,
200.7881988,0.319603555,
200.810044,0.319603555,
200.8324302,0.318846928,
200.8571252,0.315252952,
200.8784124,0.315252952,
200.9045146,0.314496325,
200.9298876,0.310429458,
200.956571,0.307970421,
200.9783105,0.30636259,
200.9996355,0.305416807,
201.020255,0.304281867,
201.0398107,0.299647529,
201.0601055,0.298228854,
201.0836154,0.295769818,
201.1050262,0.295769818,
201.1265715,0.294161986,
201.1500077,0.292554155,
201.1709075,0.291608372,
201.1920881,0.288203552,
201.2129857,0.285933672,
201.2340877,0.281110178,
201.2557409,0.277327045,
201.2766932,0.277327045,
201.2975181,0.276759575,
201.3183976,0.276002949,
201.3393905,0.274868009,
201.3599517,0.273543912,
201.3802537,0.273165599,
201.3998213,0.270611984,
201.4193242,0.270801141,
201.4388575,0.270801141,
201.4584215,0.270895719,
201.4779215,0.270611984,
201.4980903,0.270611984,
201.5182814,0.270706563,
201.5386159,0.270801141,
201.5588164,0.270895719,
201.5789665,0.270895719,
201.5990818,0.270895719,
201.6236073,0.270990298,
201.6541928,0.271652346,
201.6772138,0.272503551,
201.7005122,0.273165599,
201.7214793,0.273165599,
201.7449307,0.273165599,
201.7683362,0.272881864,
201.7914659,0.272787286,
201.8148154,0.272787286,
201.838342,0.273071021,
201.8727147,0.274395117,
201.900322,0.274962587,
201.9235416,0.275057165,
201.9466476,0.274678852,
201.9697094,0.274489695,
201.9930903,0.274205961,
202.018379,0.274205961,
202.0389407,0.273827647,
202.0598497,0.273165599,
202.0827541,0.273165599,
202.1033347,0.273165599,
202.123973,0.273071021,
202.147155,0.272881864,
202.1672736,0.272787286,
202.1877752,0.272787286,
202.2078482,0.272787286,
202.2283225,0.272787286,
202.2481871,0.272692707,
202.2685221,0.272692707,
202.2977141,0.272408972,
202.3177299,0.272503551,
202.337669,0.272408972,
202.3575351,0.272408972,
202.3774806,0.272408972,
202.3973168,0.271746924,
202.4172233,0.270895719,
202.4371132,0.270801141,
202.4569622,0.270517406,
202.4770694,0.270517406,
202.4971753,0.270328249,
202.5180088,0.270328249,
202.5401009,0.270517406,
202.55998,0.270801141,
202.5798003,0.270990298,
202.6001722,0.270990298,
202.620305,0.270895719,
202.6428087,0.270422828,
202.6626732,0.269855358,
202.6829599,0.269098731,
202.702442,0.269098731,
202.7262836,0.269004153,
202.7508422,0.269382466,
202.7710906,0.269760779,
202.7930925,0.269949936,
202.823855,0.275246322,
202.8585454,0.286501142,
202.8837332,0.294256565,
202.9090634,0.297093914,
202.9322577,0.298039698,
202.9566082,0.299458372,
202.9815868,0.299458372,
203.0091459,0.299269216,
203.0339341,0.300120421,
203.0565833,0.299552951,
203.0811929,0.299552951,
203.1035063,0.299742107,
203.1239265,0.299552951,
203.1456271,0.300025842,
203.1659928,0.299931264,
203.1923115,0.302201144,
203.2274206,0.315536687,
203.2603831,0.338046328,
203.3090206,0.358286088,
203.3438915,0.37512103,
203.3806229,0.405480671,
203.4191163,0.438299348,
203.4567196,0.45456682,
203.4936627,0.469604773,
203.532765,0.501572246,
203.5687628,0.530513212,
203.6054016,0.540916827,
203.6456364,0.568817432,
203.682605,0.589624663,
203.7182214,0.617052376,
203.7549194,0.628496353,
203.7939298,0.654694548,
203.8304833,0.680987322,
203.8666313,0.706334312,
203.9048692,0.711725276,
203.944414,0.721656,
203.9699414,0.74643552,
203.9951798,0.751826485,
204.0298578,0.754096364,
204.0612258,0.775565643,
204.0951734,0.795899982,
204.1282521,0.805830706,
204.165722,0.833542154,
204.1997413,0.844796974,
204.2391551,0.856903,
204.2740898,0.870049386,
204.3130863,0.876102399,
204.3491001,0.877521074,
204.3852982,0.879128906,
204.421858,0.878561436,
204.4590903,0.879696375,
204.4886904,0.884236135,
204.5242969,0.88224999,
204.5605236,0.879034327,
204.5945787,0.885276496,
204.6336154,0.88338493,
204.6723892,0.892464449,
204.7137352,0.895301798,
204.7535604,0.894734329,
204.7932331,0.899463245,
204.8335562,0.902206016,
204.8830975,0.904854209,
204.9386651,0.904097582,
204.978012,0.898990353,
205.0164056,0.914974089,
205.0550663,0.924810235,
205.0969019,0.927836741,
205.1341795,0.93294397,
205.172125,0.949684333,
205.2072675,0.954507827,
205.2396328,0.956493973,
205.2764892,0.949495177,
205.3130528,0.950062647,
205.3507153,0.950251803,
205.3807188,0.95044096,
205.4201129,0.946279513,
205.4562454,0.944955417,
205.4945338,0.9459012,
205.5330159,0.944198791,
205.5707255,0.953183731,
205.6080411,0.95271084,
205.6465188,0.953656622,
205.6862011,0.950251803,
205.7210345,0.945239152,
205.7570684,0.943725899,
205.7922785,0.941550597,
205.8303229,0.937294573,
205.880083,0.932187344,
205.9185847,0.929255416,
205.9528182,0.925850596,
205.9915433,0.926418066,
206.0272704,0.929444572,
206.0664705,0.936254211,
206.1019601,0.93634879,
206.1398156,0.933227705,
206.1780484,0.924810235,
206.2133251,0.925566861,
206.2464174,0.924904813,
206.2852063,0.920081319,
206.3230424,0.918757222,
206.361526,0.919513849,
206.4016818,0.928309633,
206.4401177,0.929633729,
206.4805595,0.935308429,
206.5189263,0.938051199,
206.5580001,0.940131923,
206.6003225,0.938334935,
206.6414606,0.940604814,
206.6820019,0.942969273,
206.7192645,0.945712044,
206.7585424,0.947414454,
206.7943779,0.944671682,
206.8311646,0.94987349,
206.8826179,0.950913852,
206.919318,0.94987349,
206.9524062,0.943915056,
206.9898719,0.942780115,
207.0228891,0.938713248,
207.0609375,0.938334935,
207.0908057,0.939469875,
207.1254664,0.942590959,
207.1620366,0.942780115,
207.1961248,0.94088855,
207.2312379,0.943820477,
207.2696205,0.9459012,
207.308351,0.945806622,
207.3471172,0.942590959,
207.3845106,0.950535538,
207.4208267,0.951197586,
207.4611986,0.950157225,
207.5016422,0.942685538,
207.5372121,0.940226501,
207.5720977,0.934362645,
207.6090441,0.932187344,
207.6452319,0.925283127,
207.6812904,0.919230114,
207.7163924,0.916014451,
207.7520135,0.915446981,
207.7870527,0.911853004,
207.8224752,0.906367462,
207.8562295,0.902016859,
207.8931686,0.89917951,
207.9312222,0.900409028,
207.9682896,0.899841558,
207.9993706,0.899652401,
208.0267086,0.889721677,
208.0614172,0.884519869,
208.1000433,0.876102399,
208.1393789,0.880263845,
208.1734052,0.883668665,
208.2065851,0.883763243,
208.2459633,0.880453002,
208.2728426,0.880263845,
208.3126363,0.86986023,
208.3443148,0.870333122,
208.379485,0.866739145,
208.4135898,0.870522278,
208.4490711,0.862388542,
208.4755792,0.85803794,
208.5109307,0.848390951,
208.5458764,0.83883854,
208.5776158,0.840068058,
208.6118262,0.843851192,
208.6610524,0.848769264,
208.6962547,0.853119867,
208.7295538,0.856146373,
208.7625618,0.857470469,
208.7944131,0.850660831,
208.8268775,0.847445167,
208.8516673,0.843094564,
208.886345,0.835244564,
208.9360925,0.829002395,
208.9672073,0.830231913,
208.9999266,0.827962033,
209.038396,0.837136131,
209.0781322,0.84508071,
209.1145659,0.850944565,
209.1515796,0.857375892,
209.1837917,0.853781915,
209.2187908,0.853025289,
209.2559615,0.853403602,
209.2856804,0.855578904,
209.322316,0.857375892,
209.3600007,0.855484325,
209.396409,0.860496976,
209.4318247,0.861537338,
209.468677,0.861253603,
209.5060872,0.870522278,
209.542743,0.877993965,
209.5797831,0.882722881,
209.6112807,0.881966255,
209.6440287,0.878372278,
209.6757404,0.869103604,
209.708307,0.863145169,
209.7422424,0.861537338,
209.7748865,0.855011433,
209.8088711,0.859551193,
209.8407692,0.858227097,
209.8781891,0.860402398,
209.9158182,0.855862638,
209.9458373,0.846026493,
209.9787424,0.846404806,
210.014469,0.847256011,
210.0539324,0.848296372,
210.092463,0.851228301,
210.1341667,0.853971071,
210.1754419,0.853687337,
210.2144563,0.85576806,
210.2492851,0.853309024,
210.2861327,0.848958421,
210.3178333,0.845837336,
210.3499793,0.842432517,
210.3817309,0.840162637,
210.4170873,0.841297577,
210.4506588,0.848012637,
210.4860537,0.846121071,
210.5216632,0.842527095,
210.5536973,0.846310228,
210.5848157,0.841013842,
210.6187068,0.836757817,
210.6613878,0.84110842,
210.6980705,0.837230709,
210.7245945,0.83940601,
210.7580534,0.834866251,
210.7935103,0.841202999,
210.8276071,0.83656866,
210.8603225,0.837136131,
210.9025307,0.833352998,
210.9409527,0.844229505,
210.9786011,0.854443963,
211.0106962,0.857754205,
211.0459524,0.856619265,
211.0765296,0.855011433,
211.1173134,0.858227097,
211.153668,0.858321674,
211.1883044,0.856430108,
211.2260128,0.848863842,
211.257962,0.849525891,
211.3076907,0.843851192,
211.3438948,0.840635528,
211.3791794,0.846121071,
211.4166633,0.851417457,
211.4539636,0.854443963,
211.4839332,0.853214445,
211.5154614,0.850187939,
211.5501392,0.843189143,
211.5843709,0.846783119,
211.6207761,0.847445167,
211.6616355,0.851417457,
211.6980825,0.849525891,
211.7324149,0.844324083,
211.7673468,0.842999987,
211.8031787,0.846783119,
211.842261,0.855295168,
211.8790968,0.870333122,
211.9154926,0.865131314,
211.9492093,0.858510831,
211.9846019,0.856619265,
212.0232492,0.860780711,
212.0606605,0.860118662,
212.1025551,0.863712639,
212.1390098,0.862104808,
212.1722936,0.865698783,
212.2110161,0.867401194,
212.2503557,0.867684929,
212.2795381,0.870806013,
212.3041083,0.866360832,
212.325285,0.851039144,
212.3458584,0.836095769,
212.3686953,0.819828298,
212.3897091,0.807533116,
212.4116077,0.80166926,
212.4336331,0.791454801,
212.4560072,0.762513835,
212.4779649,0.762513835,
212.5010747,0.743598171,
212.5225566,0.727614434,
212.5459572,0.712009011,
212.5659175,0.696781901,
212.5866134,0.682878888,
212.6070252,0.682878888,
212.6270337,0.668786718,
212.6545761,0.65119515,
212.6746061,0.640129487,
212.695417,0.627834305,
212.7157555,0.617998159,
212.7357435,0.613647557,
212.7552533,0.596623459,
212.774769,0.596623459,
212.794753,0.588016832,
212.81429,0.581774662,
212.8337867,0.578369843,
212.8558289,0.554346949,
212.8754269,0.554346949,
212.9000023,0.53401261,
212.9199356,0.517366825,
212.9394125,0.495330076,
212.9589624,0.485021039,
212.9789491,0.482562003,
213.0007808,0.46979393,
213.0388441,0.466862002,
213.0661037,0.482372846,
213.0918498,0.478873448,
213.1263328,0.480102967,
213.1644953,0.468753568,
213.1980786,0.46695658,
213.2326666,0.450499952,
213.2647965,0.462038507,
213.3081746,0.46241682,
213.3447727,0.479535497,
213.3791636,0.488520437,
213.4063955,0.506206583,
213.4287262,0.508476463,
213.450794,0.513016223,
213.4809382,0.51651562,
213.5151821,0.531553574,
213.5403443,0.551320443,
213.5616343,0.554725262,
213.5821559,0.555387311,
213.6044715,0.556049359,
213.6368061,0.55652225,
213.681649,0.590665025,
213.7052227,0.606081291,
213.726948,0.607783701,
213.7466048,0.613269243,
213.7736977,0.609296954,
213.8081893,0.611472255,
213.8351032,0.628590931,
213.872155,0.641831897,
213.9010768,0.646939126,
213.9305932,0.647506596,
213.9644552,0.672853586,
213.9896804,0.69176925,
214.0118361,0.692431299,
214.0334494,0.690728889,
214.0581765,0.679757803,
214.0916848,0.676258406,
214.1206891,0.67654214,
214.1454979,0.671907803,
214.1675451,0.661882501,
214.1892854,0.65573491,
214.2226515,0.654221657,
214.2532019,0.645236716,
214.2768074,0.644007198,
214.2982818,0.630766233,
214.3191002,0.621592136,
214.3399717,0.608256592,
214.3714289,0.592367434,
214.4038925,0.591705386,
214.4281238,0.589908398,
214.4494504,0.583193337,
214.4704991,0.575437915,
214.4919703,0.562291528,
214.5261248,0.560967432,
214.5558319,0.575248758,
214.5795639,0.588868036,
214.6007667,0.588205988,
214.6211794,0.58413912,
214.6765433,0.571465625,
214.7205444,0.581680084,
214.7519997,0.577518638,
214.7793981,0.564183094,
214.8105942,0.559737913,
214.8504369,0.567871649,
214.8761567,0.584990325,
214.9033508,0.58413912,
214.9258148,0.581112614,
214.9511751,0.569006589,
214.993738,0.55879213,
215.0251222,0.583477072,
215.0809465,0.591610808,
215.1295841,0.590192133,
215.1885986,0.619605991,
215.2257761,0.62868551,
215.2625891,0.642872258,
215.3068054,0.664246959,
215.3466404,0.668313827,
215.3788813,0.682027683,
215.4154858,0.680798165,
215.4532717,0.703969854,
215.4789496,0.713711421,
215.5027972,0.715508409,
215.5254106,0.699997564,
215.5479181,0.685716238,
215.5708204,0.66982708,
215.5974232,0.66415238,
215.6322334,0.674461417,
215.6662278,0.686945756,
215.6932061,0.680609008,
215.726425,0.679095755,
215.7834083,0.715224674,
215.8401823,0.733289134,
215.9078207,0.746530099,
215.9487684,0.766769859,
215.98213,0.764783715,
216.0197782,0.768661426,
216.0537722,0.782659017,
216.0951017,0.781334921,
216.1364503,0.785685524,
216.1972571,0.789941548,
216.2418172,0.796089139,
216.2848586,0.793062633,
216.3308715,0.803844561,
216.3832411,0.806019863,
216.428253,0.818977093,
216.4711637,0.821530708,
216.5172477,0.832880106,
216.5636349,0.859834928,
216.60586,0.893410232,
216.6614738,0.912515053,
216.7062083,0.919513849,
216.7486457,0.92566144,
216.7987343,0.932281922,
216.8436112,0.945806622,
216.9014142,0.933889754,
216.9567543,0.923013247,
217.0136951,0.934740959,
217.0572702,0.934740959,
217.1012016,0.953372888,
217.1440245,0.952237948,
217.1850462,0.947981923,
217.2329971,0.941266863,
217.2740029,0.935024693,
217.3170366,0.920743367,
217.3575232,0.913271679,
217.4023422,0.904003004,
217.4444837,0.900976497,
217.4893582,0.900314449,
217.5342187,0.902773485,
217.5836929,0.909393968,
217.6283038,0.908069872,
217.6704303,0.906840354,
217.7112086,0.90088192,
217.7530685,0.892275292,
217.7936945,0.892748183,
217.8333446,0.885181918,
217.88249,0.894450593,
217.9316584,0.899084931,
217.9822302,0.899368666,
218.023784,0.891424087,
218.0644013,0.888019267,
218.1097161,0.884898183,
218.1557612,0.890005413,
218.1994043,0.89577469,
218.2321685,0.897193365,
218.2736718,0.886695171,
218.309716,0.894828907,
218.3460933,0.876007821,
218.3887538,0.875534929,
218.4313705,0.872413845,
218.4736977,0.872603002,
218.5212958,0.864090952,
218.5646942,0.863523482,
218.6119702,0.864280109,
218.6615115,0.869481917,
218.7092191,0.875724085,
218.7527732,0.881871676,
218.7967366,0.88281746,
218.8412195,0.890762039,
218.8920548,0.893693967,
218.9508643,0.903340956,
218.9953972,0.905421679,
219.0306627,0.893693967,
219.0946411,0.900125292,
219.1311937,0.906083727,
219.1748824,0.905043365,
219.2107783,0.903340956,
219.2449616,0.900219871,
219.2834311,0.903057221,
219.3237333,0.904192161,
219.3587151,0.923580716,
219.3962954,0.928025897,
219.4286102,0.940131923,
219.4667129,0.938996983,
219.4995802,0.938713248,
219.5340258,0.942212646,
219.5643439,0.936537947,
219.5962991,0.933889754,
219.6286668,0.936537947,
219.6647648,0.931430717,
219.6986085,0.93578132,
219.7363208,0.933038549,
219.7730151,0.93407891,
219.8111192,0.933889754,
219.8453686,0.929633729,
219.8817065,0.925188548,
219.9151277,0.912893366,
219.944975,0.901733125,
219.9770107,0.899274088,
220.0068251,0.901827702,
220.0399235,0.904003004,
220.0679021,0.910150595,
220.0952053,0.901449389,
220.1282281,0.900409028,
220.1602401,0.890951195,
220.1957693,0.884709027,
220.2278595,0.881398785,
220.2577523,0.859645771,
220.2892947,0.855484325,
220.3260199,0.852741553,
220.36468,0.857848783,
220.4021748,0.858321674,
220.4316675,0.857754205,
220.4640194,0.848958421,
220.4967557,0.845931915,
220.525749,0.837514444,
220.554498,0.823706009,
220.5890282,0.814721068,
220.6217905,0.805925284,
220.6608542,0.791927693,
220.6974939,0.78984697,
220.7345673,0.794008416,
220.7704985,0.807722273,
220.8049356,0.807911429,
220.8409502,0.811032514,
220.8820053,0.806492754,
220.9196845,0.810937936,
220.9544499,0.816990948,
220.9915582,0.820679503,
221.0269961,0.828434925,
221.0651153,0.836852396,
221.1013615,0.847634324,
221.1405267,0.861442759,
221.1778325,0.865793362,
221.2142054,0.863807217,
221.2507985,0.870333122,
221.2839831,0.8839524,
221.319913,0.892842762,
221.3549298,0.894734329,
221.3885782,0.894545172,
221.4267534,0.905989149,
221.4608751,0.916203607,
221.4992691,0.916487343,
221.5359559,0.918189752,
221.5699744,0.945428309,
221.6070766,0.942023489,
221.6419562,0.95100843,
221.6786287,0.96566807,
221.7144104,0.966046383,
221.7470144,0.970207829,
221.7810298,0.972193974,
221.8168325,0.966519275,
221.8528342,0.967559636,
221.8924719,0.966140962,
221.9377744,0.965289757,
221.9726132,0.969356624,
222.0118853,0.966992166,
222.0522684,0.968599998,
222.0910684,0.970869877,
222.1362987,0.971626504,
222.1668714,0.974558431,
222.2033704,0.96793795,
222.2368556,0.968316263,
222.261353,0.952332526,
222.3072526,0.942401802,
222.3324088,0.944482525,
222.3614067,0.924904813,
222.3969596,0.917906017,
222.4290388,0.916298186,
222.467177,0.910245173,
222.5042697,0.903340956,
222.5400732,0.900219871,
222.5750717,0.896058425,
222.6115602,0.898139148,
222.6591365,0.900409028,
222.6922436,0.893883124,
222.7260583,0.895112642,
222.7505226,0.891518665,
222.7829538,0.87714276,
222.8118967,0.875534929,
222.8488706,0.864563844,
222.8819175,0.864469265,
222.9181976,0.858321674,
222.9536572,0.855295168,
222.9877477,0.849525891,
223.0236382,0.851984927,
223.057679,0.843567456,
223.0935768,0.837987335,
223.1313514,0.835528299,
223.1749681,0.836190347,
223.2127909,0.837514444,
223.2497718,0.838176492,
223.2857594,0.84508071,
223.3222321,0.861821072,
223.3583979,0.868819868,
223.3939215,0.878277701,
223.4278315,0.870995169,
223.4643121,0.880358424,
223.4934771,0.886600592,
223.5257106,0.88168252,
223.5608365,0.884614448,
223.5951359,0.885560231,
223.6281635,0.890667461,
223.6671243,0.892464449,
223.7024858,0.897193365,
223.7378911,0.897949991,
223.7729887,0.898706618,
223.8124172,0.904192161,
223.8461365,0.900787341,
223.8884438,0.901827702,
223.933618,0.903530113,
223.9682981,0.903340956,
224.0023349,0.902868064,
224.0382175,0.903813847,
224.074965,0.904854209,
224.1125853,0.906840354,
224.1496266,0.906367462,
224.1854157,0.903813847,
224.2208897,0.906367462,
224.2579819,0.908069872,
224.2948853,0.910718065,
224.3302351,0.913744571,
224.370066,0.920743367,
224.4082544,0.921878306,
224.4470873,0.93407891,
224.4830107,0.938713248,
224.5212955,0.942401802,
224.5551342,0.941834333,
224.5931981,0.932849392,
224.6256788,0.926701801,
224.6638656,0.923013247,
224.6987808,0.92112168,
224.7340221,0.924053608,
224.7721762,0.931619874,
224.8017363,0.936159634,
224.8382938,0.926985536,
224.8779104,0.939659031,
224.9122602,0.929822886,
224.9468095,0.929349994,
224.9822233,0.931241561,
225.0194438,0.927458428,
225.0545105,0.924431922,
225.0921355,0.922067463,
225.1295432,0.922351198,
225.1744953,0.924242765,
225.2122768,0.92736385,
225.2470442,0.930201199,
225.2840842,0.932281922,
225.3235398,0.936537947,
225.3586583,0.934173488,
225.3969902,0.933984332,
225.4348566,0.936727103,
225.4705096,0.935970477,
225.5097648,0.928404211,
225.5479134,0.924148186,
225.5817121,0.927553006,
225.6104575,0.930201199,
225.6446951,0.921594572,
225.6786541,0.928687946,
225.7161524,0.935497585,
225.7524572,0.940037345,
225.7905059,0.943158429,
225.8292666,0.945522887,
225.867766,0.945995779,
225.9085277,0.954696984,
225.9438256,0.967181322,
225.9756798,0.965573491,
226.0064072,0.958290961,
226.0399859,0.961601202,
226.073791,0.96112831,
226.1150361,0.971815661,
226.1538041,0.979571083,
226.1916388,0.980800601,
226.2234338,0.9786253,
226.2596745,0.974463854,
226.2943263,0.968316263,
226.3293104,0.967843371,
226.3659347,0.961601202,
226.3996518,0.961884937,
226.4361156,0.952994575,
226.4667351,0.954034936,
226.4939535,0.943063851,
226.5319134,0.93521385,
226.5605049,0.929539151,
226.5928991,0.929917464,
226.625235,0.942685538,
226.6593972,0.932754813,
226.6934676,0.92168915,
226.7280667,0.917716861,
226.7657128,0.924526499,
226.8032812,0.926985536,
226.8384127,0.926228909,
226.8800498,0.916581921,
226.9098296,0.915163246,
226.9456289,0.896531317,
226.9803304,0.896153003,
227.0121715,0.902111438,
227.0483545,0.889910834,
227.0773974,0.896153003,
227.114895,0.896058425,
227.1481224,0.891707822,
227.1869347,0.891896979,
227.2223103,0.884519869,
227.2543687,0.890194569,
227.2912069,0.887546376,
227.3238736,0.884425291,
227.3603824,0.883574086,
227.3983887,0.887924689,
227.4341367,0.893977702,
227.4719632,0.891234931,
227.5083357,0.902395172,
227.5478306,0.91043433,
227.5851225,0.909015655,
227.6212777,0.914122884,
227.6617298,0.929444572,
227.6979028,0.934173488,
227.7301863,0.933227705,
227.7648855,0.926418066,
227.8010707,0.936727103,
227.8320775,0.933038549,
227.8805804,0.927174693,
227.9174746,0.928498789,
227.9519677,0.930863248,
227.9874764,0.939659031,
228.023882,0.949211442,
228.0605634,0.956304815,
228.0944594,0.955926502,
228.1345075,0.957723491,
228.1729509,0.954318671,
228.2066031,0.957439756,
228.2405522,0.952616261,
228.2717247,0.951859635,
228.3121307,0.948833128,
228.3493781,0.958669274,
228.3867841,0.957723491,
228.4241329,0.958669274,
228.460658,0.958953009,
228.4961636,0.957912648,
228.5309374,0.958669274,
228.5685391,0.953656622,
228.6068554,0.955642768,
228.6443066,0.956588551,
228.680981,0.960277105,
228.7181538,0.965006021,
228.7560904,0.965195178,
228.7936284,0.968694576,
228.8333717,0.973707227,
228.8869217,0.983637951,
228.9449258,0.980233131,
228.9827046,0.97635542,
229.020331,0.972288553,
229.0544081,0.971910239,
229.0891581,0.969545781,
229.1251504,0.979665662,
229.1633239,0.984110842,
229.2014279,0.98590783,
229.2397211,0.991393373,
229.2747415,0.993663253,
229.311326,0.992339156,
229.3442183,0.990258433,
229.3793822,0.983354216,
229.4137975,0.975693372,
229.4462288,0.964060238,
229.4806359,0.967559636,
229.5166513,0.975031323,
229.5527497,0.974274697,
229.591375,0.968883732,
229.6283686,0.97238313,
229.6681712,0.977017468,
229.7074673,0.977395782,
229.7465538,0.977112047,
229.7848647,0.976071685,
229.8243087,0.971721082,
229.8619525,0.973518071,
229.8957232,0.967559636,
229.9349465,0.964911443,
229.9740575,0.966708431,
230.0098632,0.968410841,
230.044621,0.967559636,
230.078608,0.966140962,
230.1197856,0.963871082,
230.177141,0.965006021,
230.2079912,0.969545781,
230.2377308,0.956399394,
230.2747922,0.945995779,
230.3062713,0.949211442,
230.3367343,0.938145778,
230.3712751,0.929444572,
230.4093005,0.935119272,
230.443268,0.937389152,
230.4780491,0.941550597,
230.5156167,0.944860839,
230.5519134,0.947414454,
230.5865476,0.952899996,
230.620583,0.941077706,
230.6633161,0.940793971,
230.7000614,0.943820477,
230.7384434,0.947509032,
230.7705484,0.948360237,
230.8073787,0.94363132,
230.8413885,0.945617466,
230.8833247,0.927742163,
230.9307346,0.928877102,
230.9600149,0.901827702,
230.9943947,0.899368666,
231.029008,0.896625894,
231.0643207,0.893883124,
231.1005485,0.89520722,
231.1339519,0.884425291,
231.174326,0.875440351,
231.2130642,0.874589146,
231.247873,0.888586738,
231.2852819,0.879318062,
231.3194433,0.881020472,
231.3560903,0.884803605,
231.3890567,0.878277701,
231.4240118,0.884141556,
231.4563287,0.893883124,
231.486242,0.884803605,
231.5230193,0.875818664,
231.5570855,0.874116254,
231.5910323,0.87941264,
231.62792,0.880925893,
231.6635002,0.881020472,
231.6997086,0.869576495,
231.7320992,0.868914447,
231.7683111,0.862104808,
231.8060485,0.867495771,
231.8428956,0.873548784,
231.8830154,0.877615652,
231.9177011,0.878561436,
231.9545371,0.889910834,
231.9901193,0.896531317,
232.0268907,0.90702951,
232.0638078,0.920270475,
232.1000156,0.936632525,
232.1375694,0.955548189,
232.1763057,0.967181322,
232.2119077,0.966708431,
232.2478479,0.953089153,
232.2846239,0.957250599,
232.319541,0.949022285,
232.356417,0.946090357,
232.3916557,0.947887346,
232.427939,0.957912648,
232.4638017,0.961412046,
232.5007366,0.976260841,
232.5368144,0.978246986,
232.5737424,0.975125902,
232.6108551,0.971531925,
232.6453627,0.973139757,
232.6803469,0.970869877,
232.7147846,0.966330118,
232.7467608,0.961412046,
232.7831392,0.955169876,
232.8199001,0.956021081,
232.855929,0.961506623,
232.8908295,0.962925298,
232.9332763,0.961979515,
232.9695815,0.956399394,
233.0076888,0.957061443,
233.0443811,0.958669274,
233.0803817,0.96056084,
233.1193368,0.96623554,
233.1549009,0.966519275,
233.192868,0.966519275,
233.22875,0.971342769,
233.2665889,0.972761444,
233.3079358,0.974842167,
233.3438186,0.971815661,
233.3775649,0.977584938,
233.4155521,0.975504215,
233.4478465,0.973896384,
233.4828301,0.967748793,
233.5153218,0.965195178,
233.5513706,0.960655418,
233.5865463,0.963114455,
233.6250557,0.968789155,
233.6638154,0.973707227,
233.7005097,0.97919277,
233.7375911,0.978814457,
233.7723362,0.971815661,
233.8072934,0.973990962,
233.8418295,0.971626504,
233.8801357,0.971437347,
233.9304395,0.962641564,
233.9668979,0.950157225,
234.0022574,0.9515759,
234.0370992,0.952899996,
234.074313,0.961033732,
234.1155442,0.959142166,
234.1548218,0.954886141,
234.1923031,0.95271084,
234.229972,0.954318671,
234.2657791,0.96056084,
234.3101221,0.96056084,
234.3469847,0.960844575,
234.3784891,0.965857226,
234.4177327,0.968032527,
234.4550161,0.971815661,
234.4878376,0.973896384,
234.5241412,0.977868673,
234.5603747,0.981557227,
234.5978887,0.975315059,
234.6327771,0.9786253,
234.6682178,0.959615057,
234.7052286,0.954034936,
234.7305726,0.94817108,
234.7608374,0.928971681,
234.7958032,0.922918668,
234.8309287,0.919703005,
234.8659098,0.923486139,
234.906552,0.92225662,
234.9433121,0.92168915,
234.9779623,0.925283127,
235.0137896,0.930201199,
235.050477,0.927931319,
235.0843215,0.932471079,
235.1216922,0.933700597,
235.1556001,0.93748373,
235.1926534,0.933416862,
235.2268398,0.929728307,
235.2635792,0.924431922,
235.2966151,0.923769873,
235.3271645,0.91156927,
235.3624546,0.903719269,
235.3955831,0.900314449,
235.4257657,0.891140352,
235.4584083,0.885938545,
235.4908988,0.880925893,
235.5255604,0.875818664,
235.5615958,0.876196977,
235.5987768,0.873075893,
235.6326835,0.870616856,
235.6728602,0.873548784,
235.7108905,0.881777098,
235.7456051,0.89520722,
235.7745006,0.905516257,
235.8107314,0.894734329,
235.8432837,0.899746979,
235.8801849,0.897666256,
235.9323658,0.897382522,
235.9698139,0.882912038,
235.9999832,0.882628304,
236.0347563,0.881871676,
236.0649595,0.883857822,
236.1020937,0.875062038,
236.1320936,0.874967459,
236.1746786,0.86588794,
236.1988185,0.870143965,
236.227707,0.859078302,
236.2498073,0.848296372,
236.2772515,0.830893961,
236.3002375,0.820774081,
236.327312,0.807060224,
236.3470256,0.799115645,
236.3733642,0.784172271,
236.3957316,0.771687932,
236.4153056,0.766296968,
236.4403026,0.75769034,
236.4625121,0.746340942,
236.4920609,0.73120841,
236.514581,0.726479494,
236.5359823,0.721656,
236.5635944,0.700375878,
236.5848889,0.69403913,
236.6060084,0.69403913,
236.6337583,0.680609008,
236.6573548,0.648263222,
236.6784338,0.648263222,
236.7059764,0.638332499,
236.7275681,0.621875871,
236.7554228,0.606932496,
236.7761107,0.598893338,
236.7978792,0.58527406,
236.8243312,0.565601769,
236.8468234,0.553779479,
236.8707861,0.545645743,
236.9044391,0.540349357,
236.9280739,0.536755381,
236.9507385,0.528432489,
236.9784807,0.518974657,
237.0034003,0.509043933,
237.0280912,0.485683088,
237.0528796,0.472063809,
237.0756904,0.457877061,
237.1059918,0.450121639,
237.1281107,0.440001758,
237.1509623,0.427233685,
237.176166,0.417492118,
237.2026932,0.402548743,
237.2281298,0.392428862,
237.2517182,0.383349344,
237.2774695,0.373040307,
237.3080246,0.361312595,
237.332783,0.358853558,
237.3569648,0.351003558,
237.3802423,0.351003558,
237.4037827,0.346558377,
237.4275717,0.345139702,
237.4513703,0.343058979,
237.4741514,0.341640304,
237.4962534,0.339843316,
237.5187349,0.338046328,
237.5412177,0.335587291,
237.5640307,0.331993315,
237.5864715,0.33057464,
237.6087795,0.33057464,
237.6307357,0.32887223,
237.6571511,0.324899941,
237.6793291,0.323670423,
237.7021151,0.318279458,
237.7242776,0.316671627,
237.7465878,0.315158374,
237.7676071,0.310334879,
237.7894785,0.308348735,
237.814329,0.306835481,
237.8394965,0.30466018,
237.8665398,0.303714397,
237.8881166,0.30295777,
237.9151422,0.300498734,
237.9362237,0.300214999,
237.9576681,0.297283071,
237.9791982,0.297283071,
238.000705,0.293783673,
238.0228778,0.29227042,
238.0437344,0.29113548,
238.0653936,0.287541504,
238.1173689,0.283285479,
238.1385325,0.282907166,
238.16993,0.278083672,
238.1908504,0.275624635,
238.2184429,0.273449334,
238.239818,0.271936081,
238.2616493,0.271557768,
238.28162,0.271841502,
238.3033073,0.271084876,
238.3229677,0.270895719,
238.3425555,0.271084876,
238.3623203,0.270990298,
238.3819008,0.270990298,
238.4021713,0.271084876,
238.422459,0.271179454,
238.4426281,0.271179454,
238.4627561,0.271274033,
238.4829794,0.271179454,
238.5031956,0.271179454,
238.5297081,0.271274033,
238.5540791,0.272030659,
238.5774204,0.272787286,
238.6005444,0.273638491,
238.6238906,0.273543912,
238.6471375,0.273543912,
238.6681826,0.273543912,
238.6910659,0.273354756,
238.7143708,0.273449334,
238.7384012,0.273354756,
238.7617427,0.273260177,
238.7822866,0.273543912,
238.8028175,0.273543912,
238.8232813,0.274395117,
238.8451676,0.274868009,
238.8717097,0.275624635,
238.8949502,0.276381262,
238.9278717,0.276097527,
238.9514965,0.275624635,
238.9746924,0.275057165,
238.998283,0.274868009,
239.024002,0.274868009,
239.0472363,0.274868009,
239.0703593,0.274678852,
239.0942506,0.274584274,
239.1205901,0.274678852,
239.1410828,0.274584274,
239.1712017,0.27477343,
239.1913397,0.274868009,
239.2113827,0.27477343,
239.2314846,0.274868009,
239.2514518,0.275057165,
239.2713996,0.274962587,
239.2913836,0.274489695,
239.3114424,0.274489695,
239.3315383,0.274395117,
239.351904,0.274111382,
239.3720152,0.273827647,
239.3922945,0.273260177,
239.41264,0.272787286,
239.4327364,0.272408972,
239.4529608,0.272314394,
239.4730721,0.272125237,
239.4930695,0.272125237,
239.5132507,0.272125237,
239.5328683,0.271746924,
239.5524009,0.271652346,
239.5719378,0.271084876,
239.5914403,0.270611984,
239.6109313,0.270517406,
239.6304496,0.270422828,
239.6546139,0.270044514,
239.6741437,0.269571623,
239.6937891,0.269382466,
239.7132373,0.269287888,
239.7331914,0.269287888,
239.7535926,0.269287888,
239.7733835,0.269287888,
239.7961041,0.269193309,
239.8164371,0.269193309,
239.8366566,0.269193309,
239.8578011,0.268436683,
239.881205,0.268436683,
239.9065098,0.267680056,
239.9264404,0.267112586,
239.9458299,0.266261381,
239.9651796,0.266261381,
239.9851728,0.26578849,
240.0048145,0.26578849,
240.027034,0.265693912,
240.0524606,0.265977647,
240.0727307,0.26692343,
240.0931207,0.267301743,
240.1249539,0.269949936,
240.1575961,0.277327045,
240.1851905,0.290189697,
240.209805,0.294445721,
240.2327713,0.296242709,
240.2548576,0.297377649,
240.2779745,0.298607167,
240.3033941,0.299458372,
240.3246992,0.299931264,
240.348551,0.300309577,
240.3712065,0.299647529,
240.3919586,0.300025842,
240.4146089,0.300214999,
240.4353051,0.300782469,
240.4554616,0.300971626,
240.4750974,0.300971626,
240.4957537,0.300593312,
240.5251742,0.30409271,
240.5587337,0.322913796,
240.590407,0.341734882,
240.6231961,0.359704763,
240.6623291,0.379093319,
240.7007712,0.405669828,
240.7361965,0.423639709,
240.7765923,0.448135494,
240.8127033,0.46355176,
240.8518407,0.49627586,
240.9010523,0.533634297,
240.9353482,0.556616829,
240.9733224,0.587733097,
241.0108735,0.60277105,
241.0495264,0.632752378,
241.0872145,0.648830692,
241.1234303,0.674272261,
241.1610048,0.692715034,
241.2014498,0.705199372,
241.2381468,0.720048168,
241.2692165,0.732627085,
241.2936662,0.731681302,
241.3201078,0.732532507,
241.3455842,0.738396363,
241.3764653,0.747759617,
241.4089852,0.764689136,
241.4429833,0.782091547,
241.4724358,0.8028042,
241.5090487,0.818315045,
241.5475683,0.83827107,
241.5831527,0.857565048,
241.6195862,0.867401194,
241.6639001,0.869954809,
241.694247,0.874399989,
241.7327819,0.872319266,
241.7680941,0.872981315,
241.8015756,0.86872529,
241.8348139,0.860875289,
241.866649,0.85463312,
241.9046306,0.847634324,
241.9455019,0.84564818,
241.9828827,0.847256011,
242.0223468,0.851228301,
242.0617408,0.852268662,
242.1018003,0.856997578,
242.1425624,0.857565048,
242.1809378,0.86361806,
242.2212898,0.862293964,
242.2556368,0.867306615,
242.2937937,0.859267458,
242.3312631,0.861726495,
242.3671655,0.877048182,
242.4052472,0.88735722,
242.4463534,0.895301798,
242.4844197,0.92282409,
242.5218041,0.930768669,
242.5579272,0.931998187,
242.595446,0.934362645,
242.6307033,0.931241561,
242.6679114,0.931052404,
242.7051656,0.930768669,
242.7381962,0.929066259,
242.7690182,0.916865656,
242.8055204,0.918095174,
242.8411193,0.924337343,
242.882574,0.93691626,
242.9357045,0.940699393,
242.9739358,0.947414454,
243.012367,0.949400598,
243.0494531,0.943442164,
243.0859749,0.938240357,
243.1217217,0.935403006,
243.161848,0.927269271,
243.1945003,0.914974089,
243.2250522,0.902395172,
243.2595406,0.897477099,
243.2963612,0.900976497,
243.3320716,0.899841558,
243.3689926,0.904003004,
243.4049392,0.909015655,
243.4413952,0.911001799,
243.4777582,0.906934932,
243.51764,0.905232523,
243.5545599,0.904759631,
243.5910368,0.902584329,
243.6231086,0.890856618,
243.6638878,0.888870472,
243.7001502,0.891424087,
243.7416879,0.895112642,
243.7830876,0.904570474,
243.8220242,0.910718065,
243.8619723,0.916676499,
243.9021725,0.925283127,
243.9409896,0.926796379,
243.9784026,0.925283127,
244.0159403,0.922729511,
244.053959,0.925756018,
244.0927681,0.928782524,
244.1348689,0.928782524,
244.175381,0.93294397,
244.2102466,0.93464638,
244.2485631,0.942874694,
244.2853896,0.950346382,
244.3222444,0.9594259,
244.3569619,0.962168672,
244.3923731,0.962168672,
244.4299788,0.963492768,
244.4692216,0.964060238,
244.4981063,0.963681925,
244.5330851,0.96283072,
244.5677591,0.956777707,
244.6066899,0.954602406,
244.6430167,0.960655418,
244.6804377,0.958480117,
244.7193144,0.96623554,
244.7555891,0.966519275,
244.7909318,0.957628912,
244.8258507,0.954034936,
244.8615122,0.950062647,
244.8990214,0.94646867,
244.9353825,0.946752405,
244.9701936,0.943063851,
245.0059865,0.93918614,
245.0439856,0.936727103,
245.0817964,0.927080114,
245.1210891,0.928120476,
245.1587177,0.926134332,
245.1946188,0.920837945,
245.2284315,0.918473487,
245.263312,0.916581921,
245.297695,0.911190956,
245.3306474,0.909772281,
245.3663935,0.900030715,
245.3909887,0.902016859,
245.4227297,0.899557823,
245.4609034,0.89236987,
245.4977661,0.888019267,
245.5324122,0.889721677,
245.5698579,0.893315654,
245.6095923,0.8918024,
245.6427594,0.890005413,
245.6812583,0.884992761,
245.7173972,0.885276496,
245.7511597,0.878561436,
245.7755629,0.880263845,
245.8082349,0.86759035,
245.8379501,0.866549989,
245.8794057,0.859740349,
245.9169996,0.85009336,
245.9549077,0.850755409,
245.9887593,0.848580108,
246.0240277,0.845459023,
246.061738,0.850282517,
246.0965093,0.852079506,
246.1326642,0.851890349,
246.1739513,0.850849987,
246.2022267,0.851322879,
246.2341981,0.843567456,
246.2615693,0.838933119,
246.2936166,0.834582516,
246.3251061,0.831650588,
246.3566725,0.82701625,
246.3917096,0.828056612,
246.4269211,0.83212348,
246.4658669,0.83997348,
246.5066411,0.840824686,
246.5462396,0.845364444,
246.5787187,0.850755409,
246.6151138,0.849147577,
246.6519796,0.848769264,
246.690229,0.846026493,
246.726631,0.843945769,
246.7598828,0.851512035,
246.7941765,0.853592758,
246.8320893,0.853781915,
246.8695933,0.856146373,
246.9049599,0.867306615,
246.944185,0.872508423,
246.9796752,0.871373483,
247.0159848,0.874872881,
247.0515093,0.872603002,
247.0850469,0.869765651,
247.1175699,0.867212037,
247.1497615,0.863145169,
247.1857592,0.862861434,
247.2191575,0.864942157,
247.2490129,0.868441555,
247.2827915,0.861442759,
247.321105,0.861442759,
247.3573317,0.862577699,
247.3957999,0.8704277,
247.4351264,0.872319266,
247.4743655,0.879885532,
247.5071029,0.881493363,
247.5453449,0.875440351,
247.5741563,0.873265049,
247.611612,0.863807217,
247.6470054,0.859929506,
247.6816946,0.862483121,
247.7152843,0.862104808,
247.7459949,0.853214445,
247.7806386,0.849336734,
247.8157249,0.846310228,
247.8498955,0.843094564,
247.8872513,0.841770468,
247.9361325,0.853687337,
247.9771372,0.855484325,
248.0129196,0.852079506,
248.048405,0.846877698,
248.0723232,0.847634324,
248.108039,0.840162637,
248.140178,0.841770468,
248.1744734,0.82928613,
248.2075518,0.830893961,
248.2429548,0.834771673,
248.2817345,0.837136131,
248.3206166,0.840068058,
248.3572274,0.843662035,
248.3955587,0.847256011,
248.4333305,0.854443963,
248.461182,0.845931915,
248.4919594,0.835244564,
248.5237492,0.830988539,
248.5605172,0.826921672,
248.5943949,0.835433721,
248.6276927,0.834015046,
248.6627356,0.82701625,
248.6956227,0.823422274,
248.7327433,0.814531912,
248.767567,0.822854804,
248.8032961,0.827962033,
248.8378283,0.832974685,
248.8741116,0.836001191,
248.9092398,0.840257215,
248.9440355,0.831650588,
248.9791011,0.828340347,
249.0078612,0.824935527,
249.0457452,0.813302394,
249.0811336,0.815477695,
249.1150593,0.815572273,
249.1476061,0.814815647,
249.1777142,0.818125888,
249.2099324,0.822287334,
249.249515,0.827678298,
249.2870109,0.839500589,
249.3250389,0.844134926,
249.3611244,0.844607818,
249.3971368,0.847445167,
249.4316897,0.845931915,
249.46516,0.850282517,
249.4984019,0.853781915,
249.5291475,0.857848783,
249.5613031,0.85406565,
249.59701,0.85179577,
249.6342492,0.858416253,
249.6678101,0.861159024,
249.6910401,0.851133722,
249.7117143,0.847256011,
249.7333503,0.836001191,
249.7550954,0.831366853,
249.7758714,0.816518057,
249.7971466,0.800345163,
249.8194768,0.785118054,
249.8411664,0.770174679,
249.8624258,0.755420461,
249.8832551,0.747759617,
249.9034052,0.737734315,
249.9301285,0.723547566,
249.950847,0.706239733,
249.9709148,0.695552383,
249.9914154,0.685905394,
250.0115747,0.678339129,
250.0336671,0.670583706,
250.0541481,0.666043947,
250.0737106,0.655545753,
250.093997,0.640886113,
250.119048,0.631806594,
250.1389618,0.624807799,
250.1583743,0.602676471,
250.181842,0.59823129,
250.2013062,0.591705386,
250.2217753,0.574302975,
250.2412664,0.555765624,
250.2607145,0.541484297,
250.280789,0.538552369,
250.3136289,0.529378272,
250.3440175,0.526351766,
250.3668577,0.512165018,
250.4007891,0.494857185,
250.4324783,0.498640318,
250.4668238,0.500153571,
250.5005333,0.500058992,
250.5329175,0.492019835,
250.5654383,0.502328872,
250.6013177,0.510462608,
250.6324851,0.505449957,
250.6593735,0.48946622,
250.6887107,0.488236702,
250.7224166,0.497221643,
250.7487897,0.505544535,
250.7702337,0.504031282,
250.7917113,0.501666824,
250.8122931,0.501099354,
250.8418163,0.501193932,
250.8808071,0.527297549,
250.9051138,0.544037912,
250.9266364,0.551036708,
250.9470555,0.556238515,
250.9740745,0.559737913,
251.0096134,0.564277673,
251.0375409,0.576572855,
251.0601597,0.583098759,
251.0817279,0.581112614,
251.1080299,0.584895747,
251.1414746,0.589151771,
251.1730127,0.618754786,
251.1954632,0.630104185,
251.216,0.636346354,
251.2373179,0.641831897,
251.2699295,0.643155993,
251.3053143,0.65743732,
251.3289228,0.657910211,
251.3494029,0.652424668,
251.3701734,0.651005994,
251.3969684,0.648925271,
251.4302493,0.649871054,
251.4582067,0.651857199,
251.4792717,0.651857199,
251.5011673,0.644007198,
251.5212413,0.632090329,
251.5497563,0.618943943,
251.5844319,0.622632497,
251.6084399,0.619605991,
251.6310743,0.61232346,
251.6563908,0.593880687,
251.6767486,0.584801169,
251.7048379,0.583098759,
251.7379238,0.576005385,
251.7657682,0.590286711,
251.7878946,0.593596953,
251.8094791,0.593596953,
251.830694,0.582058397,
251.8638645,0.577896951,
251.8949666,0.580072252,
251.9289505,0.585463217,
251.94942,0.581490927,
251.9702779,0.570141529,
252.0016946,0.557751769,
252.0346503,0.567493336,
252.0578253,0.588489723,
252.0788444,0.588489723,
252.1021501,0.592367434,
252.1248383,0.581112614,
252.1600109,0.568912011,
252.1930484,0.580828879,
252.2168877,0.585652373,
252.2370815,0.586314422,
252.257764,0.577707794,
252.2791998,0.577707794,
252.3161574,0.565034299,
252.3471731,0.586219843,
252.3790095,0.592178278,
252.4121997,0.597569242,
252.4380988,0.59879876,
252.4720253,0.596907194,
252.5020768,0.611283099,
252.5398682,0.617146955,
252.5766746,0.627834305,
252.6090955,0.638048764,
252.6475944,0.655829488,
252.6786719,0.671434911,
252.7129381,0.671434911,
252.7476618,0.683446358,
252.7749357,0.689215636,
252.8005755,0.689972262,
252.8350811,0.694417443,
252.8674724,0.710212023,
252.8922098,0.701605396,
252.9307701,0.696781901,
252.9578886,0.701037926,
252.9877214,0.703307806,
253.0227235,0.704537324,
253.0605261,0.715508409,
253.0948457,0.731681302,
253.1313704,0.735464435,
253.1745691,0.742746966,
253.2091744,0.758730702,
253.2407892,0.762608413,
253.2760338,0.770931305,
253.3105123,0.784928897,
253.3400912,0.779821668,
253.3750419,0.790509018,
253.4083894,0.795048777,
253.4413553,0.795048777,
253.4772589,0.802331308,
253.5109667,0.806209019,
253.5494815,0.805925284,
253.5842327,0.815856008,
253.6206666,0.812262032,
253.6575351,0.809519261,
253.6917487,0.813113237,
253.7280804,0.821057816,
253.7649343,0.826543359,
253.8011159,0.836946974,
253.8382664,0.850755409,
253.8743562,0.853214445,
253.9138416,0.862766856,
253.948182,0.872981315,
253.9861241,0.875534929,
254.021138,0.896815052,
254.0571882,0.901354811,
254.0913935,0.911285535,
254.1319237,0.919513849,
254.164466,0.915919872,
254.2004836,0.909677703,
254.2339437,0.91440662,
254.26863,0.912042161,
254.3092547,0.906840354,
254.3472636,0.920837945,
254.3840282,0.926701801,
254.420045,0.924904813,
254.4573055,0.934930115,
254.4926498,0.941077706,
254.5241816,0.932281922,
254.5601818,0.924148186,
254.5921382,0.919797583,
254.6261837,0.914595776,
254.6639702,0.909204812,
254.6901694,0.907407824,
254.7204434,0.897382522,
254.7548763,0.897477099,
254.7916724,0.897571678,
254.8225095,0.893977702,
254.8593727,0.888019267,
254.8939013,0.880358424,
254.9302214,0.877331918,
254.9669609,0.869576495,
254.9977319,0.871846374,
255.0315826,0.86702288,
255.0657525,0.874494567,
255.1015297,0.871089748,
255.1318693,0.872413845,
255.1668797,0.857281313,
255.1987401,0.866455411,
255.2316304,0.854254807,
255.2628035,0.855578904,
255.292416,0.852836132,
255.32476,0.845742758,
255.3598074,0.846121071,
255.3962033,0.848958421,
255.4296294,0.850660831,
255.467624,0.85576806,
255.5059902,0.85860541,
255.5342266,0.863523482,
255.5698011,0.851133722,
255.6014577,0.85236324,
255.6295297,0.846593962,
255.6581661,0.8298536,
255.691567,0.826070467,
255.7264926,0.832501793,
255.7625576,0.833731311,
255.7990846,0.837798179,
255.8348588,0.837703601,
255.8689667,0.838081914,
255.9055333,0.834204203,
255.9455675,0.838365649,
255.9835813,0.844607818,
256.0215664,0.855011433,
256.0543218,0.857659626,
256.0916317,0.859456615,
256.1293803,0.870616856,
256.1662002,0.875534929,
256.2039539,0.876102399,
256.2409397,0.883763243,
256.2793879,0.897193365,
256.3136746,0.898139148,
256.3496409,0.919324692,
256.3854843,0.919703005,
256.4190676,0.919135536,
256.4516933,0.913082523,
256.4870135,0.90816445,
256.5202222,0.907691559,
256.5581176,0.916676499,
256.5969268,0.917622282,
256.6320882,0.92282409,
256.6717748,0.966519275,
256.7089422,0.961979515,
256.7391119,0.965006021,
256.7719625,0.954224093,
256.8048275,0.951197586,
256.8387431,0.957250599,
256.8708667,0.950819273,
256.905,0.950913852,
256.9456071,0.954034936,
256.9854132,0.951481321,
257.018364,0.942401802,
257.053059,0.942780115,
257.0799078,0.942307224,
257.1143999,0.933038549,
257.1472222,0.920365054,
257.1837171,0.921027101,
257.2172894,0.918095174,
257.247034,0.918757222,
257.2808048,0.914028306,
257.3170876,0.9053271,
257.348138,0.892464449,
257.3801971,0.888965051,
257.4081473,0.891518665,
257.4385508,0.879696375,
257.471222,0.876480713,
257.5031734,0.876007821,
257.5392347,0.865793362,
257.5718823,0.864090952,
257.6084891,0.859834928,
257.6458299,0.862483121,
257.6818479,0.864090952,
257.7168192,0.86532047,
257.7424589,0.853592758,
257.776611,0.848674686,
257.8096912,0.852741553,
257.8360652,0.848107216,
257.8694444,0.835622878,
257.9040044,0.833069262,
257.9431588,0.823895166,
257.977608,0.81462649,
258.0114353,0.813586129,
258.0499245,0.815383117,
258.0821357,0.815856008,
258.1217796,0.821530708,
258.1558528,0.822665647,
258.1951242,0.825692154,
258.2340516,0.83155601,
258.2719166,0.834960829,
258.3119626,0.839689745,
258.3522794,0.851606614,
258.387698,0.857943361,
258.4276061,0.871468061,
258.4647543,0.886695171,
258.5019321,0.888208425,
258.5368504,0.892748183,
258.5718642,0.896058425,
258.6053034,0.895585534,
258.6424986,0.905421679,
258.6753161,0.900598184,
258.7142746,0.901260233,
258.7480489,0.910528908,
258.7856885,0.911285535,
258.8239409,0.921783729,
258.8591201,0.933227705,
258.8945,0.93918614,
258.9352653,0.942212646,
258.9710064,0.956493973,
259.0044036,0.953467466,
259.0385895,0.956304815,
259.076334,0.960277105,
259.1103714,0.9594259,
259.1454372,0.960087949,
259.182841,0.958196382,
259.2171088,0.958196382,
259.2556561,0.958763852,
259.2932515,0.954791563,
259.3314574,0.953845779,
259.3698588,0.954886141,
259.4080169,0.959142166,
259.4437406,0.962546985,
259.4817987,0.962736142,
259.5108121,0.966708431,
259.5430059,0.947225297,
259.5761284,0.95214337,
259.6032247,0.950062647,
259.6382082,0.937767465,
259.6693281,0.937105416,
259.7068571,0.933038549,
259.7391136,0.928215054,
259.7765543,0.922540355,
259.8090312,0.919135536,
259.8433752,0.912325896,
259.8835552,0.907407824,
259.9324864,0.906745775,
259.9671098,0.890762039,
259.9992266,0.897855413,
260.0313948,0.889532521,
260.0666569,0.892464449,
260.1024444,0.890383726,
260.132056,0.887546376,
260.1662488,0.878088544,
260.2000861,0.874116254,
260.2334856,0.874494567,
260.2572731,0.862293964,
260.2888356,0.862293964,
260.3284421,0.852646975,
260.3642934,0.847728903,
260.4021067,0.848107216,
260.438539,0.842905408,
260.4765081,0.838176492,
260.5116271,0.837703601,
260.5486951,0.847539746,
260.5867204,0.85009336,
260.6209795,0.869387338,
260.656653,0.863807217,
260.6911841,0.857375892,
260.7218401,0.848012637,
260.7566298,0.846026493,
260.7923974,0.847256011,
260.8262482,0.846877698,
260.8612894,0.851701193,
260.8992002,0.849998782,
260.9367632,0.850377096,
260.9723122,0.862672277,
261.0081176,0.864847578,
261.0395136,0.878277701,
261.0767887,0.872319266,
261.1109239,0.867684929,
261.1458095,0.866833724,
261.1818482,0.866266253,
261.2134609,0.872035531,
261.2492742,0.864658422,
261.283208,0.873927098,
261.3192165,0.882722881,
261.3549629,0.884330713,
261.3875643,0.886600592,
261.4206168,0.886506015,
261.4562475,0.883857822,
261.4940268,0.887451798,
261.5318789,0.892086136,
261.5700719,0.891234931,
261.6059648,0.89520722,
261.6462354,0.902206016,
261.6858161,0.910056017,
261.7188466,0.910907222,
261.7522439,0.904475895,
261.7877793,0.904948787,
261.8174605,0.902773485,
261.8527501,0.905516257,
261.8967138,0.905989149,
261.9308228,0.908637342,
261.9666973,0.904475895,
261.9990729,0.903246377,
262.0369462,0.897098786,
262.0673315,0.903246377,
262.1022744,0.891991557,
262.1321296,0.893126497,
262.1667144,0.892559027,
262.1994475,0.897571678,
262.237749,0.897287943,
262.2736217,0.89520722,
262.3148333,0.89577469,
262.3455675,0.895301798,
262.3802706,0.890572882,
262.4155042,0.888775894,
262.4494308,0.89690963,
262.4859093,0.897666256,
262.5246267,0.898895774,
262.5628164,0.902678907,
262.5999139,0.903908426,
262.6362977,0.904097582,
262.6712663,0.902584329,
262.7104338,0.901165654,
262.7476212,0.91213674,
262.7854407,0.917243969,
262.8209998,0.928309633,
262.859015,0.931052404,
262.8944051,0.931809031,
262.9428588,0.942023489,
262.9775517,0.945239152,
263.0139871,0.948549393,
263.0520747,0.953467466,
263.0895871,0.956021081,
263.1275243,0.969545781,
263.1628867,0.966046383,
263.2013172,0.958574695,
263.2393671,0.963871082,
263.2756876,0.961506623,
263.3136048,0.960182527,
263.3479206,0.966046383,
263.3815162,0.971153612,
263.4184543,0.976071685,
263.4536742,0.979760239,
263.4904468,0.980800601,
263.5272027,0.984867469,
263.5638666,0.984867469,
263.6009561,0.982881324,
263.6340755,0.984489156,
263.6703564,0.972288553,
263.704531,0.975409636,
263.7409276,0.962925298,
263.7709496,0.959236744,
263.7984589,0.950062647,
263.8311085,0.938524091,
263.8625302,0.938429513,
263.8950308,0.936065055,
263.9373553,0.929917464,
263.9647068,0.929728307,
264.0026355,0.924904813,
264.0392347,0.929349994,
264.0770973,0.933795175,
264.1150372,0.933322284,
264.1471767,0.932471079,
264.1866946,0.929255416,
264.226431,0.913271679,
264.2609771,0.911853004,
264.2945638,0.908542763,
264.3339661,0.906556619,
264.3694992,0.911758427,
264.4066634,0.912704209,
264.4402259,0.914595776,
264.4777132,0.90816445,
264.5132292,0.909015655,
264.5497695,0.902584329,
264.5856248,0.899368666,
264.6244139,0.887168063,
264.6657184,0.890856618,
264.7028668,0.901638546,
264.7401216,0.904286739,
264.7785783,0.909110234,
264.8142325,0.912609632,
264.8542919,0.934551802,
264.8924107,0.933133127,
264.9359497,0.944577104,
264.9756914,0.94088855,
265.0114427,0.946657827,
265.0494621,0.945428309,
265.0822019,0.940415658,
265.1164368,0.934930115,
265.1467647,0.931336139,
265.180851,0.927931319,
265.215845,0.937389152,
265.2529503,0.931809031,
265.2904171,0.942969273,
265.3265824,0.96226325,
265.3625304,0.967559636,
265.4015838,0.969545781,
265.436343,0.966519275,
265.4722881,0.955548189,
265.5044664,0.952994575,
265.5402234,0.954886141,
265.5747901,0.95441325,
265.6095831,0.95885843,
265.6459298,0.960371684,
265.6841095,0.956683129,
265.7219648,0.958669274,
265.7590044,0.962168672,
265.7947806,0.961222889,
265.8330369,0.958763852,
265.8687295,0.96169578,
265.9059984,0.961506623,
265.9428391,0.964343973,
265.9790264,0.966613853,
266.0151672,0.971910239,
266.052597,0.975693372,
266.0907829,0.981840963,
266.1328037,0.984867469,
266.168755,0.986664457,
266.2075606,0.985434938,
266.2453552,0.983637951,
266.2797202,0.983732529,
266.313563,0.980989758,
266.3478605,0.981178914,
266.3833427,0.980516866,
266.4204071,0.984394578,
266.4597386,0.989407228,
266.4970371,0.990353011,
266.5338151,0.990069277,
266.5762406,0.990353011,
266.6148067,0.986664457,
266.6518059,0.987231927,
266.6878635,0.983448794,
266.7230991,0.97635542,
266.7528198,0.973423492,
266.7882685,0.971059034,
266.8269184,0.970207829,
266.8639096,0.97238313,
266.9024832,0.976260841,
266.9378907,0.97408554,
266.9753348,0.969640359,
267.0126091,0.968410841,
267.0483163,0.970207829,
267.0822368,0.9729506,
267.1200125,0.961033732,
267.1545858,0.95999337,
267.1909421,0.947698188,
267.2243719,0.942590959,
267.2646916,0.933700597,
267.2978552,0.932849392,
267.3328515,0.935686742,
267.3665762,0.936537947,
267.4033865,0.934740959,
267.4399085,0.93748373,
267.4770712,0.937105416,
267.5022945,0.938807826,
267.5440413,0.926323488,
267.5778021,0.915352402,
267.6116997,0.914028306,
267.6444756,0.895963847,
267.6773673,0.89520722,
267.7150895,0.898990353,
267.7506797,0.898895774,
267.7821775,0.90088192,
267.8145429,0.903908426,
267.8498905,0.89861204,
267.8862459,0.900219871,
267.9346824,0.898990353,
267.9733877,0.89690963,
268.0096571,0.898801196,
268.0457085,0.90088192,
268.0811035,0.901638546,
268.1171459,0.908542763,
268.1512277,0.902489751,
268.1900592,0.900598184,
268.219628,0.899084931,
268.2493264,0.894923485,
268.2860257,0.897193365,
268.3129796,0.897760835,
268.3463578,0.886411436,
268.3776438,0.883763243,
268.4083959,0.883763243,
268.4431468,0.868063242,
268.4782122,0.862010229,
268.51503,0.869765651,
268.5537067,0.887073484,
268.584168,0.890856618,
268.6208807,0.904948787,
268.6562584,0.91043433,
268.6838953,0.909961438,
268.7189693,0.897287943,
268.7485687,0.897949991,
268.7796122,0.894923485,
268.8137606,0.878939749,
268.847451,0.885465653,
268.8849526,0.884992761,
268.9345031,0.884898183,
268.9702937,0.885371074,
269.0068004,0.881777098,
269.0444769,0.877899387,
269.0812511,0.877993965,
269.1181389,0.879601797,
269.1547596,0.881966255,
269.1903673,0.884425291,
269.2282917,0.887830111,
269.2639974,0.904665052,
269.3011299,0.915919872,
269.3400482,0.925756018,
269.3771961,0.93294397,
269.4174754,0.930201199,
269.4569409,0.939375296,
269.4914399,0.943725899,
269.5253052,0.952048791,
269.5610236,0.953940358,
269.594228,0.947698188,
269.6284817,0.943347586,
269.6623366,0.94363132,
269.696996,0.943725899,
269.7340022,0.949022285,
269.7705814,0.961317467,
269.8065115,0.983070481,
269.8465609,0.980611444,
269.8859954,0.9786253,
269.9366223,0.982408432,
269.9701187,0.968978311,
270.0051941,0.966897588,
270.0392107,0.9651006,
270.0737056,0.958007225,
270.111118,0.956777707,
270.15088,0.959236744,
270.1851957,0.959898792,
270.2235647,0.955642768,
270.262141,0.953562045,
270.2992865,0.954696984,
270.3369843,0.95715602,
270.3744254,0.961601202,
270.4109035,0.96283072,
270.4477034,0.964249395,
270.4828074,0.965289757,
270.5207525,0.97238313,
270.560198,0.978057829,
270.5959276,0.981273493,
270.6332559,0.989123493,
270.6742777,0.988272289,
270.7077484,0.987988554,
270.7434671,0.981935541,
270.7732829,0.983448794,
270.8102451,0.979760239,
270.8376906,0.975409636,
270.8728742,0.967654214,
270.9080828,0.966140962,
270.9472403,0.967559636,
270.9837121,0.979003613,
271.0205281,0.986853614,
271.0617108,0.991677108,
271.0991447,0.987799397,
271.1373393,0.988366867,
271.1713329,0.972572287,
271.201559,0.966046383,
271.2261598,0.957250599,
271.2476237,0.941834333,
271.2693496,0.926039753,
271.2924152,0.910245173,
271.328318,0.895869268,
271.3667496,0.88735722,
271.4010905,0.888397581,
271.4369441,0.885938545,
271.4743044,0.886506015,
271.5117736,0.888965051,
271.5488927,0.890856618,
271.5861373,0.893599388,
271.6244346,0.895018063,
271.6613677,0.896058425,
271.699037,0.896815052,
271.733444,0.900219871,
271.7689851,0.900598184,
271.8062629,0.900598184,
271.8400629,0.902111438,
271.8743037,0.901922281,
271.909688,0.900976497,
271.9497331,0.906272883,
271.9869605,0.912704209,
272.0223007,0.917811439,
272.0602241,0.917906017,
272.0968433,0.914312041,
272.135042,0.908826498,
272.1687049,0.906745775,
272.2022742,0.90759698,
272.2378602,0.914974089,
272.2702698,0.925850596,
272.2993256,0.929160838,
272.3223406,0.924148186,
272.3466304,0.932092766,
272.3836011,0.930863248,
272.4195306,0.948927706,
272.4553628,0.950535538,
272.4925892,0.952427104,
272.5323041,0.952521683,
272.5715015,0.951765057,
272.6096016,0.9515759,
272.6468024,0.949211442,
272.6825398,0.946374092,
272.7191149,0.945428309,
272.7482371,0.940983128,
272.784656,0.939280717,
272.8178322,0.939753609,
272.8533594,0.939280717,
272.8944489,0.937010839,
272.9359183,0.938807826,
272.9703189,0.935970477,
273.0023904,0.93748373,
273.0282519,0.927174693,
273.0609563,0.910623486,
273.0931274,0.90088192,
273.127982,0.892180714,
273.1590533,0.88111505,
273.1946464,0.87941264,
273.226892,0.880925893,
273.2603702,0.875629508,
273.2912392,0.873359628,
273.3251185,0.879034327,
273.3575659,0.893031919,
273.3922814,0.890856618,
273.4308621,0.889532521,
273.4602138,0.88508734,
273.4825295,0.880453002,
273.5075529,0.875913242,
273.5293632,0.861253603,
273.5528886,0.844324083,
273.5770005,0.82928613,
273.5982411,0.815383117,
273.6251178,0.801574682,
273.6454596,0.78814456,
273.6729249,0.771404197,
273.6943491,0.759203594,
273.7150766,0.741233712,
273.7444519,0.726763229,
273.7661942,0.719669855,
273.7868973,0.704253589,
273.8131943,0.701510817,
273.8344466,0.691390937,
273.8611016,0.671056598,
273.8854561,0.660558404,
273.9065426,0.660558404,
273.9343024,0.636913824,
273.955933,0.606743339,
273.9763908,0.606743339,
274.0043885,0.59652888,
274.0262942,0.591705386,
274.0494084,0.588300566,
274.071315,0.580166831,
274.0964991,0.560589118,
274.1230547,0.554725262,
274.148082,0.551793334,
274.1727124,0.543281285,
274.197187,0.527959597,
274.2255208,0.515758994,
274.2481144,0.505733692,
274.2712896,0.4917361,
274.3015202,0.487952967,
274.3247385,0.476225255,
274.3488794,0.465159592,
274.3740699,0.459484893,
274.4019376,0.436596939,
274.4264677,0.433475854,
274.4487044,0.427044528,
274.4722639,0.409074647,
274.4969104,0.404251153,
274.5199031,0.386470428,
274.5446013,0.37228368,
274.5683969,0.366136089,
274.5939149,0.3621638,
274.6174279,0.357151149,
274.6401749,0.356205365,
274.6628828,0.353368016,
274.6853863,0.351665606,
274.707988,0.351665606,
274.7305282,0.3486391,
274.7526663,0.34580175,
274.7747656,0.344477653,
274.7972151,0.339843316,
274.8193649,0.338424641,
274.8419067,0.333790303,
274.8640579,0.327737291,
274.8885885,0.325751146,
274.9170033,0.321495121,
274.9385618,0.320833073,
274.9600284,0.317711988,
274.9814323,0.315252952,
275.003626,0.314590904,
275.0263266,0.311469819,
275.0491147,0.309294518,
275.0704074,0.306268011,
275.0927335,0.305511385,
275.1204594,0.303998132,
275.1462944,0.302768614,
275.1685077,0.300498734,
275.1902207,0.298890902,
275.2112508,0.297755963,
275.231632,0.296999336,
275.2518367,0.296148131,
275.273489,0.295013191,
275.295083,0.29283789,
275.3183893,0.29113548,
275.3394498,0.2888656,
275.3603386,0.283663793,
275.3816379,0.283474636,
275.403567,0.282245118,
275.4246152,0.275719214,
275.4455398,0.273449334,
275.4657183,0.272787286,
275.4854443,0.271746924,
275.5052291,0.271746924,
275.5246992,0.272692707,
275.5441774,0.272125237,
275.5637049,0.271652346,
275.5837376,0.271463189,
275.6037664,0.271463189,
275.6237657,0.271557768,
275.6438339,0.271652346,
275.6638478,0.271746924,
275.6839965,0.271841502,
275.709182,0.271841502,
275.7333397,0.272503551,
275.7564239,0.274016804,
275.7794533,0.274016804,
275.8025013,0.274111382,
275.8254972,0.274016804,
275.8470164,0.274111382,
275.8698142,0.274205961,
275.8937764,0.274300539,
275.927395,0.274584274,
275.950416,0.275151744,
275.9734179,0.27590837,
275.9966208,0.27647584,
276.0198613,0.27647584,
276.0485221,0.276286684,
276.0716889,0.276286684,
276.094824,0.276286684,
276.1205678,0.276097527,
276.1410169,0.275530057,
276.1610885,0.275435479,
276.1830876,0.275435479,
276.2031618,0.275435479,
276.2232862,0.274962587,
276.2433438,0.27477343,
276.2634001,0.274111382,
276.2834906,0.273922225,
276.3057229,0.273922225,
276.326406,0.273922225,
276.3468698,0.273922225,
276.3670824,0.273827647,
276.3872144,0.273922225,
276.407709,0.273922225,
276.4277616,0.273733069,
276.4477553,0.273827647,
276.4678311,0.273449334,
276.4878003,0.272692707,
276.5086667,0.272692707,
276.5287747,0.272219816,
276.5487292,0.272030659,
276.5688036,0.271936081,
276.5888443,0.271841502,
276.6083146,0.271841502,
276.6281092,0.271274033,
276.6479926,0.271179454,
276.6709825,0.270990298,
276.6915901,0.271179454,
276.7118718,0.271274033,
276.7312849,0.270990298,
276.7516277,0.270233671,
276.7769709,0.269382466,
276.7987344,0.269949936,
276.82169,0.269855358,
276.8502969,0.270044514,
276.8860523,0.275530057,
276.9303873,0.289905962,
276.9542302,0.29227042,
276.975761,0.29340536,
277.0006816,0.294067408,
277.0270941,0.295296926,
277.0643578,0.295580661,
277.0881192,0.295486083,
277.1093322,0.295486083,
277.129474,0.295296926,
277.151481,0.296148131,
277.1732217,0.296337288,
277.1932626,0.296431866,
277.21276,0.296904758,
277.2330315,0.296999336,
277.2595522,0.301349939,
277.2907979,0.310240301,
277.329487,0.325278254,
277.3657769,0.361974643,
277.4036995,0.379755367,
277.4408055,0.393374646,
277.4790184,0.422788504,
277.5141754,0.439150553,
277.5495454,0.466294532,
277.5874564,0.483224051,
277.6272082,0.516137307,
277.6641544,0.542902972,
277.7008508,0.575437915,
277.7329254,0.581869241,
277.7669672,0.595110206,
277.8026245,0.612701773,
277.8365886,0.635873462,
277.8735958,0.664436115,
277.9130658,0.671056598,
277.9472888,0.693849973,
277.9865654,0.703307806,
278.0238333,0.735937327,
278.0636606,0.759203594,
278.1020989,0.775471065,
278.139548,0.791265645,
278.1794223,0.819639141,
278.2181225,0.84735059,
278.2530046,0.870711435,
278.2931937,0.888965051,
278.3313386,0.905516257,
278.3679494,0.909961438,
278.3969924,0.918568065,
278.4203312,0.908259029,
278.4420536,0.893599388,
278.4633906,0.874210833,
278.4840392,0.855862638,
278.5055947,0.855862638,
278.5264344,0.842148782,
278.5468692,0.825030105,
278.5669235,0.808668056,
278.5879443,0.791265645,
278.6088849,0.791265645,
278.6290348,0.778308415,
278.6499179,0.767148173,
278.6720523,0.750218653,
278.6922227,0.730830097,
278.712567,0.724966241,
278.7343173,0.704915637,
278.7543346,0.692715034,
278.7745286,0.682689731,
278.7955229,0.66812467,
278.8155816,0.652424668,
278.8356115,0.647790331,
278.8551728,0.631239124,
278.8773676,0.631239124,
278.8978117,0.615255388,
278.9286266,0.59936623,
278.9486366,0.579977674,
278.9682088,0.567304179,
278.9876903,0.549334298,
279.0072188,0.549334298,
279.0272505,0.53571502,
279.0467671,0.529662007,
279.0663153,0.519825862,
279.085832,0.50980056,
279.1053453,0.50980056,
279.12697,0.493249353,
279.1465538,0.470455978,
279.1660834,0.447000554,
279.1876059,0.432530071,
279.2076886,0.432530071,
279.2275362,0.417113804,
279.2471568,0.403116213,
279.2667485,0.388834886,
279.2864105,0.374080668,
279.3059476,0.374080668,
279.3253814,0.350152353,
279.3449021,0.327358977,
279.375105,0.309483674,
279.3966987,0.303430662,
279.416411,0.295391505,
279.4371519,0.295864396,
279.4578839,0.295864396,
279.4782029,0.295864396,
279.4982321,0.287446926,
279.5182634,0.285555359,
279.5378178,0.284704154,
279.5583125,0.283569214,
279.578303,0.284231263,
279.5979948,0.284609576,
279.6179082,0.284514998,
279.6375173,0.284514998,
279.6570527,0.284420419,
279.6787278,0.284420419,
279.6984028,0.283190901,
279.7178957,0.283190901,
279.7373947,0.283096323,
279.7681948,0.284987889,
279.7887821,0.296337288,
279.8090907,0.296337288,
279.8299334,0.297661384,
279.8507539,0.298418011,
279.8725614,0.298890902,
279.8927455,0.30125536,
279.929619,0.301539095,
279.950157,0.301539095,
279.9697826,0.301539095,
279.9893108,0.299269216,
280.0087805,0.299269216,
280.0289085,0.299080059,
280.0504645,0.299080059,
280.0700912,0.298985481,
280.089623,0.298985481,
280.1118279,0.298985481,
280.1348827,0.298890902,
280.1544316,0.298890902,
280.1739013,0.298512589,
280.1932852,0.299458372,
280.2126318,0.299552951,
280.2322168,0.299458372,
280.2516509,0.299458372,
280.271099,0.299458372,
280.2905115,0.299363794,
280.3097557,0.299363794,
280.3291833,0.299269216,
280.3485521,0.299363794,
280.3680151,0.297566806,
280.3874233,0.285839094,
280.4069567,0.285839094,
280.4263864,0.285649937,
280.4458498,0.285460781,
280.4652707,0.285271624,
280.4846435,0.284136684,
280.5040074,0.284136684,
280.5234008,0.282623431,
280.5427391,0.281866805,
280.5622017,0.281866805,
280.581699,0.281866805,
280.6010569,0.281866805,
280.6204825,0.281772226,
280.6399288,0.281677648,
280.6597352,0.281677648,
280.6814014,0.282245118,
280.7007764,0.282245118,
280.7201814,0.282339696,
280.7395677,0.282339696,
280.7589646,0.282055961,
280.7823558,0.275151744,
280.8130422,0.270328249,
280.8384999,0.286406564,
280.8657538,0.301917409,
280.8999989,0.309105361,
280.9525034,0.316955362,
280.9912638,0.353557172,
281.0291857,0.388551151,
281.0678111,0.422599347,
281.108049,0.441231276,
281.146166,0.479251762,
281.1852024,0.500626462,
281.2224643,0.526540922,
281.2569615,0.540916827,
281.2905914,0.553212009,
281.3267128,0.583949964,
281.3595731,0.601541531,
281.3949031,0.620173461,
281.4332716,0.628307196,
281.4720751,0.659707199,
281.5116021,0.673231899,
281.5504833,0.721466843,
281.5825694,0.741422869,
281.6210863,0.783226487,
281.6555591,0.792400584,
281.690073,0.81462649,
281.7236319,0.825030105,
281.7560424,0.84281083,
281.7886812,0.864658422,
281.8247709,0.877426496,
281.859104,0.888397581,
281.903747,0.900314449,
281.9415311,0.906651197,
281.9797642,0.91383915,
282.0166893,0.913082523,
282.0539973,0.910528908,
282.0916642,0.904192161,
282.1287902,0.89861204,
282.1664565,0.899841558,
282.2039954,0.901449389,
282.2356515,0.902868064,
282.2731939,0.889437943,
282.3108746,0.892275292,
282.3499075,0.896720473,
282.387147,0.901543967,
282.4268492,0.903813847,
282.4639036,0.903530113,
282.5006379,0.904192161,
282.5368389,0.901827702,
282.5709602,0.90362469,
282.6081158,0.903719269,
282.6401186,0.905421679,
282.6779399,0.897477099,
282.7167259,0.892180714,
282.7554105,0.898990353,
282.7947599,0.904475895,
282.8327273,0.916771077,
282.8711542,0.923107825,
282.9082361,0.920743367,
282.9465474,0.923013247,
282.9847955,0.920932524,
283.0249279,0.928025897,
283.0637406,0.929349994,
283.1056433,0.928687946,
283.1437875,0.931241561,
283.1825269,0.934740959,
283.2190397,0.935592163,
283.256875,0.941928911,
283.2948043,0.94760361,
283.3275011,0.945995779,
283.3607072,0.937010839,
283.3971698,0.932849392,
283.4349066,0.932754813,
283.4713738,0.934268067,
283.5030005,0.931336139,
283.5388726,0.92566144,
283.5722096,0.92395903,
283.6069449,0.928593368,
283.642878,0.929633729,
283.6798568,0.935403006,
283.7161787,0.93691626,
283.7537582,0.929633729,
283.7912531,0.931525295,
283.8260167,0.933038549,
283.8631009,0.929444572,
283.8980607,0.931430717,
283.9363022,0.91941927,
283.9730747,0.904570474,
284.0098921,0.904475895,
284.0482511,0.895680112,
284.0841841,0.899652401,
284.1184111,0.900692763,
284.1654333,0.897287943,
284.1995621,0.894923485,
284.231899,0.887073484,
284.2661014,0.882344568,
284.3024464,0.879034327,
284.3369355,0.886033123,
284.3716185,0.885843966,
284.3988576,0.882344568,
284.4241512,0.872413845,
284.4625308,0.865604206,
284.4967506,0.865698783,
284.5319494,0.868252399,
284.5713187,0.874872881,
284.6070014,0.876669869,
284.6439565,0.879223483,
284.6729614,0.872603002,
284.710001,0.862293964,
284.7439381,0.861159024,
284.7783698,0.85520059,
284.8146459,0.849147577,
284.8473874,0.847634324,
284.883889,0.844607818,
284.9121909,0.845742758,
284.9482052,0.846783119,
284.9812588,0.849052999,
285.0161917,0.847256011,
285.0503303,0.851039144,
285.0874756,0.85236324,
285.1206851,0.85009336,
285.158949,0.84508071,
285.190579,0.839500589,
285.2220518,0.837136131,
285.254679,0.835717455,
285.2866525,0.833636733,
285.3200074,0.831650588,
285.3509725,0.829475287,
285.3806155,0.824840949,
285.4130268,0.823327696,
285.4478196,0.830704805,
285.4837654,0.834393359,
285.5232573,0.837325288,
285.5615102,0.8433783,
285.598808,0.849809626,
285.6380037,0.851417457,
285.6731779,0.854254807,
285.7095626,0.856619265,
285.7441057,0.859929506,
285.7784487,0.853687337,
285.8104142,0.853971071,
285.8441752,0.851133722,
285.8804143,0.853687337,
285.9327523,0.859456615,
285.9679679,0.863239747,
286.0012603,0.862199386,
286.0347935,0.868536133,
286.0690247,0.864563844,
286.0999169,0.859172879,
286.136376,0.85520059,
286.1658543,0.859834928,
286.2003563,0.851606614,
286.2284791,0.851133722,
286.2640472,0.847634324,
286.2893443,0.846499385,
286.3230461,0.844418661,
286.3536431,0.84508071,
286.3911769,0.844134926,
286.4283025,0.847823481,
286.4654372,0.85463312,
286.5051637,0.858416253,
286.5439544,0.862483121,
286.5822646,0.85803794,
286.6173811,0.853592758,
286.6496358,0.846121071,
286.6824875,0.839689745,
286.7173517,0.829664443,
286.7463412,0.829191552,
286.778349,0.826259624,
286.8119262,0.823800587,
286.8491152,0.829759022,
286.8866986,0.828529503,
286.9336697,0.824368057,
286.9675652,0.825786732,
287.0022144,0.821719864,
287.0347281,0.821625286,
287.0683519,0.820679503,
287.0980899,0.827110828,
287.1303716,0.819260828,
287.1634656,0.819544563,
287.1979863,0.816612635,
287.2300201,0.816801791,
287.265758,0.815383117,
287.3031697,0.81859878,
287.3441321,0.821530708,
287.3812545,0.832596371,
287.4197091,0.83940601,
287.4550914,0.839878902,
287.4871595,0.836190347,
287.5230328,0.83155601,
287.5586316,0.827299985,
287.5919578,0.827867455,
287.6249681,0.821530708,
287.6591583,0.823611431,
287.6915484,0.818693358,
287.7259459,0.816612635,
287.7618724,0.820206611,
287.7983649,0.826637937,
287.8343995,0.834487937,
287.8732746,0.839122275,
287.9117126,0.845269866,
287.9441192,0.846688541,
287.9778085,0.837325288,
288.0124819,0.83883854,
288.047043,0.832312636,
288.0763417,0.832407215,
288.1126643,0.82871866,
288.1434465,0.842621673,
288.1787635,0.841486733,
288.2119788,0.842054204,
288.2510737,0.85406565,
288.2901639,0.854160229,
288.3246028,0.864942157,
288.3592961,0.863712639,
288.3945147,0.866833724,
288.4285387,0.864942157,
288.4670148,0.863523482,
288.5037932,0.863901796,
288.5381878,0.865036735,
288.5751369,0.862483121,
288.611523,0.863050591,
288.6475574,0.863523482,
288.6871403,0.867779507,
288.7112146,0.868819868,
288.732468,0.865131314,
288.7528584,0.851228301,
288.7741788,0.832501793,
288.795094,0.820584924,
288.8152342,0.806303598,
288.8382487,0.79939938,
288.8597425,0.777173475,
288.891224,0.757312027,
288.9113676,0.750880701,
288.9407362,0.741328291,
288.961664,0.714657204,
288.9819782,0.708415035,
289.0025365,0.701321661,
289.0235138,0.685621659,
289.0452256,0.673137321,
289.065391,0.661315031,
289.0861115,0.65062768,
289.1058454,0.65062768,
289.1277224,0.637008402,
289.1489024,0.623767437,
289.1689502,0.606837918,
289.1890418,0.595961411,
289.2086034,0.595961411,
289.2287503,0.579883096,
289.2483905,0.568722854,
289.2685837,0.554914419,
289.2890458,0.535904176,
289.3177337,0.522946946,
289.349387,0.524838513,
289.3726163,0.519069235,
289.3991118,0.50980056,
289.4322133,0.50866562,
289.4669708,0.50639574,
289.501741,0.513962006,
289.5367344,0.515758994,
289.5681155,0.527013814,
289.6030797,0.517177669,
289.6353685,0.517555982,
289.6595188,0.510273451,
289.6841882,0.503842125,
289.7182037,0.509138511,
289.7505661,0.514718632,
289.7741571,0.525595139,
289.7951837,0.525405983,
289.8148929,0.526068031,
289.8426256,0.522379476,
289.8766577,0.54299755,
289.9034928,0.559548757,
289.9304537,0.563993938,
289.951452,0.561724058,
289.9717671,0.561818636,
289.9996952,0.562007793,
290.033077,0.575248758,
290.0613923,0.61402587,
290.082481,0.612607195,
290.1033993,0.613742135,
290.1285038,0.61005358,
290.1631735,0.619795148,
290.1916206,0.637765029,
290.2138213,0.643818041,
290.235066,0.650060211,
290.256614,0.651100572,
290.2874796,0.651100572,
290.3211121,0.669732501,
290.3455766,0.680419852,
290.3684025,0.673893948,
290.3890217,0.677393345,
290.4136828,0.672475273,
290.4480113,0.65630238,
290.4763779,0.662828284,
290.4998394,0.660936717,
290.5205744,0.648263222,
290.5411426,0.642021053,
290.5643476,0.612418038,
290.6003623,0.605986713,
290.6295562,0.612985508,
290.6513697,0.610810207,
290.6723104,0.609107797,
290.693654,0.603243941,
290.7198993,0.577613216,
290.7556241,0.578653578,
290.7831128,0.586314422,
290.8053063,0.591137916,
290.82706,0.586598157,
290.8491349,0.577140325,
290.885645,0.563521046,
290.9163887,0.585368639,
290.9389738,0.589057193,
290.9603276,0.586692735,
290.981122,0.578180686,
291.0024367,0.573546348,
291.037139,0.566736709,
291.0712225,0.58754394,
291.093688,0.599649965,
291.1157365,0.596623459,
291.1359383,0.590286711,
291.1624677,0.563615625,
291.1980564,0.559454178,
291.2261585,0.572411408,
291.2495591,0.57628912,
291.2701067,0.577991529,
291.2906142,0.571560204,
291.3200902,0.555103576,
291.3528041,0.559643335,
291.3807739,0.570330685,
291.4130218,0.580261409,
291.4442822,0.597758399,
291.4746683,0.602960206,
291.5088199,0.607594544,
291.5422906,0.622632497,
291.5781591,0.628874666,
291.6144115,0.639562017,
291.6571664,0.658950573,
291.6961322,0.683540936,
291.7235654,0.688837322,
291.7621448,0.688269852,
291.7928561,0.701321661,
291.8244359,0.698957203,
291.8622957,0.709739131,
291.8946466,0.720615638,
291.9368913,0.709739131,
291.9613252,0.702834914,
291.991161,0.69290419,
292.0252764,0.700848769,
292.0595455,0.698673468,
292.0957184,0.703118649,
292.1357579,0.716927084,
292.1726664,0.746246364,
292.2126904,0.750124075,
292.2393607,0.765540341,
292.2728102,0.767337329,
292.3044637,0.775849378,
292.3343989,0.781618656,
292.3652646,0.76506745,
292.3991394,0.778875884,
292.4278206,0.769323474,
292.4620552,0.766486124,
292.4959645,0.777268053,
292.5329619,0.781145764,
292.5715868,0.790130705,
292.6072207,0.793440946,
292.6428791,0.794292151,
292.6820012,0.80053432,
292.7191482,0.804033718,
292.755683,0.805830706,
292.7943325,0.806871068,
292.8326909,0.817558418,
292.8673248,0.815383117,
292.9051657,0.811978297,
292.9414468,0.829191552,
292.9750217,0.844607818,
293.0123846,0.861537338,
293.0472786,0.887924689,
293.0859464,0.894545172,
293.1208266,0.89634216,
293.1547055,0.890194569,
293.1943459,0.898517461,
293.2268954,0.889816256,
293.2641139,0.88565481,
293.2963291,0.882344568,
293.3329624,0.884614448,
293.3666505,0.912325896,
293.4029898,0.914501197,
293.4399249,0.923107825,
293.4748425,0.930295777,
293.5134275,0.920365054,
293.5462118,0.932187344,
293.5751978,0.925472283,
293.6011869,0.915163246,
293.6364804,0.905799992,
293.668505,0.899368666,
293.6993696,0.89463975,
293.7330203,0.887451798,
293.7672831,0.891896979,
293.8014411,0.888965051,
293.8390079,0.886411436,
293.8748634,0.884992761,
293.9135479,0.887735533,
293.9584991,0.897193365,
293.9944181,0.902395172,
294.0302759,0.902300594,
294.0641994,0.896625894,
294.0967195,0.89009999,
294.1355142,0.890383726,
294.166975,0.901354811,
294.1931779,0.890951195,
294.2180705,0.879980111,
294.243397,0.870522278,
294.2778472,0.862577699,
294.3076508,0.860780711,
294.3410791,0.857659626,
294.3745591,0.85803794,
294.4112032,0.856808422,
294.4454724,0.843662035,
294.4833155,0.843945769,
294.5221872,0.844986131,
294.5562438,0.849147577,
294.5893914,0.848107216,
294.6214543,0.853592758,
294.650346,0.848485529,
294.6747855,0.835717455,
294.7094269,0.823233117,
294.7386016,0.834298781,
294.7766007,0.826732515,
294.8119407,0.830042756,
294.8475152,0.829096973,
294.8818187,0.819733719,
294.9317549,0.815950587,
294.9705437,0.820301189,
295.0075625,0.822287334,
295.0435896,0.819166249,
295.0810683,0.824273479,
295.1179633,0.829380708,
295.1545404,0.831272275,
295.192995,0.838460227,
295.2308349,0.848580108,
295.2675795,0.860213241,
295.3065353,0.866549989,
295.3436643,0.879601797,
295.3776079,0.888397581,
295.4135689,0.890856618,
295.4488262,0.898233727,
295.4773481,0.894734329,
295.5129537,0.885843966,
295.545991,0.889627099,
295.5797414,0.888397581,
295.6179896,0.891234931,
295.654138,0.892559027,
295.6864253,0.905137944,
295.7239265,0.904759631,
295.75663,0.916581921,
295.7837364,0.91714939,
295.8195854,0.920932524,
295.8510625,0.921499993,
295.8881765,0.92736385,
295.9325397,0.922445777,
295.9664123,0.930106621,
295.9994737,0.927174693,
296.0324938,0.933227705,
296.0718762,0.930863248,
296.1075684,0.931052404,
296.1466466,0.929539151,
296.1863098,0.92736385,
296.2230188,0.933700597,
296.2604783,0.937389152,
296.2942761,0.933322284,
296.3301472,0.922351198,
296.3612507,0.923864452,
296.3907695,0.911001799,
296.4248678,0.918473487,
296.4563013,0.920837945,
296.4885832,0.91714939,
296.520288,0.912704209,
296.5536361,0.905516257,
296.5853626,0.915730716,
296.6204198,0.920270475,
296.6528294,0.921499993,
296.6924059,0.914784933,
296.7211615,0.905516257,
296.7541727,0.898328305,
296.7843628,0.896436738,
296.8113489,0.901354811,
296.8441953,0.889816256,
296.8745248,0.888586738,
296.9087745,0.883668665,
296.9471465,0.88735722,
296.9797967,0.885181918,
297.0166065,0.883574086,
297.047895,0.879980111,
297.0855225,0.873737941,
297.1182667,0.87213011,
297.1594422,0.877331918,
297.1960452,0.869954809,
297.2301957,0.869765651,
297.2679277,0.874399989,
297.3029555,0.876669869,
297.3427881,0.875818664,
297.3807198,0.873359628,
297.4156218,0.884236135,
297.4510672,0.888397581,
297.4839366,0.887735533,
297.5201732,0.89293734,
297.5539521,0.892653605,
297.5895146,0.89577469,
297.6234448,0.898801196,
297.655103,0.898233727,
297.6925758,0.900314449,
297.7264981,0.908826498,
297.7621992,0.921027101,
297.7988942,0.926039753,
297.8342245,0.936159634,
297.8724358,0.932187344,
297.9063685,0.941739754,
297.9437248,0.943347586,
297.9767231,0.942401802,
298.0115401,0.942212646,
298.0453967,0.942780115,
298.0827836,0.943820477,
298.1373883,0.941077706,
298.173354,0.945239152,
298.2080862,0.944955417,
298.2394926,0.950157225,
298.2791658,0.950251803,
298.3152626,0.950913852,
298.3516133,0.94817108,
298.3913883,0.947792767,
298.4267606,0.952048791,
298.4643402,0.956210238,
298.4943361,0.955642768,
298.5306394,0.951481321,
298.5625498,0.951670478,
298.5908248,0.940983128,
298.6316256,0.939564453,
298.6759562,0.93748373,
298.7164475,0.934930115,
298.7511091,0.923864452,
298.7849963,0.92225662,
298.821871,0.917622282,
298.853202,0.918189752,
298.8881633,0.909204812,
298.9274888,0.903719269,
298.9633875,0.894166858,
298.9944616,0.897004208,
299.0247032,0.884425291,
299.0613865,0.887735533,
299.0976842,0.885465653,
299.13316,0.88168252,
299.1660595,0.874683724,
299.2009036,0.867401194,
299.2345972,0.868063242,
299.2683085,0.856524687,
299.3038674,0.854822276,
299.3359228,0.854822276,
299.3716672,0.847728903,
299.4078312,0.846877698,
299.4440513,0.84167589,
299.4834154,0.843756613,
299.522135,0.852457819,
299.5557683,0.852741553,
299.5922971,0.857565048,
299.6275044,0.858416253,
299.6671352,0.856808422,
299.6995154,0.857281313,
299.7341205,0.858983723,
299.7661651,0.862293964,
299.8000359,0.857943361,
299.8354051,0.862861434,
299.8702461,0.862010229,
299.9023913,0.864942157,
299.9388739,0.866266253,
299.9751542,0.885276496,
300.0104191,0.886506015,
300.0405843,0.903340956,
300.08324,0.89293734,
300.1072699,0.891707822,
300.1419066,0.879034327,
300.1747172,0.877521074,
300.2047861,0.878939749,
300.2392195,0.875818664,
300.2684427,0.886600592,
300.3050192,0.881209629,
300.3361475,0.884709027,
300.3714305,0.884046978,
300.4048051,0.888492159,
300.4389788,0.891991557,
300.4753213,0.892559027,
300.5134223,0.889437943,
300.5520864,0.886884328,
300.5900468,0.888019267,
300.6269654,0.889248785,
300.6654107,0.897004208,
300.7045809,0.902773485,
300.7437386,0.910150595,
300.7815501,0.914028306,
300.8200742,0.925283127,
300.8559054,0.930201199,
300.8896082,0.930957826,
300.9320497,0.929160838,
300.9611206,0.924053608,
300.9950501,0.922729511,
301.0266261,0.925377704,
301.0663885,0.939469875,
301.1039222,0.940699393,
301.1431179,0.945239152,
301.1807259,0.966613853,
301.217437,0.978057829,
301.2567366,0.971437347,
301.290834,0.973801805,
301.3265164,0.974747589,
301.3614678,0.976071685,
301.3972787,0.971342769,
301.4245191,0.971721082,
301.4532541,0.967654214,
301.4911391,0.958101804,
301.5283718,0.955264455,
301.5661575,0.95885843,
301.6056557,0.963114455,
301.6419199,0.964533129,
301.6785773,0.966046383,
301.7164134,0.96339819,
301.7556007,0.962736142,
301.7908719,0.956872286,
301.8258151,0.961506623,
301.8614555,0.957345177,
301.8980668,0.952048791,
301.9375306,0.952427104,
301.9662982,0.956872286,
301.9972949,0.953656622,
302.0315288,0.954224093,
302.0692488,0.962925298,
302.1057441,0.964627708,
302.1436482,0.964816865,
302.179113,0.958007225,
302.215791,0.958669274,
302.2497268,0.96283072,
302.2821713,0.963681925,
302.3167774,0.964627708,
302.3448648,0.957439756,
302.3791654,0.953751201,
302.4105818,0.956966864,
302.4490094,0.954318671,
302.4813738,0.968599998,
302.5188052,0.969924094,
302.5534311,0.977868673,
302.5903363,0.980516866,
302.6282313,0.983732529,
302.6663534,0.979665662,
302.7024665,0.981084336,
302.7391254,0.980422288,
302.7701188,0.974747589,
302.8055269,0.96169578,
302.8336078,0.962925298,
302.8695933,0.951197586,
302.904542,0.95100843,
302.9470175,0.947981923,
302.9809197,0.946184936,
303.0179392,0.950062647,
303.050553,0.954507827,
303.0901274,0.948833128,
303.1188858,0.939469875,
303.1522843,0.926039753,
303.1869187,0.921878306,
303.2155054,0.909961438,
303.2496855,0.902773485,
303.2780882,0.906934932,
303.3141738,0.909204812,
303.3480416,0.902773485,
303.3822261,0.901733125,
303.414753,0.903908426,
303.4500509,0.911001799,
303.4872516,0.911285535,
303.5223719,0.90873192,
303.557552,0.902773485,
303.5943641,0.905799992,
303.6319761,0.904570474,
303.6714608,0.904854209,
303.7067154,0.901071076,
303.7465064,0.903246377,
303.7815242,0.904381318,
303.8194026,0.906178305,
303.8564864,0.905989149,
303.8956949,0.931998187,
303.9384569,0.931336139,
303.9724539,0.941077706,
304.0124615,0.942307224,
304.0474613,0.936821681,
304.0838778,0.935686742,
304.1200436,0.931903608,
304.1661685,0.931619874,
304.2027802,0.937199995,
304.2402252,0.94760361,
304.2780904,0.965384334,
304.3131808,0.971721082,
304.3475652,0.976260841,
304.382091,0.973707227,
304.4179985,0.969640359,
304.4534359,0.966613853,
304.4861856,0.969072889,
304.5168521,0.96623554,
304.5506609,0.964816865,
304.5842516,0.958574695,
304.6204892,0.959142166,
304.6553083,0.963871082,
304.6939675,0.966424696,
304.7296378,0.968127106,
304.7643127,0.966897588,
304.8022206,0.967559636,
304.8392626,0.970207829,
304.8745409,0.972477709,
304.9112974,0.974274697,
304.9477149,0.976828311,
304.9876776,0.977963252,
305.023992,0.977206625,
305.0631546,0.980422288,
305.1016422,0.983637951,
305.1392288,0.984394578,
305.1764468,0.986191566,
305.2120382,0.984962047,
305.2446909,0.985151204,
305.2765107,0.984299999,
305.3128403,0.976071685,
305.3533375,0.978814457,
305.3914773,0.982692168,
305.428412,0.984016264,
305.4640119,0.988556023,
305.5010572,0.990920482,
305.5379233,0.989596385,
305.5747194,0.994230723,
305.6126486,0.997919278,
305.648921,0.985529517,
305.6821701,0.984016264,
305.7169021,0.979287348,
305.7463128,0.977679516,
305.7762429,0.975315059,
305.8146578,0.966140962,
305.8520281,0.965573491,
305.9043351,0.967086745,
305.9404956,0.964722286,
305.9762999,0.966708431,
306.012907,0.970396986,
306.0510571,0.971437347,
306.0885864,0.971815661,
306.1223037,0.962074093,
306.1610958,0.951481321,
306.1965221,0.949211442,
306.2336965,0.950062647,
306.2687389,0.950724695,
306.3030959,0.953089153,
306.3399037,0.948549393,
306.3757691,0.951670478,
306.4059068,0.957723491,
306.4411173,0.947981923,
306.4698513,0.948549393,
306.4954617,0.937862043,
306.5317242,0.93294397,
306.565382,0.928309633,
306.6056002,0.924715657,
306.6401843,0.925566861,
306.6726843,0.926607223,
306.7138934,0.92566144,
306.7491065,0.932281922,
306.7842157,0.930957826,
306.8219098,0.943915056,
306.8579696,0.94363132,
306.8993884,0.940604814,
306.9365112,0.937767465,
306.9734406,0.93578132,
307.0085652,0.935592163,
307.0444523,0.937199995,
307.0789469,0.926323488,
307.1102226,0.926134332,
307.1448995,0.928215054,
307.1736868,0.927080114,
307.2035172,0.91714939,
307.2396114,0.921972885,
307.2690255,0.930484934,
307.3013893,0.924337343,
307.3391328,0.921594572,
307.3767522,0.915919872,
307.4121118,0.911663848,
307.4496658,0.928877102,
307.4854991,0.926985536,
307.5196355,0.942212646,
307.5504681,0.940983128,
307.5888294,0.929917464,
307.6199994,0.933795175,
307.6506438,0.928593368,
307.6841287,0.917716861,
307.714015,0.919230114,
307.7499752,0.908542763,
307.7862403,0.908448185,
307.8218504,0.911380113,
307.8569995,0.912325896,
307.8903614,0.915919872,
307.9322984,0.916960234,
307.9738268,0.90702951,
308.0097265,0.908353607,
308.0481461,0.911380113,
308.0839391,0.915257825,
308.1194734,0.916014451,
308.1678539,0.920648788,
308.2049447,0.922067463,
308.2407152,0.925850596,
308.2784999,0.927836741,
308.3152489,0.943442164,
308.3546865,0.944482525,
308.3906239,0.947509032,
308.4242464,0.950819273,
308.4572113,0.945995779,
308.4928153,0.937862043,
308.523879,0.936065055,
308.5580406,0.936159634,
308.595701,0.93578132,
308.6320188,0.93521385,
308.6683816,0.958669274,
308.7044084,0.957723491,
308.7410709,0.96283072,
308.7748387,0.971721082,
308.8132263,0.973328913,
308.8474906,0.966046383,
308.8816646,0.964249395,
308.9165161,0.957345177,
308.9509347,0.954507827,
308.9839832,0.958763852,
309.0196511,0.958763852,
309.0553445,0.955831924,
309.0927353,0.952427104,
309.1270902,0.951670478,
309.1620128,0.953845779,
309.197681,0.955075297,
309.2349831,0.956115659,
309.2720561,0.956777707,
309.3073334,0.953467466,
309.3430769,0.955359032,
309.3816389,0.960087949,
309.4192178,0.966897588,
309.4558313,0.967748793,
309.493073,0.977679516,
309.5324926,0.983637951,
309.5701098,0.991298795,
309.6027706,0.989690964,
309.6392229,0.986286143,
309.6744658,0.986569879,
309.7090653,0.981084336,
309.742332,0.975125902,
309.7772474,0.970586142,
309.8125478,0.973423492,
309.851001,0.984016264,
309.8925721,0.98931265,
309.9345366,0.989123493,
309.9696692,0.987421084,
310.0070659,0.986380722,
310.0395602,0.987042771,
310.0758524,0.976639155,
310.1095235,0.975125902,
310.1412047,0.970302407,
310.1676941,0.965857226,
310.1909293,0.957250599,
310.2140017,0.950913852,
310.2498155,0.926890958,
310.2865754,0.92055421,
310.3236317,0.920081319,
310.3596078,0.920743367,
310.3957436,0.92282409,
310.432981,0.926890958,
310.4716525,0.923864452,
310.5096915,0.924526499,
310.5469237,0.930295777,
310.5867319,0.929633729,
310.6205892,0.928309633,
310.6560764,0.925756018,
310.6937308,0.926512645,
310.7266555,0.926796379,
310.7608233,0.921878306,
310.793726,0.917527704,
310.8289132,0.922067463,
310.8682301,0.926701801,
310.9053304,0.927931319,
310.9456747,0.928971681,
310.9863355,0.928120476,
311.0238388,0.927269271,
311.0606137,0.927174693,
311.0962291,0.928215054,
311.1302234,0.924904813,
311.1647964,0.923013247,
311.1996124,0.934268067,
311.2336986,0.955831924,
311.2678339,0.951859635,
311.3066114,0.947887346,
311.3406773,0.949022285,
311.3791519,0.961033732,
311.4170015,0.9594259,
311.4543013,0.958196382,
311.4917101,0.95885843,
311.5527744,0.956588551,
311.5952944,0.957250599,
311.6481317,0.942212646,
311.6804761,0.940510236,
311.717575,0.940510236,
311.751059,0.941456019,
311.780874,0.942685538,
311.8159567,0.942307224,
311.8473972,0.940037345,
311.920655,0.941361441,
311.9512471,0.940510236,
312.0114787,0.93691626,
312.0611465,0.92395903,
312.1102667,0.913366258,
312.1462285,0.915730716,
312.1802707,0.904759631,
312.2138513,0.901071076,
312.2462987,0.900030715,
312.2821121,0.911285535,
312.324371,0.91440662,
312.3626455,0.918757222,
312.4144833,0.906651197,
312.4361798,0.893693967,
312.4729885,0.868441555,
312.5066179,0.853214445,
312.5376954,0.842054204,
312.5666767,0.811978297,
312.5876372,0.799493959,
312.6168912,0.788806608,
312.6391048,0.78473974,
312.6625288,0.760149377,
312.6943108,0.74927287,
312.7159956,0.741706604,
312.764259,0.726006603,
312.7851757,0.712765638,
312.82435,0.707752987,
312.8576162,0.685337924,
312.8931326,0.661882501,
312.918221,0.637197559,
312.9490043,0.623389124,
312.9748073,0.610526472,
312.9971859,0.593313218,
313.0238118,0.580261409,
313.0499369,0.572033095,
313.0801055,0.567682492,
313.1320629,0.548010201,
313.1625113,0.534296345,
313.2004837,0.525784296,
313.2389365,0.509989716,
313.2745174,0.50412586,
313.3075503,0.489277064,
313.330461,0.46809152,
313.357559,0.421275251,
313.3789369,0.421275251,
313.401241,0.405953562,
313.4440365,0.402832478,
313.4696051,0.382687295,
313.5063294,0.373324042,
313.5423704,0.364433679,
313.5666833,0.361690908,
313.6059821,0.35819151,
313.6446997,0.354881269,
313.6789634,0.350436088,
313.7084675,0.34580175,
313.7306941,0.344288497,
313.7532138,0.343058979,
313.7758754,0.340599942,
313.7981205,0.337478858,
313.8200499,0.333033677,
313.8423405,0.330196327,
313.8644263,0.323008374,
313.9159725,0.319225242,
313.9401405,0.318468615,
313.9754258,0.316860784,
314.0094579,0.313739699,
314.0411338,0.311942711,
314.068049,0.306835481,
314.0890937,0.30522765,
314.1110042,0.30522765,
314.1378216,0.298796324,
314.1620761,0.296242709,
314.1934486,0.292364998,
314.2148831,0.29227042,
314.2376573,0.29000054,
314.285161,0.285460781,
314.3066511,0.284325841,
314.3412971,0.283852949,
314.375397,0.281677648,
314.4080717,0.281110178,
314.4309817,0.27761078,
314.452515,0.275813792,
314.4766664,0.271084876,
314.4982783,0.269193309,
314.5186365,0.269666201,
314.5391643,0.270044514,
314.5589595,0.271084876,
314.5792733,0.270801141,
314.622364,0.270517406,
314.6427602,0.270611984,
314.6631751,0.270611984,
314.6835198,0.270706563,
314.707394,0.270706563,
314.7277005,0.270801141,
314.7530132,0.270895719,
314.7765983,0.271463189,
314.8001432,0.272219816,
314.8233297,0.272503551,
314.8583721,0.272503551,
314.8954004,0.272503551,
314.9365206,0.272503551,
314.9620276,0.272598129,
314.9877389,0.272503551,
315.0118587,0.272503551,
315.037175,0.272787286,
315.0649219,0.274395117,
315.0904314,0.275057165,
315.1194669,0.274962587,
315.1570215,0.274962587,
315.1867423,0.275057165,
315.2183966,0.274868009,
315.2479587,0.274678852,
315.2777001,0.274489695,
315.3048518,0.273638491,
315.3336358,0.273449334,
315.3590664,0.273733069,
315.384274,0.273827647,
315.4097079,0.273733069,
315.435201,0.273733069,
315.4607493,0.273449334,
315.4866788,0.273354756,
315.5121461,0.273354756,
315.5381942,0.272787286,
315.5635327,0.272219816,
315.5891497,0.272125237,
315.6132746,0.271841502,
315.6388062,0.271368611,
315.66397,0.270328249,
315.6911087,0.270044514,
315.7165245,0.269949936,
315.7419875,0.269855358,
315.768464,0.269666201,
315.7937015,0.269287888,
315.8188991,0.269287888,
315.8468039,0.269571623,
315.8713991,0.269287888,
315.9001744,0.269004153,
315.9293157,0.268814996,
315.9552908,0.268720418,
315.9799759,0.268720418,
316.008584,0.268720418,
316.0395113,0.269098731,
316.0673829,0.269382466,
316.1050369,0.269004153,
316.1470601,0.280731865,
316.1773473,0.292743312,
316.2050355,0.296242709,
316.2367836,0.297093914,
316.2669859,0.300120421,
316.2975286,0.300404156,
316.3295848,0.300025842,
316.3556036,0.299931264,
316.382138,0.299552951,
316.4083391,0.299931264,
316.4342566,0.300404156,
316.4626517,0.30125536,
316.4920236,0.306268011,
316.5317349,0.319981868,
316.5725876,0.354313799,
316.6213423,0.391010188,
316.6699616,0.415789708,
316.7169426,0.447473446,
316.7632919,0.47877887,
316.8106811,0.503274655,
316.8578813,0.552833696,
316.9024382,0.571843939,
316.9574277,0.58754394,
317.0179372,0.62471322,
317.0535674,0.645236716,
317.1059547,0.669732501,
317.155923,0.708225878,
317.2039462,0.73347829,
317.2608501,0.753812629,
317.3064447,0.780767451,
317.3464727,0.795994561,
317.3852245,0.810370466,
317.4245913,0.818693358,
317.4702742,0.84110842,
317.5153451,0.875156616,
317.5604081,0.906178305,
317.6046694,0.918284331,
317.6506271,0.916203607,
317.6973934,0.920365054,
317.7443298,0.919135536,
317.7932291,0.917811439,
317.8422767,0.920365054,
317.890379,0.924904813,
317.9437595,0.929160838,
317.9893041,0.929917464,
318.0353325,0.937199995,
318.0871988,0.936632525,
318.1396236,0.942496381,
318.1883202,0.945144574,
318.2345654,0.946184936,
318.2817621,0.950346382,
318.3365872,0.945617466,
318.381311,0.943442164,
318.4267926,0.946752405,
318.4703746,0.947036141,
318.5147257,0.94363132,
318.5602502,0.944009634,
318.6066117,0.942023489,
318.657003,0.944766261,
318.7093724,0.938902404,
318.7558927,0.937294573,
318.8031037,0.933038549,
318.8461815,0.932471079,
318.8928924,0.927742163,
318.9378889,0.922351198,
318.9852648,0.921310837,
319.0308189,0.922634934,
319.0809845,0.921783729,
319.1239016,0.919230114,
319.1690118,0.920270475,
319.2110815,0.912704209,
319.2548991,0.902773485,
319.3021637,0.904381318,
319.3508676,0.904286739,
319.4005311,0.910718065,
319.4469533,0.914974089,
319.4978621,0.921027101,
319.547438,0.927080114,
319.5943376,0.931146982,
319.6409057,0.934268067,
319.6916863,0.939753609,
319.7369078,0.942969273,
319.7853127,0.945049995,
319.8336606,0.94646867,
319.8795355,0.954129514,
319.9249683,0.962168672,
319.9690154,0.959520479,
320.01509,0.956021081,
320.0571157,0.954034936,
320.1004363,0.953845779,
320.1475555,0.948265659,
320.1896193,0.951103008,
320.2365905,0.952237948,
320.2836635,0.948549393,
320.331831,0.94987349,
320.379693,0.948643972,
320.4273328,0.951197586,
320.4692789,0.950724695,
320.514921,0.947225297,
320.5621573,0.946374092,
320.6084559,0.941928911,
320.6547235,0.941456019,
320.7037094,0.936632525,
320.7480623,0.937294573,
320.7935166,0.922351198,
320.8370244,0.915541559,
320.881879,0.914501197,
320.9252535,0.906367462,
320.9682972,0.900976497,
321.0128699,0.893883124,
321.052107,0.892559027,
321.0975094,0.89293734,
321.141602,0.898990353,
321.1895666,0.895490955,
321.236328,0.891234931,
321.2786208,0.892559027,
321.316759,0.898990353,
321.3574354,0.89407228,
321.393602,0.891140352,
321.433008,0.888113846,
321.4757258,0.877710231,
321.521649,0.876669869,
321.5703109,0.87941264,
321.6125724,0.881587942,
321.6528666,0.871468061,
321.7001274,0.858889144,
321.7412632,0.853876494,
321.7849411,0.857186735,
321.8262202,0.861537338,
321.8627255,0.860591554,
321.9039033,0.852268662,
321.9477929,0.848580108,
321.9867688,0.846026493,
322.0242659,0.847823481,
322.0654188,0.847066854,
322.1172671,0.836379504,
322.1628906,0.831934323,
322.2148549,0.829569865,
322.2626527,0.836946974,
322.3116186,0.838081914,
322.3557564,0.84167589,
322.404508,0.840730107,
322.4459804,0.843567456,
322.4842507,0.838554806,
322.523625,0.836190347,
322.5667335,0.833636733,
322.6067063,0.832501793,
322.6487783,0.835717455,
322.686969,0.838460227,
322.7369444,0.841486733,
322.7835487,0.846688541,
322.8262023,0.843567456,
322.8677137,0.839784324,
322.9066859,0.835528299,
322.9506568,0.831461431,
322.994215,0.829948179,
323.0346724,0.827489142,
323.0811591,0.823989744,
323.1273493,0.824557214,
323.1793406,0.838743962,
323.2463911,0.844891553,
323.2765268,0.837419865,
323.3147595,0.833731311,
323.3453988,0.826921672,
323.3803977,0.825030105,
323.417087,0.823233117,
323.4532194,0.823422274,
323.4902255,0.823043961,
323.5241221,0.826259624,
323.5594377,0.829664443,
323.5937628,0.833731311,
323.6309647,0.831461431,
323.6659443,0.834487937,
323.7027136,0.83382589,
323.7345588,0.83042107,
323.7686968,0.824840949,
323.7991442,0.827205407,
323.832204,0.82588131,
323.8650967,0.831839744,
323.896433,0.826070467,
323.9341498,0.831177697,
323.9608014,0.825975889,
323.9963391,0.825408419,
324.0277705,0.827394563,
324.0635733,0.832028901,
324.0995156,0.843662035,
324.1379704,0.846121071,
324.1779476,0.854254807,
324.2087631,0.854349385,
324.2433889,0.84735059,
324.2785013,0.84054095,
324.3162971,0.841770468,
324.3528603,0.838554806,
324.389367,0.842999987,
324.4224697,0.845459023,
324.4577309,0.841013842,
324.4949261,0.839216853,
324.5298534,0.840730107,
324.5651723,0.839689745,
324.5999704,0.843189143,
324.6367507,0.846215649,
324.6727152,0.85009336,
324.7040451,0.846215649,
324.7398258,0.847256011,
324.7691763,0.852457819,
324.8015491,0.849147577,
324.8328686,0.851039144,
324.8617642,0.848485529,
324.8969385,0.841959625,
324.9231485,0.843756613,
324.9568792,0.840068058,
324.9943437,0.843756613,
325.0312419,0.852174084,
325.0717713,0.862388542,
325.1070594,0.864847578,
325.1446266,0.873643363,
325.1836621,0.866739145,
325.220328,0.868630712,
325.2504173,0.86702288,
325.2766448,0.866171675,
325.3132111,0.858510831,
325.3440662,0.863145169,
325.3822599,0.86588794,
325.4211488,0.861537338,
325.4478019,0.861442759,
325.469156,0.852836132,
325.4895796,0.839595167,
325.5104816,0.839595167,
325.5310778,0.826259624,
325.5524724,0.814342755,
325.5734008,0.797129501,
325.5968088,0.781807812,
325.618649,0.762892148,
325.6419384,0.745206002,
325.6637404,0.731113832,
325.6867714,0.717589132,
325.710747,0.717589132,
325.7332173,0.70472648,
325.7555173,0.686567443,
325.7769323,0.676352984,
325.7968189,0.660369248,
325.8162755,0.648168644,
325.8362324,0.639656595,
325.8556013,0.617619846,
325.8753614,0.617619846,
325.8947339,0.608162014,
325.9140261,0.593596953,
325.9409907,0.590002976,
325.9607653,0.575059602,
325.9805815,0.572127674,
326.0000265,0.568722854,
326.0195969,0.545740322,
326.0391009,0.535904176,
326.0606424,0.517177669,
326.0799731,0.507719837,
326.0993424,0.49627586,
326.118671,0.484548148,
326.1433058,0.460241519,
326.1627668,0.438583083,
326.182504,0.42921983,
326.20397,0.420896937,
326.2241346,0.4105879,
326.248416,0.399995128,
326.2822911,0.393185489,
326.3106544,0.407845129,
326.3462612,0.397157779,
326.3779395,0.393942116,
326.4075378,0.391010188,
326.4399154,0.388172838,
326.4748185,0.401413803,
326.5078654,0.413330672,
326.5446235,0.427990311,
326.5803976,0.455418025,
326.6162313,0.482372846,
326.6499962,0.500721041,
326.6856489,0.514718632,
326.7108567,0.525784296,
326.7330178,0.533539718,
326.7529609,0.537890321,
326.775455,0.542524659,
326.8105153,0.546686105,
326.8405782,0.569384902,
326.8641272,0.593880687,
326.8871083,0.592272856,
326.9073212,0.592272856,
326.9360897,0.588962615,
326.9706414,0.612228882,
326.9990079,0.633130691,
327.0219649,0.639751173,
327.0425233,0.640980692,
327.0826721,0.641453583,
327.117282,0.655451175,
327.1526615,0.672475273,
327.1742664,0.677393345,
327.1947237,0.674272261,
327.2189515,0.679190334,
327.2525929,0.678055394,
327.2811429,0.692715034,
327.3021085,0.706807203,
327.3245959,0.699619251,
327.3440627,0.697916841,
327.3672067,0.687134913,
327.4019253,0.669732501,
327.4330675,0.679095755,
327.4556937,0.66982708,
327.479248,0.659990934,
327.5001376,0.650154789,
327.5245166,0.634927679,
327.5577473,0.62357828,
327.587217,0.629158401,
327.6096209,0.624051172,
327.6304001,0.612607195,
327.650358,0.603149363,
327.6776029,0.58754394,
327.7163571,0.569952372,
327.7416749,0.568628276,
327.7627766,0.559832492,
327.7828435,0.557751769,
327.8046548,0.557940925,
327.8373382,0.547442732,
327.8674416,0.567304179,
327.8892957,0.575627071,
327.9095154,0.575627071,
327.9324427,0.568533697,
327.9562803,0.555198154,
327.988623,0.543848755,
328.0185602,0.564372251,
328.0423318,0.569763215,
328.0632608,0.565034299,
328.0843752,0.549996346,
328.1072063,0.549996346,
328.1428793,0.538741526,
328.1713377,0.561913215,
328.1939432,0.577424059,
328.2284899,0.588962615,
328.2588053,0.60333852,
328.2957229,0.600690327,
328.3265174,0.616579485,
328.3619011,0.616768641,
328.3925278,0.633887317,
328.4285208,0.631049968,
328.4580645,0.649776476,
328.4948053,0.667178887,
328.5255189,0.680703587,
328.5642632,0.682878888,
328.5979535,0.684108406,
328.6234057,0.69347166,
328.6478891,0.692525877,
328.6755211,0.683635515,
328.717097,0.65743732,
328.7526658,0.649965632,
328.7883594,0.646655391,
328.8169696,0.659801778,
328.8501617,0.655072862,
328.8852557,0.650060211,
328.9169957,0.663679489,
328.9511063,0.659423464,
328.9851595,0.649114427,
329.0198902,0.659234308,
329.0581911,0.685999973,
329.0956192,0.712954794,
329.1268785,0.724777085,
329.1619791,0.73177588,
329.1961895,0.738774676,
329.2265732,0.738869254,
329.2634154,0.71881865,
329.2943499,0.719575277,
329.3267661,0.712481903,
329.3618688,0.715130096,
329.3969854,0.716927084,
329.4303091,0.719669855,
329.467373,0.719480699,
329.5029653,0.725344554,
329.5386355,0.724871663,
329.5787098,0.739436724,
329.6155743,0.751164436,
329.6521999,0.765540341,
329.6918997,0.772539137,
329.7273605,0.774714438,
329.7632451,0.804601188,
329.7997303,0.834866251,
329.8351117,0.852079506,
329.8712557,0.879318062,
329.9108873,0.885938545,
329.9515592,0.902395172,
329.9895016,0.905516257,
330.0232583,0.909772281,
330.0558177,0.913555414,
330.092146,0.911947583,
330.1260874,0.901922281,
330.1611536,0.892559027,
330.191296,0.875156616,
330.2285635,0.88111505,
330.266603,0.882439147,
330.3007844,0.883195773,
330.3397078,0.885749387,
330.3754934,0.896531317,
330.4148124,0.900503606,
330.4505699,0.90702951,
330.4864635,0.903719269,
330.5180371,0.889154208,
330.5519689,0.879318062,
330.5854972,0.878277701,
330.6191863,0.875913242,
330.6498953,0.875913242,
330.6818757,0.875062038,
330.7166906,0.876859026,
330.7531737,0.875062038,
330.7919756,0.878750592,
330.8308097,0.878088544,
330.8661941,0.880263845,
330.9052459,0.878277701,
330.9400905,0.872886736,
330.9722494,0.866266253,
331.0106258,0.866171675,
331.040724,0.867684929,
331.0801412,0.867212037,
331.1128369,0.871657218,
331.139666,0.859078302,
331.1657677,0.849809626,
331.1952957,0.854254807,
331.2301229,0.855484325,
331.2612375,0.846215649,
331.2952635,0.845269866,
331.3276567,0.842905408,
331.3646255,0.841013842,
331.4029264,0.831839744,
331.4373524,0.83883854,
331.472183,0.839784324,
331.5021475,0.845175288,
331.5265399,0.835812034,
331.5528809,0.832407215,
331.5857014,0.820395768,
331.6159228,0.815099382,
331.6433752,0.802615043,
331.6770909,0.794102994,
331.7137831,0.793440946,
331.7492421,0.793535524,
331.783767,0.792495163,
331.8190925,0.791833115,
331.8549156,0.792589741,
331.8938855,0.795143356,
331.9292192,0.798359019,
331.9677904,0.808478899,
332.0043193,0.809330104,
332.0399822,0.814248177,
332.0839629,0.82644878,
332.1243286,0.833542154,
332.163595,0.857470469,
332.2013486,0.870711435,
332.2426636,0.874210833,
332.2741753,0.889343364,
332.3127689,0.89634216,
332.3475628,0.899557823,
332.3843929,0.90088192,
332.4182479,0.894450593,
332.4512097,0.895112642,
332.4879079,0.899652401,
332.5223976,0.900409028,
332.5576473,0.903908426,
332.5945487,0.915352402,
332.6235244,0.928025897,
332.652542,0.930579512,
332.6845431,0.925472283,
332.7185862,0.918378908,
332.7536156,0.922351198,
332.7898531,0.924810235,
332.8231002,0.923675295,
332.8618128,0.926228909,
332.8959331,0.928309633,
332.9353747,0.931525295,
332.9697194,0.928215054,
333.0022093,0.929255416,
333.0386336,0.927836741,
333.0769469,0.926512645,
333.1138082,0.926701801,
333.1663387,0.921594572,
333.1950113,0.920648788,
333.2337432,0.910056017,
333.2647443,0.910150595,
333.2922287,0.901165654,
333.3275757,0.904286739,
333.3582687,0.896531317,
333.3869698,0.888208425,
333.4200531,0.888303003,
333.45443,0.884330713,
333.4905688,0.880736737,
333.5236921,0.875818664,
333.5540659,0.876386134,
333.5860379,0.871846374,
333.6180386,0.866077097,
333.652696,0.867306615,
333.6829921,0.869198181,
333.7128922,0.875345772,
333.7460028,0.875534929,
333.7750559,0.887073484,
333.8026032,0.877710231,
333.8371861,0.872413845,
333.8710675,0.864469265,
333.9071212,0.860686133,
333.9443383,0.859456615,
333.9787228,0.856430108,
334.014249,0.851228301,
334.0519134,0.849242155,
334.0854927,0.851890349,
334.1213002,0.853592758,
334.1635701,0.85349818,
334.2007261,0.850187939,
334.2410343,0.853119867,
334.2754391,0.855957217,
334.3147715,0.862199386,
334.3534473,0.873454206,
334.3896394,0.88111505,
334.4244823,0.888019267,
334.4563371,0.887640954,
334.4897582,0.893504811,
334.5242137,0.898328305,
334.5584429,0.901827702,
334.5929386,0.903435534,
334.6257045,0.904665052,
334.6635089,0.91156927,
334.6969434,0.914784933,
334.7368064,0.926890958,
334.7732093,0.929066259,
334.8068727,0.937767465,
334.8450616,0.940037345,
334.8783883,0.947036141,
334.9108284,0.950251803,
334.9431484,0.957818069,
334.9777652,0.946846984,
335.0142259,0.94873855,
335.0509025,0.946563249,
335.0899047,0.947414454,
335.1255177,0.950535538,
335.1652517,0.952899996,
335.2019221,0.954696984,
335.2389263,0.952237948,
335.2742942,0.951386743,
335.3138346,0.950724695,
335.3502969,0.95044096,
335.3877363,0.951670478,
335.4275748,0.954886141,
335.4647966,0.95885843,
335.4997695,0.960371684,
335.5330607,0.957818069,
335.5636215,0.935119272,
335.5998451,0.932281922,
335.6325966,0.927553006,
335.6654213,0.924526499,
335.6983089,0.921405415,
335.7348441,0.919513849,
335.7712255,0.92055421,
335.8034096,0.922351198,
335.8387558,0.911947583,
335.8687879,0.912231318,
335.8971624,0.90088192,
335.9337932,0.898895774,
335.9681405,0.894261437,
336.0052478,0.891234931,
336.0381047,0.887735533,
336.0770855,0.884330713,
336.1142011,0.879034327,
336.1578776,0.874872881,
336.194019,0.869103604,
336.2332483,0.865509627,
336.2625823,0.859456615,
336.2984817,0.851984927,
336.3319493,0.854443963,
336.3679642,0.859740349,
336.4044441,0.855862638,
336.4434755,0.850566252,
336.4773896,0.847634324,
336.5142793,0.844796974,
336.5468344,0.853592758,
336.5835084,0.855957217,
336.6190472,0.856051795,
336.6532853,0.864374687,
336.6852106,0.869576495,
336.721212,0.877426496,
336.7539105,0.881398785,
336.7875833,0.880831315,
336.8218768,0.888019267,
336.8577524,0.884898183,
336.8896715,0.896153003,
336.9268397,0.90088192,
336.9600284,0.897571678,
336.9936625,0.899652401,
337.0323025,0.898139148,
337.0679002,0.897760835,
337.101375,0.901638546,
337.1302125,0.896625894,
337.1666451,0.891424087,
337.1978485,0.895112642,
337.2367538,0.891424087,
337.2703341,0.895963847,
337.3055549,0.894450593,
337.3450749,0.891613244,
337.3734229,0.888397581,
337.4060173,0.884898183,
337.4388918,0.886127701,
337.4743291,0.886411436,
337.512692,0.89407228,
337.5504715,0.896720473,
337.5903945,0.902016859,
337.6275158,0.907880715,
337.6624584,0.914501197,
337.7016144,0.918662644,
337.7431093,0.921594572,
337.7802389,0.921310837,
337.8153135,0.91941927,
337.8490836,0.914879511,
337.8849207,0.915352402,
337.9222327,0.922445777,
337.9593113,0.924904813,
337.9957022,0.929066259,
338.0329553,0.92395903,
338.0687425,0.942590959,
338.1087394,0.938524091,
338.1423089,0.943158429,
338.1797329,0.949968068,
338.2160912,0.949116864,
338.2520821,0.951103008,
338.2868329,0.950251803,
338.3231079,0.955737346,
338.3601098,0.96283072,
338.3971666,0.967181322,
338.4353419,0.968789155,
338.470666,0.973707227,
338.507442,0.979003613,
338.5435305,0.981368071,
338.5825009,0.983448794,
338.6207912,0.984583734,
338.6584737,0.981935541,
338.6958551,0.980800601,
338.732142,0.970302407,
338.7712012,0.958007225,
338.8090817,0.960939154,
338.8443951,0.96339819,
338.8733826,0.966897588,
338.9084141,0.964154816,
338.9428819,0.966424696,
338.9789241,0.970775299,
339.0162913,0.970964456,
339.0437767,0.971437347,
339.0825807,0.961412046,
339.1193255,0.960939154,
339.1575627,0.9459012,
339.1941714,0.941456019,
339.2306693,0.940604814,
339.267472,0.933416862,
339.3008759,0.93691626,
339.338885,0.940131923,
339.3769835,0.941456019,
339.4154038,0.945333731,
339.4516086,0.94363132,
339.4893635,0.942496381,
339.5278285,0.937199995,
339.561366,0.93067409,
339.5978915,0.920365054,
339.6287112,0.919230114,
339.6657019,0.90929939,
339.6984114,0.908448185,
339.725603,0.89804457,
339.7595484,0.894923485,
339.7904691,0.889627099,
339.8251329,0.885181918,
339.8600172,0.885938545,
339.8915914,0.880831315,
339.9262915,0.88054758,
339.961123,0.878088544,
339.9952005,0.881871676,
340.0343953,0.88224999,
340.0654841,0.892748183,
340.1012354,0.887546376,
340.133883,0.88735722,
340.1645317,0.875345772,
340.1972836,0.874872881,
340.2280324,0.873359628,
340.2617939,0.881966255,
340.2934434,0.883006617,
340.3276136,0.879980111,
340.3600918,0.885843966,
340.3963694,0.879223483,
340.4295028,0.875062038,
340.4647056,0.868819868,
340.4953967,0.869954809,
340.5323653,0.871089748,
340.5691139,0.863145169,
340.60356,0.868346976,
340.6427803,0.866455411,
340.6779368,0.877899387,
340.7176408,0.884519869,
340.7549772,0.8918024,
340.7903579,0.89577469,
340.8308566,0.915541559,
340.8653553,0.926039753,
340.9054999,0.93067409,
340.9471321,0.928877102,
340.9788666,0.926228909,
341.0100795,0.932471079,
341.0434865,0.931241561,
341.0756374,0.931619874,
341.1080705,0.924999391,
341.1446385,0.923486139,
341.1798012,0.930579512,
341.2194464,0.941266863,
341.2566395,0.952899996,
341.2943266,0.956966864,
341.3298914,0.959142166,
341.3668546,0.959898792,
341.4032927,0.957628912,
341.4370152,0.956399394,
341.4707501,0.956872286,
341.5028776,0.960844575,
341.5356239,0.959142166,
341.5698189,0.962546985,
341.604774,0.963587347,
341.6422694,0.965857226,
341.6780145,0.964627708,
341.7157791,0.964438552,
341.751613,0.964154816,
341.7861973,0.961601202,
341.8231145,0.960182527,
341.8590915,0.962168672,
341.8964778,0.963492768,
341.935869,0.966992166,
341.9749676,0.973612649,
342.0128904,0.975504215,
342.0506799,0.978057829,
342.090581,0.981651806,
342.1285547,0.982030119,
342.1683167,0.985718674,
342.2032181,0.985151204,
342.2379133,0.987515662,
342.272005,0.974369275,
342.3068388,0.976166264,
342.3424103,0.975031323,
342.3798664,0.977206625,
342.4170997,0.980611444,
342.4545502,0.988366867,
342.4952506,0.998959639,
342.53335,1,
342.5707888,0.998959639,
342.6045106,0.996122289,
342.6408342,0.987326505,
342.6747378,0.982313854,
342.7128541,0.978530721,
342.749827,0.97919277,
342.7852047,0.982219276,
342.8221769,0.981840963,
342.858672,0.982881324,
342.896893,0.985340361,
342.9315153,0.988839759,
342.9692112,0.986096987,
343.0074809,0.985529517,
343.0444979,0.985151204,
343.0856095,0.981462649,
343.1247141,0.981084336,
343.1650317,0.979571083,
343.2022363,0.981746384,
343.2343212,0.980327709,
343.2673622,0.9786253,
343.3006606,0.976166264,
343.3315244,0.972856022,
343.368373,0.969451202,
343.4035822,0.968505419,
343.4368193,0.971910239,
343.4682749,0.959142166,
343.503501,0.951197586,
343.5343731,0.951292165,
343.5680782,0.931241561,
343.604614,0.931146982,
343.638868,0.935592163,
343.6723227,0.933227705,
343.7074161,0.933889754,
343.7371463,0.937105416,
343.7722069,0.93918614,
343.8073611,0.941172284,
343.8431437,0.942023489,
343.8793759,0.93861867,
343.9165641,0.932471079,
343.9538947,0.933606018,
343.9905557,0.938145778,
344.0276223,0.937578308,
344.0634863,0.935686742,
344.102191,0.934173488,
344.1348813,0.938240357,
344.163472,0.917054812,
344.1990022,0.907975293,
344.2295013,0.908542763,
344.2655566,0.901165654,
344.2999266,0.898422883,
344.3299714,0.890194569,
344.3638844,0.883763243,
344.400056,0.88224999,
344.437325,0.883574086,
344.475374,0.892653605,
344.5039268,0.901354811,
344.5401281,0.890194569,
344.5729542,0.906272883,
344.6003838,0.903530113,
344.6332852,0.89407228,
344.6652548,0.907502401,
344.6980579,0.897382522,
344.7326662,0.893126497,
344.7673029,0.893315654,
344.7998666,0.895490955,
344.8353071,0.897855413,
344.8659544,0.89917951,
344.9044375,0.893221075,
344.9394189,0.89293734,
344.9745874,0.882722881,
345.0119254,0.884614448,
345.0485421,0.880736737,
345.0892918,0.883668665,
345.1249134,0.884992761,
345.1643346,0.905421679,
345.202865,0.907691559,
345.2376334,0.906556619,
345.2755823,0.912798788,
345.312807,0.920365054,
345.3542879,0.928025897,
345.3903161,0.931903608,
345.4257006,0.940604814,
345.4597102,0.942307224,
345.4959772,0.936821681,
345.5319283,0.937578308,
345.5660487,0.937672886,
345.6010085,0.94646867,
345.6404961,0.954507827,
345.6749275,0.95885843,
345.7161333,0.973801805,
345.7532035,0.974842167,
345.7903864,0.973328913,
345.8238923,0.969262046,
345.8551433,0.96793795,
345.8917504,0.96283072,
345.925261,0.960277105,
345.9613185,0.959520479,
346.0006338,0.964060238,
346.0369078,0.964249395,
346.072319,0.970207829,
346.1136297,0.968694576,
346.1472527,0.96566807,
346.1846141,0.96566807,
346.225944,0.971248191,
346.2628501,0.971248191,
346.298391,0.969640359,
346.3345762,0.971059034,
346.3711628,0.973896384,
346.4094598,0.976733733,
346.4474179,0.978246986,
346.4845669,0.981557227,
346.5221996,0.981746384,
346.5538419,0.985813252,
346.5898671,0.982881324,
346.6231035,0.980800601,
346.6591137,0.972666866,
346.6916179,0.968221684,
346.7306646,0.966140962,
346.7641011,0.966424696,
346.8031212,0.968221684,
346.8408491,0.975882528,
346.8774327,0.986853614,
346.9180104,0.988934336,
346.9533014,0.982881324,
346.9874312,0.978341565,
347.017773,0.969924094,
347.0507453,0.965762648,
347.082583,0.966330118,
347.1151955,0.95999337,
347.1458978,0.957534334,
347.1803516,0.95044096,
347.2173894,0.944860839,
347.2517037,0.949400598,
347.2898477,0.951103008,
347.3277766,0.951103008,
347.3656392,0.951292165,
347.4047432,0.957250599,
347.4424925,0.954224093,
347.4781571,0.956872286,
347.5157283,0.954318671,
347.5486717,0.951670478,
347.5746876,0.943253007,
347.6088374,0.932849392,
347.645656,0.933227705,
347.6807555,0.931903608,
347.7167835,0.929633729,
347.7519556,0.937767465,
347.7904118,0.937010839,
347.8264246,0.940037345,
347.8657244,0.934551802,
347.8986763,0.941172284,
347.9267731,0.926512645,
347.9623413,0.92055421,
347.993714,0.920932524,
348.0278232,0.920648788,
348.0610687,0.926607223,
348.1067975,0.927931319,
348.1406826,0.929539151,
348.1784189,0.931336139,
348.2162214,0.935024693,
348.2498675,0.930295777,
348.287159,0.933889754,
348.3241554,0.936159634,
348.3658093,0.936443368,
348.3999355,0.934268067,
348.4365476,0.933133127,
348.4678518,0.92395903,
348.504929,0.92112168,
348.5358265,0.923580716,
348.5632034,0.912704209,
348.5976542,0.913177101,
348.6263519,0.908069872,
348.6573761,0.901354811,
348.6916426,0.893883124,
348.721525,0.893031919,
348.7525133,0.881493363,
348.7905268,0.875629508,
348.8237926,0.876386134,
348.8580724,0.879790954,
348.8950769,0.880169267,
348.9282788,0.876764447,
348.9654945,0.88168252,
348.9969124,0.879696375,
349.0308365,0.88224999,
349.0637685,0.888965051,
349.1111123,0.886978906,
349.1466059,0.883479509,
349.1843809,0.880074688,
349.2173528,0.874683724,
349.2531335,0.877521074,
349.2821198,0.877804809,
349.3192068,0.878372278,
349.3579859,0.877899387,
349.3950121,0.874683724,
349.4174533,0.863901796,
349.4457265,0.845175288,
349.4674699,0.836852396,
349.4958717,0.824462635,
349.5182664,0.807722273,
349.5455859,0.802047573,
349.5669409,0.794765043,
349.5895856,0.787387933,
349.6125587,0.783510222,
349.6328294,0.77632227,
349.6600306,0.775849378,
349.6817162,0.77178251,
349.7099825,0.766296968,
349.7336536,0.752110219,
349.7548522,0.738869254,
349.7746581,0.733572868,
349.802487,0.720142747,
349.8240535,0.708415035,
349.8498667,0.697822263,
349.8717077,0.687702382,
349.8961673,0.67710961,
349.9167404,0.669070453,
349.9450491,0.655262018,
349.9655463,0.638521655,
349.9898824,0.620835509,
350.0122762,0.614309605,
350.033415,0.609486111,
350.0548763,0.599460808,
350.0836143,0.581018036,
350.1051062,0.57061442,
350.1292474,0.560778275,
350.1571841,0.545551165,
350.1810075,0.538079478,
350.210888,0.518596344,
350.2339841,0.516421042,
350.2574237,0.477265617,
350.2856349,0.476981882,
350.307963,0.467429471,
350.334152,0.450216217,
350.3594267,0.424018022,
350.3807278,0.415505973,
350.4095374,0.39876561,
350.4348134,0.383065609,
350.4599616,0.373891511,
350.4848298,0.373040307,
350.5096876,0.372094523,
350.5351268,0.366230667,
350.5612685,0.358002353,
350.5853272,0.3564891,
350.6095098,0.3564891,
350.6328874,0.354219221,
350.6549,0.352800546,
350.6779421,0.347882473,
350.7003622,0.346085485,
350.7243413,0.342775244,
350.7463148,0.340978256,
350.7687429,0.338897532,
350.7917484,0.336438496,
350.8138162,0.335303556,
350.8362879,0.332182472,
350.8582455,0.328966809,
350.8801199,0.327169821,
350.9045586,0.326886086,
350.9265096,0.322819218,
350.9504909,0.320738495,
350.9724665,0.316104157,
350.999448,0.31478006,
351.0258168,0.314307169,
351.0468781,0.311375241,
351.0702897,0.310051144,
351.0913689,0.308821626,
351.1115928,0.307119216,
351.1313017,0.305984277,
351.154801,0.30295777,
351.1762055,0.302201144,
351.197202,0.298607167,
351.2219389,0.297472228,
351.2430088,0.295296926,
351.2639933,0.29113548,
351.284774,0.286690299,
351.3060295,0.286690299,
351.3272523,0.282055961,
351.3501069,0.28158307,
351.370844,0.281204756,
351.3916418,0.280164395,
351.4126596,0.280164395,
351.4335386,0.279596925,
351.4533877,0.27761078,
351.4735415,0.274962587,
351.4933598,0.275057165,
351.5137345,0.273165599,
351.5338406,0.272125237,
351.5539182,0.271841502,
351.5742387,0.271746924,
351.5943957,0.271746924,
351.6144652,0.271746924,
351.6386314,0.271936081,
351.6618296,0.272881864,
351.684825,0.273638491,
351.7099704,0.273638491,
351.7333959,0.273543912,
351.7564815,0.273827647,
351.7773523,0.273827647,
351.8006092,0.273827647,
351.8241055,0.273922225,
351.8482338,0.273733069,
351.8705287,0.273733069,
351.8964431,0.274111382,
351.9167085,0.274868009,
351.9412831,0.275246322,
351.9665759,0.2753409,
351.9898779,0.275435479,
352.0130657,0.2753409,
352.0364819,0.274678852,
352.0596951,0.274395117,
352.0942831,0.274111382,
352.1142863,0.273733069,
352.1342275,0.273827647,
352.1598231,0.273638491,
352.1804962,0.273733069,
352.200575,0.273638491,
352.2227451,0.273827647,
352.2429931,0.273638491,
352.2631465,0.273449334,
352.2831394,0.273354756,
352.3034306,0.273354756,
352.3236055,0.273260177,
352.3461164,0.273354756,
352.3663158,0.273449334,
352.3864058,0.273543912,
352.4067817,0.273543912,
352.4280904,0.272787286,
352.4487146,0.271936081,
352.4688568,0.271368611,
352.488854,0.271274033,
352.5093822,0.271274033,
352.5297549,0.271084876,
352.5498096,0.270990298,
352.5698982,0.270422828,
352.5901654,0.269760779,
352.6128374,0.269760779,
352.6339251,0.270044514,
352.6548464,0.269666201,
352.6757595,0.269666201,
352.6958749,0.269287888,
352.7225407,0.269571623,
352.7454693,0.270139093,
352.766275,0.270139093,
352.7919959,0.269760779,
352.8244965,0.277989093,
352.8575791,0.290473432,
352.8806035,0.295013191,
352.9037511,0.299458372,
352.9276156,0.299552951,
352.9567741,0.300214999,
352.9804457,0.300309577,
353.0030138,0.300971626,
353.0263943,0.300782469,
353.0481848,0.300687891,
353.0702655,0.301917409,
353.0923128,0.301539095,
353.1121196,0.301160782,
353.132284,0.301633674,
353.1539889,0.301160782,
353.1736938,0.300687891,
353.2022208,0.300877047,
353.2336217,0.311186084,
353.264957,0.335019821,
353.2995842,0.350814401,
353.3356048,0.370297535,
353.3718638,0.405953562,
353.4063241,0.420045732,
353.445056,0.434894529,
353.4797662,0.463078869,
353.5166595,0.483507786,
353.5534026,0.508003571,
353.5895317,0.527959597,
353.6210468,0.556333094,
353.6576572,0.575910806,
353.6920977,0.60106864,
353.729029,0.615633701,
353.7652283,0.648736114,
353.8025205,0.662166236,
353.843665,0.673515634,
353.8790012,0.693377082,
353.917664,0.711157806,
353.9581381,0.735937327,
353.9970325,0.76563492,
354.0352411,0.782469861,
354.0692337,0.800061429,
354.097608,0.820584924,
354.1309588,0.840446372,
354.1667833,0.862483121,
354.2035072,0.887451798,
354.2389233,0.895112642,
354.2747188,0.913082523,
354.3135435,0.920081319,
354.3525785,0.921972885,
354.3903985,0.920459632,
354.4295742,0.920932524,
354.4686523,0.924810235,
354.506775,0.926985536,
354.5450377,0.929633729,
354.5805544,0.927174693,
354.6185999,0.930579512,
354.6602777,0.93748373,
354.7018789,0.939280717,
354.7412867,0.944766261,
354.7822727,0.94760361,
354.8228827,0.949778911,
354.8633861,0.950819273,
354.9030021,0.953656622,
354.9400402,0.953089153,
354.9736463,0.943725899,
355.0129315,0.944104212,
355.0491367,0.941739754,
355.0856628,0.943915056,
355.1214796,0.945428309,
355.1653414,0.945333731,
355.2041804,0.947698188,
355.2412226,0.948360237,
355.2781016,0.953278309,
355.3180904,0.955169876,
355.363253,0.954980719,
355.3983118,0.961790359,
355.4338384,0.956588551,
355.4706811,0.949400598,
355.50359,0.950157225,
355.5409073,0.948643972,
355.5758247,0.94987349,
355.6139875,0.943725899,
355.6512041,0.94873855,
355.6894043,0.945144574,
355.7276679,0.944009634,
355.767171,0.94088855,
355.8035524,0.94088855,
355.8385024,0.937767465,
355.8765318,0.925756018,
355.9129258,0.921405415,
355.9510235,0.920175897,
355.9882235,0.921499993,
356.0278457,0.926512645,
356.0641316,0.926607223,
356.1019115,0.924810235,
356.1410221,0.926796379,
356.1854296,0.927458428,
356.2282765,0.928593368,
356.2626052,0.927458428,
356.2994629,0.92566144,
356.3380891,0.925472283,
356.3768667,0.924904813,
356.4153824,0.93067409,
356.4549975,0.934173488,
356.4952808,0.936632525,
356.5343814,0.93748373,
356.5748485,0.94873855,
356.6161045,0.952237948,
356.654592,0.952427104,
356.6920809,0.954034936,
356.730875,0.953467466,
356.7671924,0.945712044,
356.8032918,0.94646867,
356.8398187,0.950913852,
356.8742693,0.953089153,
356.9108085,0.950062647,
356.9460997,0.949400598,
356.9828945,0.956683129,
357.0225522,0.956966864,
357.0585975,0.954034936,
357.0945678,0.949684333,
357.1337961,0.949684333,
357.1688447,0.950157225,
357.2066901,0.949116864,
357.24642,0.951103008,
357.2825516,0.94760361,
357.3169038,0.947509032,
357.3560914,0.947036141,
357.3935034,0.945995779,
357.4316331,0.941172284,
357.4678039,0.945428309,
357.5007027,0.942401802,
357.5392583,0.93918614,
357.5723745,0.933511441,
357.6058721,0.928593368,
357.6353883,0.923864452,
357.667842,0.911947583,
357.7067277,0.907880715,
357.7433801,0.909772281,
357.780295,0.907691559,
357.8161206,0.906083727,
357.8514417,0.904192161,
357.8882965,0.905705414,
357.9209952,0.90873192,
357.9576908,0.900692763,
357.9889266,0.900125292,
358.0207483,0.896153003,
358.0518381,0.889154208,
358.0886094,0.88565481,
358.1388456,0.878277701,
358.1752245,0.878277701,
358.2091604,0.875062038,
358.2430077,0.873359628,
358.280827,0.874399989,
358.313358,0.876953604,
358.3520706,0.870522278,
358.385029,0.874399989,
358.4192635,0.877237339,
358.4544966,0.876480713,
358.4896796,0.869009025,
358.5158374,0.860780711,
358.5459856,0.855389747,
358.5764929,0.851890349,
358.6100299,0.848390951,
358.6442522,0.848580108,
358.6782293,0.848107216,
358.7145805,0.849809626,
358.7485449,0.849809626,
358.780476,0.846972276,
358.8154777,0.845931915,
358.8512878,0.843945769,
358.8857425,0.843662035,
358.9178354,0.834771673,
358.9543269,0.833069262,
358.9858297,0.835149986,
359.0186648,0.830515648,
359.0530099,0.833731311,
359.0929715,0.834960829,
359.1316767,0.841770468,
359.1757675,0.854254807,
359.217125,0.860024084,
359.2577015,0.860875289,
359.2955744,0.865131314,
359.3328323,0.865415049,
359.370614,0.867779507,
359.4012038,0.864469265,
359.4366956,0.85860541,
359.4646828,0.855578904,
359.4971375,0.853403602,
359.5303308,0.850566252,
359.564473,0.846877698,
359.5983182,0.842905408,
359.6332345,0.849147577,
359.668393,0.853119867,
359.7028606,0.85463312,
359.741174,0.85406565,
359.778525,0.858132518,
359.8151161,0.861631916,
359.844334,0.861821072,
359.876748,0.856808422,
359.9093446,0.855578904,
359.9437807,0.851512035,
359.9763702,0.848390951,
360.0122455,0.849242155,
360.0492455,0.852174084,
360.0895752,0.85463312,
360.1279878,0.857659626,
360.1683125,0.853971071,
360.2078684,0.855295168,
360.2473486,0.856430108,
360.2788419,0.850660831,
360.3124901,0.847445167,
360.3449787,0.84281083,
360.3797346,0.83656866,
360.4089656,0.83155601,
360.4398512,0.827867455,
360.4733,0.829380708,
360.5089863,0.830988539,
360.5459638,0.835149986,
360.5828796,0.841013842,
360.6132026,0.847256011,
360.6485688,0.839595167,
360.6832055,0.8433783,
360.7195115,0.846121071,
360.756252,0.851133722,
360.7909909,0.851701193,
360.823077,0.848390951,
360.8566075,0.845459023,
360.8914896,0.841202999,
360.9228405,0.840162637,
360.9603093,0.842905408,
360.9984082,0.847066854,
361.0343792,0.853403602,
361.070559,0.857754205,
361.106697,0.858510831,
361.1439539,0.856997578,
361.1810575,0.856619265,
361.2160549,0.855011433,
361.2499771,0.850471674,
361.2810775,0.853025289,
361.3120261,0.849525891,
361.3399108,0.840351794,
361.3779996,0.82928613,
361.413472,0.827678298,
361.448276,0.837987335,
361.4847527,0.842054204,
361.5223281,0.850755409,
361.5528897,0.852552397,
361.5891184,0.848390951,
361.6253064,0.85179577,
361.6641,0.856808422,
361.7001687,0.858132518,
361.7382917,0.854349385,
361.771367,0.848201795,
361.8064606,0.843945769,
361.8414542,0.843756613,
361.8780731,0.851512035,
361.9155755,0.857565048,
361.9526321,0.858321674,
361.9877685,0.858132518,
362.0253401,0.855295168,
362.063047,0.854349385,
362.0977609,0.858227097,
362.1208068,0.846404806,
362.1417607,0.84054095,
362.1627453,0.814437333,
362.1842731,0.797886127,
362.2059368,0.797886127,
362.2287176,0.78587468,
362.2503325,0.771309619,
362.2712789,0.759581907,
362.2919471,0.748894557,
362.3128893,0.743976484,
362.3334281,0.739342146,
362.3555476,0.721277687,
362.3751726,0.71825118,
362.3956817,0.704631902,
362.4163055,0.693093347,
362.4361327,0.685337924,
362.4567488,0.663774067,
362.4773009,0.663774067,
362.4978424,0.649019849,
362.517409,0.633981896,
362.5370587,0.626131895,
362.5567409,0.604662616,
362.5768313,0.604662616,
362.5964846,0.58811141,
362.616454,0.577991529,
362.6361687,0.572695143,
362.655745,0.54810478,
362.6753968,0.54810478,
362.6973741,0.528999959,
362.732018,0.524554778,
362.7619896,0.522946946,
362.7962007,0.522474055,
362.8268643,0.524460199,
362.8545607,0.522001163,
362.8905057,0.513772849,
362.9233914,0.508287306,
362.9583204,0.514245741,
362.9961647,0.52275779,
363.0294783,0.527959597,
363.0537815,0.522095741,
363.0766655,0.507152367,
363.1040053,0.499491523,
363.1396038,0.503085499,
363.1669283,0.513962006,
363.1886433,0.512448753,
363.2095264,0.512448753,
363.2341982,0.510084295,
363.2630421,0.515191524,
363.2974161,0.527959597,
363.3227369,0.539592731,
363.345041,0.546780683,
363.36708,0.548388515,
363.3934891,0.551887913,
363.4272586,0.568628276,
363.4583308,0.596434302,
363.4809574,0.601541531,
363.5026424,0.604757194,
363.5245775,0.605324664,
363.5580528,0.606932496,
363.590253,0.635873462,
363.6117676,0.635873462,
363.6329611,0.644196355,
363.6536498,0.646371656,
363.6758261,0.651384307,
363.7111332,0.655924066,
363.7462366,0.669637923,
363.7697659,0.668597562,
363.7912877,0.665760212,
363.8133153,0.660842139,
363.8490746,0.647884909,
363.8801558,0.652992138,
363.9047561,0.655829488,
363.926601,0.643155993,
363.9469696,0.624051172,
363.9711511,0.616484906,
364.0063025,0.603716833,
364.0346122,0.604095146,
364.0602698,0.597190929,
364.0946226,0.589340928,
364.1212821,0.582342132,
364.1548338,0.576762011,
364.1834666,0.583287915,
364.2054179,0.592272856,
364.2289911,0.58584153,
364.250299,0.586030687,
364.2848359,0.578558999,
364.3162261,0.584612012,
364.3399277,0.58527406,
364.3615787,0.582720446,
364.3820994,0.579504783,
364.4076912,0.579504783,
364.4425375,0.575532493,
364.4706734,0.588962615,
364.4917928,0.591232494,
364.5137502,0.587071048,
364.5352788,0.579031891,
364.5682331,0.55765719,
364.6011605,0.56162948,
364.6267641,0.569763215,
364.6483678,0.567777071,
364.6690076,0.56276442,
364.6892673,0.554819841,
364.7190294,0.551793334,
364.7537099,0.559832492,
364.7795751,0.573168035,
364.808693,0.577896951,
364.8410096,0.581112614,
364.8727434,0.588205988,
364.9051445,0.597380085,
364.9399323,0.607216231,
364.972253,0.616390328,
365.0088294,0.621781292,
365.0409184,0.631522859,
365.0756489,0.644385511,
365.1051508,0.65289756,
365.1339345,0.659518043,
365.1718935,0.670489128,
365.1998711,0.687418647,
365.2252998,0.685148768,
365.2491437,0.677393345,
365.2716448,0.66415238,
365.3045529,0.653181295,
365.3378526,0.659990934,
365.3692149,0.685621659,
365.3963211,0.685999973,
365.4302516,0.691485515,
365.4672904,0.701037926,
365.502998,0.715224674,
365.5421653,0.720899373,
365.5722881,0.738490941,
365.6073678,0.737072266,
365.6395649,0.748989135,
365.6718573,0.762892148,
365.7068137,0.757122871,
365.7357565,0.759487329,
365.764657,0.760433112,
365.7975762,0.776133113,
365.8334602,0.781240343,
365.8685685,0.786820464,
365.9071879,0.787198777,
365.9413768,0.792968054,
365.9752818,0.791454801,
366.0132706,0.793440946,
366.05115,0.80450661,
366.0860843,0.809140947,
366.1213085,0.806776489,
366.1586139,0.818409623,
366.1970663,0.822571069,
366.2334323,0.838649384,
366.2695416,0.857659626,
366.3043771,0.863428904,
366.3418325,0.866928302,
366.3765053,0.889154208,
366.4126257,0.901733125,
366.4478214,0.89917951,
366.4848746,0.904948787,
366.5175504,0.920648788,
366.5486148,0.905610836,
366.5831133,0.89634216,
366.6151927,0.889532521,
366.644519,0.880169267,
366.6782755,0.887073484,
366.7124188,0.889910834,
366.7493517,0.895018063,
366.7842964,0.908921077,
366.8199976,0.924053608,
366.8560397,0.928404211,
366.8898959,0.926701801,
366.9280061,0.92566144,
366.9614456,0.917622282,
366.996499,0.911758427,
367.0317515,0.904097582,
367.0657844,0.894166858,
367.1091285,0.893315654,
367.1440426,0.886978906,
367.181033,0.88735722,
367.2187943,0.883668665,
367.2547103,0.886411436,
367.2925795,0.885371074,
367.3217117,0.882060833,
367.3557247,0.871940953,
367.3875746,0.871846374,
367.4229779,0.874021676,
367.4525942,0.877521074,
367.4893811,0.870616856,
367.520057,0.866644567,
367.5550419,0.863239747,
367.5896595,0.864753001,
367.6217141,0.864469265,
367.6550722,0.878561436,
367.684475,0.878372278,
367.7211224,0.875156616,
367.7510896,0.876764447,
367.7831577,0.867684929,
367.8186183,0.861915651,
367.8566855,0.860496976,
367.8969468,0.867684929,
367.9301032,0.869576495,
367.9733552,0.85803794,
368.001797,0.85633553,
368.0278262,0.843567456,
368.0603941,0.837514444,
368.1078001,0.838554806,
368.1417851,0.841392155,
368.1753135,0.839784324,
368.2101806,0.837514444,
368.2451753,0.840919263,
368.2795877,0.846499385,
368.316079,0.850377096,
368.3505147,0.846499385,
368.3907831,0.846404806,
368.4268605,0.850849987,
368.4625004,0.86030782,
368.499973,0.859929506,
368.5354437,0.86361806,
368.5727412,0.871089748,
368.608914,0.874305411,
368.6456963,0.877615652,
368.6853528,0.880358424,
368.7267094,0.893693967,
368.7654949,0.898895774,
368.7999903,0.897004208,
368.8328313,0.893977702,
368.8672758,0.897098786,
368.9011298,0.904759631,
368.9434891,0.904948787,
368.9804983,0.912042161,
369.0177001,0.923675295,
369.0563785,0.930012043,
369.0952039,0.931714452,
369.1283641,0.935119272,
369.1654565,0.949589755,
369.200241,0.95044096,
369.2371967,0.943820477,
369.2710491,0.940321079,
369.3076808,0.943725899,
369.3435231,0.942118068,
369.3823164,0.942874694,
369.4210004,0.944577104,
369.4556897,0.945428309,
369.494582,0.941645176,
369.5313773,0.939091561,
369.5644693,0.934457223,
369.5997388,0.932660236,
369.631312,0.926228909,
369.6641865,0.920743367,
369.6939956,0.914028306,
369.733922,0.912420474,
369.7636701,0.911758427,
369.7917413,0.900787341,
369.8241995,0.907124088,
369.8550487,0.910150595,
369.8872205,0.90088192,
369.9238539,0.885843966,
369.9590749,0.876669869,
369.9919203,0.87213011,
370.0271173,0.874967459,
370.0643057,0.876386134,
370.096334,0.878183122,
370.1262353,0.863901796,
370.1609255,0.864563844,
370.1851598,0.857754205,
370.2162475,0.857943361,
370.2498409,0.856997578,
370.2830097,0.853119867,
370.3202719,0.848580108,
370.3533951,0.844796974,
370.3888207,0.845364444,
370.4240436,0.842621673,
370.4582873,0.839878902,
370.4938765,0.837136131,
370.5314668,0.834487937,
370.5672209,0.837798179,
370.6061494,0.839689745,
370.6447705,0.843283722,
370.6807611,0.853687337,
370.7246553,0.862766856,
370.7646282,0.86986023,
370.8002728,0.875156616,
370.8389948,0.877804809,
370.8715742,0.878750592,
370.9100046,0.891613244,
370.9471026,0.895396376,
370.9873425,0.905610836,
371.0246392,0.905137944,
371.0614426,0.900314449,
371.0944076,0.902206016,
371.128752,0.902206016,
371.1676913,0.909772281,
371.2065177,0.911853004,
371.2453974,0.928498789,
371.2845872,0.92736385,
371.320711,0.942780115,
371.3552052,0.940510236,
371.3933232,0.93918614,
371.4293474,0.936065055,
371.4623294,0.935875898,
371.4980811,0.938429513,
371.5337436,0.937389152,
371.5677603,0.944860839,
371.6061288,0.93861867,
371.6446082,0.940983128,
371.6819679,0.939375296,
371.7230757,0.940037345,
371.7572621,0.941456019,
371.7938615,0.939564453,
371.8252712,0.931903608,
371.8534935,0.922918668,
371.8866521,0.909583125,
371.9164698,0.900503606,
371.9549947,0.893126497,
371.9879168,0.894828907,
372.0156539,0.8839524,
372.0511691,0.880074688,
372.0905825,0.881777098,
372.1243324,0.880925893,
372.1626908,0.878656014,
372.1955267,0.877993965,
372.2337652,0.881209629,
372.2639929,0.878561436,
372.2962856,0.865698783,
372.3266706,0.868346976,
372.3492743,0.863145169,
372.3811996,0.850660831,
372.4123937,0.848863842,
372.4457484,0.838554806,
372.4780196,0.838365649,
372.5152555,0.837136131,
372.5511684,0.833636733,
372.5862236,0.830137335,
372.6192663,0.823516852,
372.6534492,0.824651792,
372.6860887,0.821152394,
372.7238935,0.818409623,
372.7623294,0.816518057,
372.7990264,0.81689637,
372.8356335,0.822476491,
372.87181,0.829948179,
372.9050157,0.83212348,
372.9436332,0.840446372,
372.9807581,0.859078302,
373.013103,0.861348181,
373.049746,0.860969867,
373.0827736,0.858227097,
373.1160924,0.863901796,
373.1512561,0.874494567,
373.1852681,0.878466857,
373.2176155,0.872886736,
373.2505689,0.873265049,
373.2864286,0.867495771,
373.3214954,0.870522278,
373.3585403,0.873927098,
373.391196,0.891707822,
373.4275141,0.893221075,
373.4607201,0.903530113,
373.4951811,0.901922281,
373.5236112,0.902489751,
373.5580502,0.901449389,
373.5915376,0.90088192,
373.6218384,0.892653605,
373.6574729,0.887546376,
373.6916717,0.889721677,
373.7348041,0.894356016,
373.7716927,0.891329509,
373.8044537,0.895680112,
373.8422437,0.890762039,
373.8810864,0.893883124,
373.9195947,0.898706618,
373.9578384,0.901638546,
373.995208,0.905799992,
374.0343151,0.910245173,
374.0738269,0.920743367,
374.1100569,0.923769873,
374.1459851,0.931619874,
374.1774891,0.928120476,
374.2138488,0.923013247,
374.2493398,0.930863248,
374.283892,0.931714452,
374.3174616,0.934740959,
374.351974,0.931903608,
374.3884625,0.932187344,
374.4218587,0.927269271,
374.459195,0.935686742,
374.4912936,0.937862043,
374.5235877,0.930106621,
374.557632,0.929066259,
374.5864925,0.927174693,
374.6217044,0.925566861,
374.6572909,0.932754813,
374.693902,0.933133127,
374.7302864,0.936537947,
374.7658651,0.932849392,
374.8007506,0.932092766,
374.8342112,0.935497585,
374.8699812,0.935875898,
374.9072657,0.935497585,
374.9452628,0.935875898,
374.9829803,0.935308429,
375.0199463,0.931998187,
375.0563823,0.933606018,
375.0936968,0.932281922,
375.1307463,0.932660236,
375.1694284,0.935403006,
375.2065759,0.93578132,
375.2408289,0.935592163,
375.2715281,0.933416862,
375.3078091,0.941645176,
375.3404399,0.942118068,
375.3797411,0.940415658,
375.415856,0.947414454,
375.4526217,0.952427104,
375.4900012,0.954318671,
375.5201307,0.957250599,
375.5485197,0.94873855,
375.5863445,0.94646867,
375.6169375,0.946752405,
375.650159,0.940131923,
375.679473,0.940321079,
375.7149346,0.942307224,
375.7478185,0.949211442,
375.78362,0.958385539,
375.8201211,0.964249395,
375.8524064,0.968221684,
375.8912061,0.964722286,
375.932668,0.962925298,
375.9699486,0.961790359,
376.0067937,0.956021081,
376.0409863,0.956588551,
376.0770486,0.942118068,
376.1115376,0.942307224,
376.1466783,0.924999391,
376.1805647,0.926323488,
376.2119044,0.923202403,
376.2445649,0.903340956,
376.2752148,0.904381318,
376.3144641,0.904097582,
376.349641,0.897477099,
376.3858436,0.895490955,
376.4193722,0.889248785,
376.4548093,0.885465653,
376.4912958,0.889437943,
376.5280423,0.892275292,
376.5559019,0.898233727,
376.5906274,0.897949991,
376.625473,0.894923485,
376.6551524,0.899084931,
376.6881113,0.886222279,
376.7201192,0.885465653,
376.757349,0.880453002,
376.7895543,0.876291556,
376.8236053,0.877048182,
376.8562507,0.87657529,
376.8936864,0.870238543,
376.9259916,0.864753001,
376.9608052,0.862766856,
376.9976167,0.867495771,
377.0319406,0.869954809,
377.0674436,0.872035531,
377.1102271,0.870616856,
377.1463141,0.883574086,
377.1852005,0.889343364,
377.2210935,0.913271679,
377.2573044,0.922918668,
377.2954663,0.926323488,
377.3350866,0.934457223,
377.3730808,0.93464638,
377.4096145,0.943063851,
377.443724,0.939848188,
377.4785834,0.944482525,
377.514639,0.937767465,
377.5467315,0.931714452,
377.5797454,0.927836741,
377.6150044,0.932187344,
377.6498812,0.940415658,
377.6853521,0.954980719,
377.7223814,0.962546985,
377.7576685,0.964911443,
377.793334,0.967843371,
377.8270022,0.970207829,
377.8625741,0.969640359,
377.8971899,0.965289757,
377.9279268,0.961317467,
377.9627685,0.959047587,
377.9992282,0.958574695,
378.0361711,0.962074093,
378.0716961,0.959236744,
378.109486,0.959142166,
378.1468195,0.958763852,
378.1844193,0.960749997,
378.2220381,0.960939154,
378.2565509,0.962925298,
378.2942946,0.964343973,
378.3317002,0.969924094,
378.3721056,0.966140962,
378.4108724,0.968883732,
378.4507527,0.972856022,
378.4893317,0.973139757,
378.5282619,0.979760239,
378.5639637,0.975125902,
378.5993946,0.981084336,
378.6339406,0.979287348,
378.6698796,0.980043975,
378.7050596,0.977584938,
378.7407016,0.972099395,
378.7698218,0.970302407,
378.8067157,0.966897588,
378.8435167,0.968127106,
378.8811582,0.972666866,
378.9212672,0.984016264,
378.9552261,0.98988012,
378.9972576,0.989123493,
379.035554,0.988272289,
379.066139,0.985624096,
379.114555,0.982881324,
379.1481728,0.979003613,
379.1860171,0.977017468,
379.2184149,0.971059034,
379.2555789,0.96793795,
379.293195,0.970491564,
379.3316165,0.968883732,
379.3685172,0.972193974,
379.4059523,0.970491564,
379.4433624,0.96737048,
379.480592,0.968599998,
379.5197865,0.973801805,
379.5561621,0.96737048,
379.593029,0.952332526,
379.6280888,0.947130718,
379.6577812,0.938807826,
379.6934277,0.931998187,
379.7319114,0.934362645,
379.7659267,0.930484934,
379.8034481,0.932187344,
379.8414656,0.934362645,
379.8751769,0.936443368,
379.9043825,0.939564453,
379.9363849,0.924810235,
379.9731381,0.923580716,
380.0033622,0.917906017,
380.0366101,0.899841558,
380.067704,0.900503606,
380.1100974,0.903151799,
380.1407664,0.905705414,
380.1813888,0.904854209,
380.2201932,0.91383915,
380.2582087,0.916676499,
380.2943266,0.914501197,
380.3300211,0.910907222,
380.3690553,0.911001799,
380.4048633,0.91383915,
380.4423443,0.910528908,
380.4760334,0.910339752,
380.5136277,0.905421679,
380.545991,0.906651197,
380.5820411,0.909583125,
380.614589,0.904097582,
380.6473763,0.896058425,
380.6819247,0.906934932,
380.7137747,0.907880715,
380.7627995,0.911853004,
380.7926374,0.907975293,
380.8259322,0.897949991,
380.8615802,0.899841558,
380.8967863,0.901543967,
380.9388301,0.905043365,
380.9729234,0.910812643,
381.004982,0.906840354,
381.0403882,0.920932524,
381.071866,0.912609632,
381.1089774,0.90088192,
381.1447424,0.911190956,
381.1746265,0.910812643,
381.2072367,0.896720473,
381.2444017,0.892748183,
381.280849,0.893221075,
381.3173989,0.900598184,
381.349946,0.899936136,
381.3864575,0.891234931,
381.421656,0.882722881,
381.4593906,0.88111505,
381.4975301,0.889627099,
381.5322225,0.884330713,
381.5708087,0.890194569,
381.6060766,0.889343364,
381.6430118,0.89804457,
381.6839352,0.905705414,
381.719999,0.925283127,
381.758251,0.940510236,
381.7964883,0.944293369,
381.8333347,0.949022285,
381.8732944,0.950535538,
381.911197,0.956021081,
381.949114,0.955264455,
381.9857159,0.949684333,
382.0172885,0.947509032,
382.0498277,0.945617466,
382.0843988,0.946279513,
382.1224925,0.958101804,
382.1585081,0.961506623,
382.1977953,0.982597589,
382.2363718,0.982313854,
382.2738148,0.973518071,
382.3096515,0.97692289,
382.342348,0.975693372,
382.3785984,0.971059034,
382.4150338,0.96737048,
382.4476196,0.973139757,
382.4843636,0.976260841,
382.5206168,0.979854818,
382.5593388,0.980516866,
382.5962711,0.980516866,
382.630139,0.980800601,
382.6668274,0.978057829,
382.7029984,0.978152408,
382.7406969,0.980138553,
382.7784347,0.980422288,
382.8145264,0.979665662,
382.8505049,0.980422288,
382.8881812,0.982124698,
382.9266919,0.984962047,
382.9624228,0.990163855,
383.0021747,0.994987349,
383.0356117,0.995743976,
383.0721342,0.983070481,
383.1100173,0.980800601,
383.1485726,0.979287348,
383.1834217,0.97238313,
383.2207956,0.962925298,
383.2528226,0.966897588,
383.290415,0.966803009,
383.3263844,0.971059034,
383.3637005,0.974936745,
383.4003711,0.978814457,
383.4414383,0.977584938,
383.4769789,0.97635542,
383.5134455,0.977206625,
383.5487463,0.970869877,
383.5832568,0.966330118,
383.6109734,0.959709635,
383.638884,0.947509032,
383.6750053,0.920081319,
383.7114744,0.920365054,
383.7489277,0.927553006,
383.7874448,0.929633729,
383.8249894,0.929633729,
383.8633917,0.925283127,
383.9019517,0.923769873,
383.9388531,0.924431922,
383.9784329,0.924999391,
384.0170027,0.924053608,
384.0566317,0.927647584,
384.0950093,0.934835537,
384.1272323,0.932092766,
384.1616883,0.928782524,
384.19312,0.931336139,
384.2294888,0.934551802,
384.2634874,0.933416862,
384.2990966,0.926228909,
384.33357,0.930863248,
384.3638171,0.914974089,
384.3993076,0.907691559,
384.4289297,0.905989149,
384.4607081,0.896531317,
384.4966789,0.892180714,
384.5317059,0.894166858,
384.5646542,0.891140352,
384.5993149,0.890951195,
384.630382,0.902300594,
384.662021,0.90929939,
384.6893849,0.913555414,
384.7254226,0.904097582,
384.7623134,0.912798788,
384.7977352,0.915163246,
384.8346462,0.911190956,
384.8714715,0.915919872,
384.9087515,0.915068668,
384.9471303,0.917906017,
384.985937,0.918568065,
385.023136,0.917716861,
385.0565268,0.911947583,
385.0909823,0.897287943,
385.1270839,0.896625894,
385.1576361,0.893693967,
385.1913802,0.889627099,
385.2251066,0.889437943,
385.2620112,0.891613244,
385.2968716,0.89690963,
385.3377558,0.896153003,
385.3740882,0.909772281,
385.4097979,0.917054812,
385.4347364,0.914690354,
385.4639273,0.891991557,
385.498946,0.885938545,
385.5304553,0.882060833,
385.558862,0.878656014,
385.5948129,0.874116254,
385.6241747,0.871468061,
385.661275,0.864374687,
385.6958125,0.86759035,
385.7293142,0.877426496,
385.7666893,0.879601797,
385.8015254,0.879318062,
385.83871,0.880169267,
385.8648891,0.876480713,
385.8897486,0.860496976,
385.9143791,0.852741553,
385.9384325,0.835717455,
385.9626305,0.805736128,
385.9873649,0.789184922,
386.0112849,0.789184922,
386.0317197,0.776511426,
386.0595944,0.754569256,
386.0836098,0.748043352,
386.1108288,0.748043352,
386.1320181,0.738301785,
386.1540739,0.72449335,
386.1784077,0.715413831,
386.1999284,0.709644553,
386.221237,0.693377082,
386.2503829,0.685148768,
386.2716894,0.677771659,
386.2994129,0.665949369,
386.3208817,0.652613825,
386.3420306,0.640224065,
386.3716746,0.624807799,
386.3931373,0.610242737,
386.4150591,0.593691531,
386.442807,0.580072252,
386.4648031,0.57515418,
386.4864038,0.565601769,
386.5134931,0.56049454,
386.5353342,0.558886708,
386.5566261,0.551131286,
386.5858492,0.551131286,
386.6089432,0.542619237,
386.6311567,0.525500561,
386.6600442,0.518312608,
386.6851122,0.508003571,
386.710067,0.508003571,
386.7380047,0.504315017,
386.7608113,0.477549352,
386.7894943,0.452391518,
386.8133252,0.443501156,
386.8381893,0.428463203,
386.8593671,0.402643321,
386.8851308,0.394320429,
386.9102184,0.393563802,
386.9379033,0.384484283,
386.9616972,0.366514402,
386.987857,0.363204161,
387.0125445,0.363204161,
387.037356,0.359421028,
387.0608021,0.352989702,
387.098064,0.350814401,
387.1216115,0.347977051,
387.1437282,0.347031268,
387.1679469,0.344855967,
387.1900384,0.341451147,
387.2121975,0.338897532,
387.2365096,0.337478858,
387.2587512,0.327453556,
387.280912,0.326696929,
387.3029243,0.324899941,
387.3250261,0.323859579,
387.3471522,0.323197531,
387.3780279,0.320171025,
387.3999234,0.316009579,
387.4216499,0.314023434,
387.4421655,0.310618614,
387.4627545,0.308443313,
387.4893668,0.30749753,
387.5153661,0.305984277,
387.5374291,0.306078855,
387.5595774,0.303619818,
387.5800457,0.303430662,
387.6012922,0.30125536,
387.6222835,0.298418011,
387.643801,0.296999336,
387.6654098,0.29340536,
387.6870568,0.290095119,
387.707916,0.290095119,
387.7309404,0.288203552,
387.7523514,0.286501142,
387.7732512,0.285555359,
387.794218,0.285177046,
387.8150795,0.283285479,
387.8360095,0.27817825,
387.8577687,0.274678852,
387.8787554,0.274678852,
387.9009128,0.272503551,
387.9230974,0.271463189,
387.9452,0.272125237,
387.9648601,0.272030659,
387.9844067,0.271841502,
388.003895,0.271841502,
388.0233837,0.271274033,
388.0435265,0.271368611,
388.0637068,0.271368611,
388.0924612,0.271368611,
388.1127695,0.271463189,
388.1329664,0.271368611,
388.1534728,0.271463189,
388.1805053,0.271463189,
388.2201119,0.272408972,
388.245268,0.273260177,
388.2684177,0.273260177,
388.2916071,0.273260177,
388.3129057,0.273260177,
388.3363439,0.273165599,
388.3596028,0.273071021,
388.3829296,0.273071021,
388.4061583,0.273071021,
388.429929,0.272976442,
388.4535622,0.272787286,
388.4746392,0.272881864,
388.4952412,0.273354756,
388.5196966,0.273354756,
388.5431042,0.273733069,
388.5671571,0.273922225,
388.5901333,0.273922225,
388.6137132,0.273733069,
388.6373261,0.273449334,
388.6607509,0.273354756,
388.6843002,0.273354756,
388.7078249,0.273260177,
388.7335917,0.273543912,
388.7571398,0.273638491,
388.7805795,0.273638491,
388.8041429,0.273543912,
388.8278873,0.273449334,
388.8512389,0.273354756,
388.8741364,0.273260177,
388.8948913,0.273449334,
388.9174236,0.273354756,
388.9376524,0.273260177,
388.9613587,0.272219816,
388.9815866,0.272219816,
389.0016935,0.271936081,
389.0219348,0.271274033,
389.0420859,0.270233671,
389.0623513,0.270139093,
389.0953749,0.270044514,
389.1155775,0.269949936,
389.1357423,0.269855358,
389.1601025,0.269666201,
389.1805189,0.269666201,
389.200677,0.269382466,
389.2208093,0.269098731,
389.2429387,0.269004153,
389.2632371,0.268909575,
389.2835114,0.268814996,
389.3036481,0.268814996,
389.323891,0.267963791,
389.3437156,0.267585478,
389.3663415,0.2674909,
389.3863083,0.267396321,
389.4064582,0.267396321,
389.4261446,0.267396321,
389.4456666,0.267396321,
389.4659546,0.267301743,
389.4855887,0.267301743,
389.5051273,0.267301743,
389.5246073,0.266734273,
389.5446985,0.266734273,
389.5675041,0.266545116,
389.5897082,0.266261381,
389.6099488,0.266261381,
389.6300342,0.265883068,
389.6494301,0.265315598,
389.6694266,0.265315598,
389.6891144,0.265315598,
389.7085377,0.265315598,
389.7299408,0.265315598,
389.7496501,0.265315598,
389.7695082,0.265315598,
389.7892434,0.265315598,
389.8086421,0.265315598,
389.8334627,0.265315598,
389.8565387,0.266828851,
389.877517,0.266828851,
389.9028981,0.267018008,
389.937821,0.272314394,
389.9689025,0.288487287,
389.9940873,0.295486083,
390.0179973,0.296526444,
390.0409007,0.296999336,
390.0644526,0.299647529,
390.0941144,0.30125536,
390.1181506,0.301539095,
390.1414627,0.301728252,
390.1658224,0.303052349,
390.1871197,0.303241505,
390.2084535,0.303241505,
390.2313872,0.304565602,
390.2516805,0.304187288,
390.2712469,0.304281867,
390.2983691,0.304376445,
390.3308224,0.308537891,
390.3627899,0.327642712,
390.3982116,0.344855967,
390.4356307,0.364622836,
390.4727641,0.403021635,
390.5068832,0.418248744,
390.5436184,0.433759589,
390.583756,0.465916218,
390.6205858,0.496843329,
390.6559522,0.515569837,
390.6954619,0.536187911,
390.7308819,0.553212009,
390.7650793,0.56049454,
390.7989032,0.582436711,
390.8336082,0.596245146,
390.8712373,0.637386715,
390.9057452,0.649681897,
390.9437716,0.665003585,
390.9876207,0.682405997,
391.0225019,0.711725276,
391.0591809,0.726574073,
391.1001037,0.737639736,
391.1370281,0.756839136,
391.1785197,0.786536729,
391.2138416,0.80450661,
391.2492456,0.82644878,
391.2852444,0.841959625,
391.3186496,0.877993965,
391.3602903,0.892842762,
391.3948701,0.894166858,
391.4310818,0.902584329,
391.4672709,0.905137944,
391.5055043,0.911380113,
391.5459418,0.910718065,
391.5820333,0.911380113,
391.6201271,0.908353607,
391.6601674,0.910056017,
391.7008141,0.908826498,
391.7395448,0.916960234,
391.7796292,0.918946379,
391.8170248,0.928498789,
391.8578212,0.930106621,
391.8981753,0.939375296,
391.9397039,0.940983128,
391.9815338,0.947981923,
392.0152419,0.947698188,
392.0525612,0.944293369,
392.0917242,0.940321079,
392.1314247,0.940793971,
392.1692607,0.941739754,
392.2054145,0.944104212,
392.2468521,0.939375296,
392.2861308,0.950913852,
392.3249635,0.952048791,
392.3652195,0.957723491,
392.394847,0.957723491,
392.4316748,0.956399394,
392.4692511,0.955831924,
392.5021047,0.956588551,
392.53659,0.953562045,
392.57347,0.948454815,
392.6137833,0.949778911,
392.6459769,0.951103008,
392.6837354,0.947319875,
392.7210798,0.945617466,
392.7562906,0.947225297,
392.7967056,0.947509032,
392.8331588,0.949589755,
392.8694578,0.946563249,
392.9048718,0.942685538,
392.9383127,0.935686742,
392.9737269,0.930390356,
393.0131824,0.926512645,
393.0493734,0.923864452,
393.0865383,0.921027101,
393.1263872,0.923769873,
393.1650654,0.924337343,
393.2043559,0.914974089,
393.247462,0.91714939,
393.2872179,0.913933728,
393.3240207,0.918378908,
393.3627236,0.915352402,
393.4006776,0.916865656,
393.4397298,0.920365054,
393.4794105,0.921216259,
393.5212648,0.924715657,
393.5611556,0.927836741,
393.6003262,0.930484934,
393.642331,0.934930115,
393.6812381,0.940037345,
393.7222562,0.938051199,
393.7581822,0.936727103,
393.7920351,0.930484934,
393.8281209,0.932660236,
393.8645915,0.933133127,
393.9006111,0.932471079,
393.9380469,0.932281922,
393.9730388,0.929255416,
394.0127749,0.92736385,
394.0497928,0.931146982,
394.0846309,0.936537947,
394.1206396,0.935403006,
394.1576017,0.931241561,
394.1916433,0.933038549,
394.2268389,0.926701801,
394.2617233,0.927836741,
394.3011987,0.931998187,
394.3392584,0.933322284,
394.3805497,0.93464638,
394.4185485,0.9323765,
394.4532665,0.932187344,
394.4907512,0.933511441,
394.530396,0.931052404,
394.5648957,0.928877102,
394.5980505,0.924242765,
394.6323977,0.918662644,
394.6654772,0.906083727,
394.7011559,0.903340956,
394.7383926,0.901260233,
394.7723267,0.904381318,
394.8106518,0.90589457,
394.8478755,0.9053271,
394.8880043,0.904665052,
394.9244845,0.90986686,
394.961849,0.904475895,
394.9957084,0.905043365,
395.0269917,0.902489751,
395.0608141,0.893693967,
395.1114051,0.89236987,
395.1472897,0.882344568,
395.1836511,0.88168252,
395.2221867,0.8839524,
395.2592555,0.890856618,
395.296216,0.89293734,
395.3305688,0.89236987,
395.3656602,0.881493363,
395.4116409,0.882439147,
395.4473198,0.881966255,
395.4825512,0.883101195,
395.513157,0.879507219,
395.5440491,0.865793362,
395.5744955,0.857659626,
395.6058901,0.85179577,
395.6383547,0.850471674,
395.6713075,0.851039144,
395.7063607,0.851228301,
395.7417582,0.851417457,
395.7751881,0.851228301,
395.8104346,0.852552397,
395.8450539,0.851322879,
395.8790657,0.854538542,
395.9137932,0.854349385,
395.9470739,0.856430108,
395.9836754,0.852457819,
396.0196328,0.850660831,
396.0514945,0.852174084,
396.0881681,0.852646975,
396.1241661,0.850282517,
396.1625487,0.853214445,
396.2025787,0.860686133,
396.2479425,0.867779507,
396.2898688,0.867401194,
396.3313788,0.872603002,
396.3718589,0.880074688,
396.4106442,0.879980111,
396.4445534,0.878372278,
396.4754128,0.872413845,
396.5083265,0.868063242,
396.5395636,0.869481917,
396.5721879,0.862388542,
396.6088551,0.865225892,
396.6423926,0.868441555,
396.673038,0.873359628,
396.7086632,0.872981315,
396.7445283,0.874683724,
396.779107,0.872413845,
396.8129878,0.871373483,
396.8469722,0.873548784,
396.8759943,0.8704277,
396.9110129,0.866266253,
396.9438586,0.860969867,
396.9747087,0.855011433,
397.0090025,0.853971071,
397.0449602,0.850849987,
397.0823705,0.855484325,
397.120778,0.861064446,
397.1612312,0.863523482,
397.1971843,0.869103604,
397.2399008,0.866360832,
397.2775591,0.87156264,
397.3102075,0.873265049,
397.3485868,0.860686133,
397.3822864,0.862577699,
397.4076566,0.857092156,
397.4392997,0.84735059,
397.4690919,0.847066854,
397.5018459,0.837703601,
397.536766,0.83382589,
397.5679625,0.839122275,
397.6063304,0.841392155,
397.6420723,0.839689745,
397.6781185,0.843189143,
397.7121522,0.846593962,
397.7466059,0.845364444,
397.7826258,0.853119867,
397.8197347,0.85860541,
397.8544491,0.853876494,
397.8896761,0.85576806,
397.9213433,0.861159024,
397.957443,0.855484325,
397.9959608,0.85520059,
398.032152,0.857375892,
398.0688557,0.866833724,
398.1171644,0.8704277,
398.1543431,0.87156264,
398.1938045,0.871089748,
398.2336765,0.86872529,
398.2694264,0.862010229,
398.3032898,0.85520059,
398.3300021,0.856146373,
398.3601796,0.847634324,
398.4067992,0.840162637,
398.4412404,0.848390951,
398.474263,0.846877698,
398.5091715,0.85463312,
398.5458493,0.862483121,
398.5826956,0.864942157,
398.6195178,0.868630712,
398.6571862,0.877426496,
398.696898,0.880263845,
398.7360757,0.876386134,
398.7685903,0.867968663,
398.7996025,0.866549989,
398.8303209,0.861159024,
398.8604181,0.855673482,
398.8940632,0.851228301,
398.9343527,0.850566252,
398.9714938,0.859834928,
399.0062465,0.863334326,
399.0436903,0.861159024,
399.0803964,0.870522278,
399.1261545,0.869198181,
399.1650708,0.870900591,
399.2034676,0.86815782,
399.2268933,0.85803794,
399.2474819,0.846404806,
399.2692596,0.832028901,
399.2923744,0.820395768,
399.3133801,0.813586129,
399.3342067,0.805263236,
399.355021,0.796183717,
399.3769394,0.782564439,
399.3973088,0.771877089,
399.4168107,0.754758412,
399.4390865,0.748232508,
399.4600675,0.725344554,
399.481761,0.720237325,
399.5017579,0.712292746,
399.5224749,0.699808408,
399.5433115,0.689688527,
399.5641304,0.674650574,
399.5847616,0.659612621,
399.6051407,0.659612621,
399.6250339,0.646182499,
399.6444585,0.62755057,
399.6638542,0.613647557,
399.6839162,0.599460808,
399.7039494,0.599460808,
399.7287712,0.582436711,
399.7482464,0.567209601,
399.7688875,0.556143937,
399.8020902,0.536944538,
399.8316706,0.545172852,
399.8589324,0.544605382,
399.8939686,0.550090925,
399.9223017,0.546686105,
399.9597159,0.542808394,
399.9954309,0.540538514,
400.030586,0.544983695,
400.061127,0.544510804,
400.11065,0.544605382,
400.1347586,0.543470442,
400.1560709,0.518690922,
400.1911663,0.511502969,
400.2205968,0.495046341,
400.2536754,0.499680679,
400.2800541,0.502045137,
400.3024951,0.510084295,
400.323804,0.50696321,
400.3451597,0.507719837,
400.3817304,0.510557186,
400.4132305,0.524933091,
400.4359746,0.540822249,
400.4575548,0.538646948,
400.4785309,0.538646948,
400.5083809,0.535809598,
400.5396499,0.551320443,
400.565843,0.589057193,
400.589229,0.600312013,
400.61059,0.600312013,
400.6327165,0.600974062,
400.6672902,0.606932496,
400.6968094,0.621497557,
400.7184047,0.630766233,
400.7390927,0.636062619,
400.7593822,0.64107527,
400.7839117,0.641169848,
400.8175441,0.642304788,
400.8439608,0.652613825,
400.8660067,0.652424668,
400.8865154,0.649776476,
400.9080005,0.649776476,
400.9425944,0.633509004,
400.9748592,0.642399366,
401.0007219,0.638616234,
401.0233595,0.631806594,
401.0436202,0.624334907,
401.067852,0.61232346,
401.1099956,0.603811411,
401.136742,0.60106864,
401.158625,0.594826471,
401.1795953,0.592083699,
401.2012945,0.58527406,
401.2305158,0.574302975,
401.2619037,0.575627071,
401.2889861,0.594164422,
401.3105965,0.594164422,
401.3323566,0.587922253,
401.3531596,0.576099963,
401.3867091,0.567020444,
401.4193968,0.57401924,
401.442709,0.584895747,
401.4651601,0.586598157,
401.4859723,0.583193337,
401.510579,0.583193337,
401.5455527,0.582815024,
401.5756642,0.594731892,
401.5977289,0.600312013,
401.6189203,0.592556591,
401.6394773,0.58754394,
401.6677732,0.567682492,
401.7031347,0.56106201,
401.7321187,0.572695143,
401.7539316,0.57458671,
401.7744514,0.573262613,
401.7953703,0.573830083,
401.8205558,0.556427672,
401.8557054,0.55652225,
401.8849356,0.572222252,
401.9197861,0.58924635,
401.9546745,0.598987917,
401.9905213,0.603527676,
402.0213995,0.630671655,
402.05884,0.633130691,
402.0946545,0.639183704,
402.1330879,0.648074066,
402.1626752,0.663395754,
402.2003489,0.664436115,
402.229888,0.671529489,
402.2564956,0.667178887,
402.278925,0.667273465,
402.3045332,0.66358491,
402.3398523,0.667746357,
402.3762253,0.686472864,
402.4050155,0.69290419,
402.4312613,0.688553587,
402.4611168,0.688742744,
402.4968045,0.695930696,
402.5338009,0.70529395,
402.56692,0.707374673,
402.604737,0.71938612,
402.635514,0.728938531,
402.6724192,0.727709013,
402.7050432,0.737639736,
402.7360621,0.734234917,
402.7730104,0.755987931,
402.8085565,0.768283112,
402.8403183,0.756460822,
402.8740619,0.764689136,
402.9108231,0.773106607,
402.9498366,0.786915042,
402.9897684,0.794481308,
403.0257064,0.806019863,
403.060514,0.810181309,
403.0975609,0.807911429,
403.1346361,0.802898778,
403.1721569,0.816045165,
403.2109183,0.823895166,
403.2488071,0.833731311,
403.2853238,0.841013842,
403.3221011,0.857470469,
403.3593055,0.86759035,
403.3958609,0.874210833,
403.4316725,0.898895774,
403.4706452,0.905610836,
403.5077705,0.912798788,
403.5439143,0.914879511,
403.5772147,0.939091561,
403.6078631,0.93067409,
403.6435664,0.924242765,
403.6737275,0.923675295,
403.7038192,0.917433126,
403.7381049,0.92736385,
403.7727927,0.936537947,
403.8072135,0.935686742,
403.8431531,0.936537947,
403.8785961,0.949211442,
403.9150989,0.953183731,
403.9499258,0.959615057,
403.9904541,0.952237948,
404.0238248,0.943915056,
404.0556357,0.933795175,
404.0929112,0.92112168,
404.1240691,0.914122884,
404.1585871,0.911758427,
404.1909235,0.910812643,
404.2267878,0.914312041,
404.2623942,0.915352402,
404.2968447,0.916203607,
404.3345138,0.915636138,
404.3696995,0.912515053,
404.4065069,0.913555414,
404.4430381,0.916487343,
404.4806713,0.916203607,
404.5112593,0.918000595,
404.5487916,0.906934932,
404.5808749,0.911947583,
404.6177573,0.912704209,
404.6458864,0.909677703,
404.6809495,0.899557823,
404.7156443,0.901638546,
404.7634789,0.889059629,
404.7975493,0.879885532,
404.8264162,0.873170471,
404.8622983,0.867495771,
404.8927434,0.862010229,
404.9264239,0.860118662,
404.9632386,0.869103604,
405.0005096,0.876764447,
405.0373326,0.877237339,
405.0693371,0.87657529,
405.1092377,0.870711435,
405.1438568,0.874967459,
405.1762388,0.866360832,
405.2082527,0.868252399,
405.2490942,0.862293964,
405.2789942,0.853876494,
405.3137822,0.850849987,
405.3488614,0.855295168,
405.3871094,0.85860541,
405.4257461,0.857092156,
405.463434,0.854443963,
405.4995717,0.850849987,
405.5390803,0.862956013,
405.5753769,0.859740349,
405.6115667,0.866739145,
405.6511225,0.866833724,
405.6851798,0.877426496,
405.7250584,0.885938545,
405.7626608,0.899368666,
405.7993089,0.903435534,
405.8357183,0.903908426,
405.8732219,0.90816445,
405.9088199,0.914784933,
405.9438202,0.9188518,
405.9764235,0.917433126,
406.0156349,0.913366258,
406.0499256,0.909110234,
406.0843176,0.911001799,
406.1213594,0.907124088,
406.1567554,0.909015655,
406.1885741,0.922918668,
406.2222966,0.936065055,
406.2741914,0.950724695,
406.3097805,0.952521683,
406.3452848,0.949778911,
406.3758037,0.946941562,
406.4106275,0.938145778,
406.4475279,0.934268067,
406.4812694,0.931619874,
406.518457,0.923202403,
406.5558048,0.921783729,
406.5924423,0.920648788,
406.6280298,0.923580716,
406.6649896,0.926039753,
406.7002755,0.92566144,
406.7394166,0.922918668,
406.7734705,0.919135536,
406.8110903,0.915163246,
406.8400468,0.917811439,
406.8738294,0.904097582,
406.9058009,0.905610836,
406.9346189,0.901449389,
406.9683966,0.885465653,
407.0017284,0.885938545,
407.0366016,0.886695171,
407.0673718,0.886316858,
407.1111733,0.882912038,
407.1410461,0.881493363,
407.1774945,0.878466857,
407.2133563,0.876669869,
407.2464235,0.878088544,
407.2711927,0.86759035,
407.3049918,0.854254807,
407.3333102,0.862293964,
407.3685784,0.856808422,
407.4094746,0.864753001,
407.4439997,0.855484325,
407.4781559,0.857659626,
407.5152764,0.85633553,
407.5484101,0.850566252,
407.581728,0.848296372,
407.6147096,0.843472878,
407.6519964,0.834298781,
407.6844484,0.833069262,
407.7230274,0.838460227,
407.7578759,0.839311432,
407.7952883,0.844891553,
407.8360186,0.84735059,
407.8710274,0.856146373,
407.9109995,0.861348181,
407.9488285,0.876102399,
407.9850497,0.886600592,
408.0198404,0.888113846,
408.0540184,0.896625894,
408.0899409,0.9053271,
408.1298724,0.905137944,
408.1651997,0.902678907,
408.2039851,0.90759698,
408.241299,0.908921077,
408.2779945,0.916771077,
408.3139132,0.918473487,
408.3496454,0.925945175,
408.3861761,0.929917464,
408.4216677,0.93521385,
408.4634658,0.934930115,
408.4990102,0.9323765,
408.5343265,0.940415658,
408.5696925,0.945239152,
408.6039968,0.949778911,
408.6392476,0.955548189,
408.6773419,0.957628912,
408.7140873,0.963209033,
408.7482197,0.974180118,
408.7858614,0.96623554,
408.8227764,0.963303611,
408.8565688,0.963114455,
408.8948169,0.961979515,
408.9306564,0.965006021,
408.9695622,0.962736142,
409.007362,0.962641564,
409.0429887,0.96396566,
409.0816545,0.96737048,
409.1137701,0.967465058,
409.1474596,0.960939154,
409.1824817,0.962168672,
409.2206902,0.966424696,
409.2548257,0.96396566,
409.2901646,0.96056084,
409.3218332,0.946563249,
409.3547449,0.94760361,
409.3843229,0.947792767,
409.4177906,0.941739754,
409.4468799,0.940226501,
409.4806939,0.930863248,
409.5124853,0.930390356,
409.5467638,0.920081319,
409.5806832,0.914690354,
409.6164336,0.913271679,
409.6471908,0.906556619,
409.682359,0.903908426,
409.7158342,0.903057221,
409.7549588,0.901733125,
409.7937855,0.900314449,
409.8288524,0.895680112,
409.8663441,0.901827702,
409.9037226,0.902395172,
409.9431633,0.904192161,
409.9837773,0.903246377,
410.0210695,0.897760835,
410.0535146,0.899368666,
410.0877822,0.892464449,
410.1179015,0.891140352,
410.153548,0.883101195,
410.1860357,0.881966255,
410.2175839,0.877048182,
410.255624,0.879318062,
410.2853213,0.881398785,
410.3206674,0.876764447,
410.3535692,0.878561436,
410.3920196,0.873265049,
410.4275965,0.884425291,
410.4626013,0.89293734,
410.4987833,0.903057221,
410.5339494,0.901733125,
410.5677874,0.905232523,
410.60402,0.903246377,
410.6315756,0.905799992,
410.6645902,0.904381318,
410.6962764,0.904665052,
410.7337501,0.899368666,
410.7679228,0.90702951,
410.8045295,0.906556619,
410.8410844,0.907124088,
410.8758864,0.89690963,
410.9086091,0.898233727,
410.942883,0.893221075,
410.9784932,0.89407228,
411.0162365,0.897004208,
411.0538354,0.899274088,
411.0928003,0.908448185,
411.1316952,0.913271679,
411.169884,0.924431922,
411.2036181,0.926796379,
411.2448685,0.929633729,
411.2808221,0.920837945,
411.3183698,0.923296981,
411.3548933,0.924621078,
411.3945695,0.928877102,
411.4293965,0.926228909,
411.4669878,0.923675295,
411.5019871,0.926701801,
411.5407015,0.931619874,
411.5719695,0.928687946,
411.6091125,0.921405415,
411.637975,0.924999391,
411.6738757,0.917433126,
411.707033,0.915919872,
411.7418668,0.91156927,
411.7769204,0.904759631,
411.8121336,0.904665052,
411.8477749,0.904854209,
411.8837104,0.905043365,
411.9196217,0.909488547,
411.9550008,0.914501197,
411.9922281,0.916771077,
412.0292403,0.914028306,
412.0670698,0.916014451,
412.114114,0.919230114,
412.1530735,0.917716861,
412.1942683,0.92055421,
412.2321033,0.918473487,
412.2705995,0.920175897,
412.3066036,0.920175897,
412.3419734,0.924715657,
412.3726915,0.926512645,
412.4104532,0.919797583,
412.4420551,0.917338547,
412.4761656,0.916487343,
412.511913,0.920270475,
412.5492082,0.928309633,
412.5859268,0.931146982,
412.617319,0.930201199,
412.6541188,0.930579512,
412.6840037,0.943442164,
412.7126345,0.948927706,
412.7481022,0.942307224,
412.7788278,0.9459012,
412.8154868,0.946279513,
412.8533398,0.954696984,
412.8908871,0.956683129,
412.9285883,0.965289757,
412.9675826,0.966992166,
413.0023107,0.966613853,
413.0401722,0.96566807,
413.0758429,0.964060238,
413.1131383,0.964533129,
413.1488496,0.953183731,
413.1866757,0.949684333,
413.2196537,0.939659031,
413.2555456,0.939659031,
413.2874945,0.934835537,
413.318593,0.930390356,
413.350778,0.930484934,
413.382299,0.929917464,
413.4147569,0.926418066,
413.448526,0.932281922,
413.4821054,0.93294397,
413.517059,0.930390356,
413.5534589,0.928404211,
413.5910126,0.929539151,
413.6235207,0.928593368,
413.6505685,0.919608427,
413.6853339,0.905516257,
413.7146893,0.905705414,
413.7446129,0.900219871,
413.7782133,0.887830111,
413.806723,0.890289147,
413.8373673,0.888208425,
413.871157,0.872319266,
413.9055345,0.872792158,
413.9405328,0.874872881,
413.9784852,0.874116254,
414.0108326,0.877899387,
414.0481647,0.876102399,
414.0803304,0.86986023,
414.1138296,0.861726495,
414.1491721,0.863145169,
414.1876095,0.862577699,
414.2236331,0.8704277,
414.2602476,0.876007821,
414.2974303,0.879318062,
414.3373723,0.886695171,
414.3740312,0.889437943,
414.41153,0.895112642,
414.4512869,0.901165654,
414.4899126,0.904381318,
414.5254196,0.91156927,
414.5626553,0.906934932,
414.5954586,0.904665052,
414.6312241,0.899557823,
414.6663018,0.905043365,
414.7021428,0.909488547,
414.739018,0.913744571,
414.7751035,0.931146982,
414.8106274,0.93407891,
414.8477041,0.948643972,
414.8858227,0.955548189,
414.9217985,0.956588551,
414.96445,0.955453611,
414.9991716,0.951481321,
415.0321422,0.952899996,
415.0676767,0.953845779,
415.1108419,0.954980719,
415.1501647,0.957345177,
415.1919502,0.956399394,
415.2288814,0.957912648,
415.2650795,0.96226325,
415.3022009,0.962168672,
415.336063,0.961884937,
415.3742009,0.959331322,
415.4107542,0.961884937,
415.4489513,0.961601202,
415.4860067,0.962452407,
415.5251231,0.966992166,
415.564094,0.971059034,
415.60157,0.972761444,
415.6400022,0.977206625,
415.6786209,0.983259637,
415.7117065,0.983543373,
415.7462972,0.974180118,
415.7810222,0.976639155,
415.8149883,0.973896384,
415.8521425,0.972004817,
415.8896156,0.970396986,
415.9267907,0.977774095,
415.9667636,0.981935541,
416.0031357,0.987515662,
416.040459,0.990258433,
416.0748823,0.992622891,
416.1100719,0.98874518,
416.1470559,0.984299999,
416.1839924,0.98420542,
416.2130028,0.982597589,
416.2474443,0.979476505,
416.2820247,0.973328913,
416.3185632,0.97692289,
416.3518745,0.980327709,
416.3887185,0.975977107,
416.4246793,0.971342769,
416.4608418,0.973139757,
416.4959007,0.97465301,
416.5331761,0.97522048,
416.5695611,0.976260841,
416.6054793,0.976828311,
416.6448021,0.972099395,
416.6756709,0.971248191,
416.7043256,0.966708431,
416.7403239,0.957061443,
416.7742702,0.958290961,
416.8127149,0.960939154,
416.8490768,0.963587347,
416.8886382,0.96396566,
416.9220355,0.961506623,
416.9565492,0.961412046,
416.9888247,0.96283072,
417.0245701,0.953278309,
417.0533927,0.956399394,
417.084605,0.947698188,
417.1213071,0.935970477,
417.1555746,0.935403006,
417.1940138,0.926796379,
417.2250909,0.929160838,
417.2761204,0.925756018,
417.3120065,0.917622282,
417.3482115,0.92225662,
417.3885541,0.928782524,
417.4281151,0.931146982,
417.4636728,0.932092766,
417.5013475,0.931809031,
417.5373817,0.931525295,
417.5736423,0.930295777,
417.6080652,0.928404211,
417.6463209,0.918284331,
417.6866166,0.919324692,
417.7217178,0.923202403,
417.7613976,0.924431922,
417.7952373,0.92168915,
417.8293284,0.925566861,
417.8596622,0.921499993,
417.8869761,0.913649992,
417.920271,0.903908426,
417.9586517,0.906272883,
417.9934464,0.912231318,
418.0303348,0.914312041,
418.0600264,0.916676499,
418.0964912,0.915257825,
418.1260417,0.915446981,
418.1547433,0.905989149,
418.1925978,0.901827702,
418.2254087,0.904665052,
418.2821691,0.89293734,
418.3192047,0.888870472,
418.3533723,0.891991557,
418.3909598,0.892653605,
418.4235279,0.889248785,
418.4609849,0.885276496,
418.4941291,0.883101195,
418.5298051,0.883763243,
418.5667497,0.880074688,
418.6015299,0.885465653,
418.6378496,0.887924689,
418.6743808,0.888303003,
418.7117958,0.888492159,
418.7475389,0.899841558,
418.7820066,0.898517461,
418.8202888,0.904192161,
418.8556812,0.904286739,
418.8947197,0.923296981,
418.9314747,0.927553006,
418.969597,0.923296981,
419.0080459,0.919797583,
419.0458331,0.914501197,
419.0783164,0.913460836,
419.1140214,0.913271679,
419.1530817,0.918946379,
419.1915045,0.925850596,
419.2259206,0.928971681,
419.2637223,0.948360237,
419.2997326,0.970113251,
419.3356433,0.968316263,
419.3699813,0.966046383,
419.4065195,0.960749997,
419.4375814,0.957534334,
419.4721669,0.940415658,
419.5084859,0.941928911,
419.5431244,0.938996983,
419.5807741,0.94930602,
419.6210361,0.951292165,
419.6580514,0.949400598,
419.6972923,0.95271084,
419.7307922,0.953940358,
419.7646474,0.955642768,
419.8012816,0.953751201,
419.8380144,0.953278309,
419.874292,0.956777707,
419.9120898,0.957818069,
419.9557011,0.963681925,
419.9971194,0.972761444,
420.0323846,0.977301203,
420.06478,0.977963252,
420.0998457,0.974274697,
420.1305452,0.973518071,
420.1630345,0.966992166,
420.1970615,0.965762648,
420.2273385,0.958953009,
420.2644179,0.951859635,
420.3006267,0.948360237,
420.335599,0.950346382,
420.3695601,0.953751201,
420.4045131,0.958669274,
420.4399683,0.962641564,
420.4783484,0.971910239,
420.5137526,0.973518071,
420.5524628,0.970018673,
420.5832213,0.965478913,
420.6178458,0.958953009,
420.652162,0.954602406,
420.6871786,0.95100843,
420.7203805,0.945049995,
420.7528969,0.942969273,
420.7864727,0.943253007,
420.8233712,0.940699393,
420.8592564,0.942590959,
420.8956296,0.949968068,
420.9337375,0.952427104,
420.9806124,0.953940358,
421.0163348,0.955075297,
421.0558645,0.954318671,
421.0948954,0.959236744,
421.1343094,0.953940358,
421.1698832,0.945806622,
421.2052368,0.944387948,
421.2447261,0.949400598,
421.2807851,0.963303611,
421.3145055,0.962546985,
421.3500788,0.963871082,
421.3840062,0.96623554,
421.4189967,0.960182527,
421.45017,0.959236744,
421.4766142,0.956210238,
421.513474,0.941739754,
421.5456062,0.935686742,
421.582519,0.93634879,
421.6182425,0.936443368,
421.6528384,0.936727103,
421.688562,0.934457223,
421.7230739,0.941645176,
421.7592039,0.944860839,
421.7949661,0.951103008,
421.8318112,0.952616261,
421.8677059,0.951292165,
421.9052015,0.949589755,
421.9438631,0.948927706,
421.9794032,0.941928911,
422.0134396,0.943442164,
422.0502687,0.930012043,
422.0831819,0.930579512,
422.1173001,0.932849392,
422.1516705,0.928120476,
422.1871849,0.931714452,
422.2228918,0.923013247,
422.2513411,0.922067463,
422.2813609,0.915446981,
422.3173167,0.909110234,
422.3487307,0.905989149,
422.3863821,0.897666256,
422.4225624,0.901165654,
422.4586618,0.908069872,
422.4964327,0.911190956,
422.5304248,0.913460836,
422.5575292,0.897855413,
422.5936008,0.898517461,
422.6249794,0.900503606,
422.6561408,0.896058425,
422.6909502,0.890383726,
422.7233119,0.88281746,
422.7639361,0.877710231,
422.8022575,0.879318062,
422.8312227,0.881209629,
422.8664796,0.877426496,
422.8958268,0.874589146,
422.9323102,0.872035531,
422.961414,0.876669869,
423.0002095,0.876953604,
423.0252565,0.873075893,
423.0524353,0.857848783,
423.0746189,0.846121071,
423.1032169,0.829380708,
423.1262583,0.820301189,
423.1505833,0.811599984,
423.1730664,0.792684319,
423.1949965,0.780389138,
423.2202317,0.772066245,
423.2442474,0.757879497,
423.271777,0.75097528,
423.2928911,0.752015641,
423.3147285,0.745678894,
423.3430582,0.728654796,
423.3644859,0.720993952,
423.4058213,0.711157806,
423.4273784,0.698200576,
423.4470834,0.680419852,
423.4699553,0.659990934,
423.4967765,0.644858403,
423.5179692,0.631806594,
423.5449068,0.621119244,
423.5673017,0.619038521,
423.5888982,0.611377677,
423.6174306,0.598987917,
423.6384295,0.595204784,
423.6597089,0.588868036,
423.6898197,0.58584153,
423.7112293,0.57458671,
423.7355353,0.565507191,
423.7633717,0.548199358,
423.7881043,0.530891525,
423.8104599,0.530891525,
423.8386855,0.521149958,
423.8618831,0.490128269,
423.8857672,0.478116822,
423.9111608,0.478116822,
423.9355214,0.456552965,
423.9618363,0.428274046,
423.9874449,0.411060792,
424.0157449,0.393185489,
424.0406418,0.391104766,
424.0658108,0.378809584,
424.1005226,0.370108379,
424.1242741,0.367365607,
424.1479606,0.365568619,
424.1751712,0.359799342,
424.2006545,0.3564891,
424.2245921,0.351571028,
424.2504832,0.349679461,
424.2737683,0.348733678,
424.2973412,0.345045123,
424.3195859,0.341545725,
424.3416091,0.340789099,
424.3638412,0.335776448,
424.3991484,0.333601146,
424.4217795,0.327737291,
424.4449703,0.324710784,
424.4668958,0.321968013,
424.4898562,0.318846928,
424.5121929,0.318846928,
424.533502,0.317333675,
424.5572655,0.312321024,
424.5810866,0.312037289,
424.6080703,0.311280663,
424.6316373,0.307686686,
424.6534486,0.306835481,
424.6743779,0.304187288,
424.6946772,0.303146927,
424.7145574,0.302674035,
424.7382229,0.300309577,
424.7596929,0.298418011,
424.7810618,0.296810179,
424.8025033,0.294634878,
424.8238586,0.293310781,
424.8447422,0.289622227,
424.8657233,0.286974034,
424.8872735,0.285744516,
424.9082707,0.285744516,
424.9292806,0.284231263,
424.950303,0.283285479,
424.9730874,0.277232467,
424.9993249,0.27704331,
425.0210407,0.274395117,
425.0422287,0.273449334,
425.0622543,0.273354756,
425.0820188,0.272314394,
425.1050588,0.271936081,
425.1248428,0.270990298,
425.1452335,0.270422828,
425.1674038,0.270422828,
425.1882149,0.270422828,
425.2084335,0.270422828,
425.228635,0.270422828,
425.2507384,0.270517406,
425.2772826,0.270517406,
425.3007932,0.271084876,
425.3240674,0.271841502,
425.3471779,0.272125237,
425.3708745,0.272219816,
425.3941256,0.272219816,
425.4174669,0.272314394,
425.4384742,0.272314394,
425.4615135,0.272314394,
425.4849819,0.272314394,
425.5082075,0.272314394,
425.5315062,0.272219816,
425.5535697,0.272125237,
425.5767988,0.272503551,
425.5996082,0.273260177,
425.6229317,0.273071021,
425.6461566,0.272787286,
425.6695799,0.272408972,
425.6927009,0.272408972,
425.716115,0.272030659,
425.741549,0.272030659,
425.7648545,0.271841502,
425.7879948,0.271652346,
425.8100327,0.271652346,
425.8305861,0.271557768,
425.8506491,0.271652346,
425.8707904,0.271841502,
425.8909267,0.272125237,
425.9109579,0.272125237,
425.9333176,0.272030659,
425.9534042,0.272030659,
425.97552,0.271841502,
425.9986137,0.271557768,
426.0188189,0.271557768,
426.0387991,0.271463189,
426.059019,0.271179454,
426.0792618,0.271179454,
426.1016883,0.271179454,
426.1216681,0.270990298,
426.1423282,0.270895719,
426.1625039,0.270044514,
426.1826052,0.269193309,
426.2025758,0.269193309,
426.222575,0.269098731,
426.2445851,0.268909575,
426.2646764,0.268720418,
426.2845984,0.26862584,
426.3040858,0.26862584,
426.323692,0.26805837,
426.3430888,0.267963791,
426.3633705,0.267774635,
426.3979742,0.267680056,
426.4178433,0.2674909,
426.4390046,0.267207165,
426.4593639,0.267207165,
426.4795433,0.267207165,
426.4990014,0.267207165,
426.518376,0.267301743,
426.5385098,0.267301743,
426.5581326,0.266734273,
426.5774567,0.266734273,
426.5970731,0.266261381,
426.6175876,0.266166803,
426.643151,0.266639695,
426.6634278,0.2674909,
426.6838201,0.267301743,
426.7135921,0.267301743,
426.748778,0.280731865,
426.7756755,0.289243914,
426.8012719,0.295580661,
426.8242955,0.297377649,
426.8454591,0.298323433,
426.8691792,0.298701746,
426.8930615,0.299552951,
426.9155664,0.299836686,
426.9440406,0.299836686,
426.9678662,0.299647529,
426.9902014,0.299836686,
427.0124465,0.300025842,
427.0327583,0.299647529,
427.062348,0.300309577,
427.0861804,0.300877047,
427.1113457,0.301160782,
427.1392176,0.315063795,
427.1720874,0.332466207,
427.2069407,0.3486391,
427.2460765,0.364433679,
427.2834156,0.402548743,
427.3198377,0.440190915,
427.3572829,0.453715615,
427.3944046,0.480670437,
427.4357937,0.493911402,
427.4736018,0.530324055,
427.511725,0.542240924,
427.5452649,0.559454178,
427.576865,0.567209601,
427.6117122,0.582058397,
427.6488234,0.624618642,
427.6857281,0.642399366,
427.7231386,0.671340333,
427.7646241,0.691296359,
427.8045944,0.710212023,
427.8436494,0.716075879,
427.8834891,0.747192147,
427.9207902,0.77348492,
427.9556449,0.788901187,
427.9897985,0.810370466,
428.0223688,0.843567456,
428.0569511,0.85349818,
428.0913962,0.873359628,
428.1292902,0.88054758,
428.1665734,0.89236987,
428.2019753,0.910056017,
428.2382599,0.912515053,
428.2770917,0.913177101,
428.3131868,0.914974089,
428.3517702,0.914974089,
428.3820957,0.912515053,
428.4112929,0.900503606,
428.4521796,0.885843966,
428.4912357,0.888586738,
428.5309173,0.895680112,
428.5690634,0.904948787,
428.6080209,0.912704209,
428.6487122,0.91440662,
428.6885043,0.915636138,
428.7296876,0.919513849,
428.7667848,0.922729511,
428.80492,0.920837945,
428.8406188,0.920837945,
428.8783764,0.915636138,
428.9149652,0.916392764,
428.9566342,0.916109029,
428.9963242,0.918568065,
429.0286619,0.921027101,
429.0669125,0.916392764,
429.1139725,0.919324692,
429.1540017,0.922634934,
429.1890681,0.92566144,
429.2271777,0.933889754,
429.2651392,0.930863248,
429.2918391,0.92055421,
429.3261021,0.919324692,
429.3638389,0.916865656,
429.4102927,0.920743367,
429.4487427,0.928120476,
429.4865636,0.935875898,
429.5242806,0.944482525,
429.562945,0.940321079,
429.6022956,0.942496381,
429.6396355,0.941739754,
429.6729346,0.934362645,
429.7119801,0.926796379,
429.747912,0.924621078,
429.7864358,0.92566144,
429.8250379,0.924431922,
429.8620025,0.925566861,
429.8999988,0.925188548,
429.9380404,0.922067463,
429.9784102,0.929539151,
430.0187913,0.926134332,
430.0572876,0.930295777,
430.09459,0.933606018,
430.1282202,0.929349994,
430.1692169,0.930863248,
430.2067914,0.928593368,
430.2488902,0.932187344,
430.2883512,0.933795175,
430.3269897,0.945806622,
430.366968,0.945806622,
430.4105087,0.947319875,
430.4503153,0.949778911,
430.4920196,0.952805418,
430.5287691,0.950630116,
430.5669162,0.949589755,
430.6077215,0.946752405,
430.6448429,0.949968068,
430.6822994,0.956683129,
430.7196658,0.960466262,
430.7547053,0.958480117,
430.7913967,0.955075297,
430.8253985,0.95044096,
430.8609609,0.945428309,
430.8963662,0.945144574,
430.9314664,0.942401802,
430.9682907,0.932660236,
431.0088568,0.933606018,
431.0447899,0.936065055,
431.0816788,0.931619874,
431.1247584,0.93464638,
431.1605682,0.932754813,
431.1965001,0.929822886,
431.2351349,0.930957826,
431.2715357,0.926985536,
431.3066462,0.927553006,
431.3431955,0.926607223,
431.3775655,0.919703005,
431.4085975,0.916014451,
431.4423092,0.909488547,
431.4746571,0.895490955,
431.5081782,0.892464449,
431.5427185,0.891896979,
431.5778015,0.891991557,
431.6138573,0.891424087,
431.6493096,0.886600592,
431.6862487,0.884992761,
431.7225909,0.877993965,
431.7587036,0.879507219,
431.7960763,0.878750592,
431.829738,0.874116254,
431.8627117,0.877048182,
431.8901622,0.86872529,
431.9249346,0.867968663,
431.9656098,0.876953604,
432.0091398,0.87714276,
432.0459655,0.879034327,
432.0815046,0.88338493,
432.1223231,0.879696375,
432.1531678,0.877521074,
432.1886256,0.875062038,
432.2228025,0.870806013,
432.2628252,0.86986023,
432.2986299,0.872508423,
432.3340873,0.863996374,
432.3677796,0.859172879,
432.4091144,0.85236324,
432.4418067,0.858889144,
432.4765957,0.860969867,
432.5147458,0.864563844,
432.5496692,0.870522278,
432.5776102,0.871184327,
432.6130795,0.864374687,
432.6456214,0.857659626,
432.6793154,0.851417457,
432.7137661,0.849052999,
432.7651608,0.849052999,
432.7982169,0.84735059,
432.8334379,0.852268662,
432.8633316,0.842054204,
432.9027156,0.844607818,
432.9410623,0.850282517,
432.9848978,0.850377096,
433.0201909,0.850282517,
433.053175,0.848674686,
433.0854384,0.842054204,
433.1209683,0.83940601,
433.1568952,0.837703601,
433.1969062,0.835244564,
433.2329231,0.844607818,
433.2752451,0.845269866,
433.3144985,0.846215649,
433.3544485,0.851512035,
433.3949447,0.851606614,
433.4312338,0.855578904,
433.4655724,0.86030782,
433.4971823,0.85463312,
433.527789,0.842148782,
433.553877,0.835906613,
433.5880367,0.829096973,
433.6208296,0.82928613,
433.6591911,0.834960829,
433.6899172,0.837703601,
433.7243346,0.833258419,
433.7602037,0.829191552,
433.795506,0.826259624,
433.8320756,0.829948179,
433.8722268,0.839689745,
433.9087239,0.83997348,
433.9438529,0.837136131,
433.9830016,0.834015046,
434.0213573,0.838460227,
434.0596746,0.840068058,
434.0976329,0.842905408,
434.1355908,0.844986131,
434.1706688,0.843756613,
434.206093,0.844702397,
434.2389184,0.844134926,
434.2747753,0.848107216,
434.3105411,0.850377096,
434.3469581,0.845269866,
434.3805667,0.842432517,
434.4094914,0.840257215,
434.4415288,0.831461431,
434.4738979,0.825502997,
434.5085231,0.827205407,
434.542877,0.826543359,
434.5753155,0.837419865,
434.6118345,0.833542154,
434.6436747,0.844607818,
434.6712998,0.843189143,
434.7051133,0.839500589,
434.7413693,0.840446372,
434.7789986,0.848201795,
434.8192296,0.854916855,
434.8553933,0.862104808,
434.8906803,0.862766856,
434.9274376,0.862956013,
434.9643658,0.859362036,
435.0057058,0.861442759,
435.0437338,0.861537338,
435.0786707,0.868346976,
435.1046412,0.867968663,
435.1395814,0.861726495,
435.1734892,0.865036735,
435.2088679,0.862104808,
435.2485709,0.866266253,
435.2844779,0.871278905,
435.3201542,0.877804809,
435.351679,0.875345772,
435.3894933,0.867684929,
435.4236524,0.86872529,
435.4593709,0.870806013,
435.4976905,0.871940953,
435.5343187,0.876196977,
435.5695646,0.879980111,
435.6055032,0.883195773,
435.6372738,0.888775894,
435.6760762,0.886695171,
435.7134587,0.900409028,
435.7635998,0.897193365,
435.8022031,0.895396376,
435.8354312,0.891234931,
435.8706389,0.883857822,
435.9053121,0.884803605,
435.9435075,0.884236135,
435.9843401,0.88168252,
436.0198258,0.88224999,
436.0603388,0.881966255,
436.1011495,0.880925893,
436.1249676,0.872413845,
436.1459923,0.861253603,
436.1666756,0.847256011,
436.1876478,0.831083118,
436.2088307,0.831083118,
436.2293156,0.81689637,
436.2526437,0.802425887,
436.2741024,0.786631307,
436.2946554,0.769134317,
436.3152363,0.756555401,
436.3351835,0.751259015,
436.3548494,0.7351807,
436.3759132,0.726479494,
436.3974138,0.713711421,
436.4178862,0.697822263,
436.4392764,0.69233672,
436.4599862,0.675407201,
436.4800112,0.668219248,
436.5005041,0.660936717,
436.5200747,0.648546957,
436.5403884,0.640980692,
436.5610568,0.610148159,
436.5810403,0.602487315,
436.6005702,0.596718037,
436.6201361,0.577518638,
436.6397341,0.570330685,
436.6591978,0.545078273,
436.6791179,0.53571502,
436.6987018,0.532026465,
436.7209808,0.520582488,
436.7606277,0.528243332,
436.7854549,0.526635501,
436.8147911,0.526635501,
436.8497707,0.511692126,
436.8812913,0.514529476,
436.9147616,0.520582488,
436.9514433,0.524176464,
436.9864942,0.525216826,
437.0217372,0.526919236,
437.0536043,0.528810802,
437.0758567,0.525027669,
437.1003162,0.513867427,
437.1362846,0.50696321,
437.1678381,0.524554778,
437.1913414,0.525973453,
437.2131991,0.525973453,
437.2328958,0.525595139,
437.2573332,0.525216826,
437.2916219,0.535904176,
437.3210562,0.555765624,
437.3450145,0.561345745,
437.366342,0.563142733,
437.4033003,0.564088516,
437.4366605,0.576572855,
437.4673789,0.610242737,
437.4895762,0.61402587,
437.5106108,0.61402587,
437.5323067,0.619416834,
437.5655694,0.622348762,
437.5988011,0.640034908,
437.6222694,0.646939126,
437.6431211,0.653370452,
437.6636162,0.659707199,
437.6889579,0.664814429,
437.7228216,0.683540936,
437.7512762,0.697254793,
437.7729859,0.689215636,
437.7954252,0.685527081,
437.8154564,0.675974671,
437.8435385,0.666895152,
437.8777372,0.667178887,
437.9033081,0.668786718,
437.9249974,0.651573464,
437.9471297,0.644290933,
437.9684295,0.624807799,
438.0091328,0.607121652,
438.0394375,0.611945147,
438.0622255,0.60163611,
438.083992,0.598136712,
438.106981,0.598136712,
438.1326145,0.58867888,
438.1666538,0.582815024,
438.1990762,0.590570446,
438.2227337,0.58867888,
438.2459024,0.579788518,
438.2693205,0.574965023,
438.3057025,0.569195745,
438.3353294,0.576667433,
438.3584328,0.58924635,
438.380195,0.585746952,
438.402105,0.578558999,
438.4311019,0.567871649,
438.4638705,0.571560204,
438.4904756,0.588868036,
438.5135198,0.587449362,
438.5345742,0.585084904,
438.556157,0.566358396,
438.5907523,0.566358396,
438.6221915,0.579031891,
438.6429972,0.579410204,
438.6640218,0.574775866,
438.6848085,0.566263818,
438.7056337,0.566263818,
438.7377668,0.555576467,
438.7699417,0.573357192,
438.799011,0.587071048,
438.8329375,0.587260205,
438.8611328,0.585652373,
438.8951693,0.583098759,
438.9255148,0.598515025,
438.9621375,0.61516081,
438.991294,0.626793943,
439.0259817,0.633603583,
439.0590218,0.644385511,
439.0954698,0.677771659,
439.1238698,0.672853586,
439.1620847,0.679663225,
439.1931699,0.689215636,
439.2227766,0.695363227,
439.2605358,0.712103589,
439.2867389,0.715035517,
439.310519,0.715035517,
439.3338098,0.71040118,
439.3582433,0.700470456,
439.390166,0.7081313,
439.4260384,0.705672264,
439.456404,0.709077083,
439.494522,0.7081313,
439.5283134,0.729127687,
439.5676427,0.737166845,
439.603733,0.746624677,
439.6399555,0.748894557,
439.6716116,0.786158415,
439.7083231,0.783131909,
439.7398471,0.791265645,
439.7731885,0.777268053,
439.8047919,0.790319861,
439.8326007,0.796751187,
439.8649309,0.787860825,
439.8964768,0.796278296,
439.9303269,0.788239138,
439.9661333,0.800628898,
440.0012788,0.794481308,
440.0361011,0.801858417,
440.0713027,0.803655405,
440.1135426,0.801952995,
440.1504037,0.811410827,
440.1902391,0.812072875,
440.2280971,0.820395768,
440.2635956,0.826354202,
440.3022212,0.82701625,
440.3386739,0.846121071,
440.3745211,0.862010229,
440.4140903,0.87383252,
440.4539566,0.890478304,
440.4925646,0.925188548,
440.5317909,0.931619874,
440.5664439,0.936443368,
440.6062641,0.928120476,
440.6400798,0.925472283,
440.6728632,0.914974089,
440.7075912,0.907975293,
440.7442463,0.905232523,
440.7802325,0.914028306,
440.8159751,0.926890958,
440.8518625,0.935119272,
440.888997,0.946657827,
440.9232248,0.949022285,
440.9564547,0.953845779,
440.9885515,0.959804213,
441.0360934,0.945428309,
441.0694318,0.942969273,
441.111476,0.940131923,
441.1463891,0.942307224,
441.1816882,0.942023489,
441.2201693,0.942118068,
441.2600562,0.944955417,
441.293641,0.940983128,
441.3297733,0.93578132,
441.3634992,0.935403006,
441.40984,0.929160838,
441.4429186,0.926039753,
441.475576,0.916392764,
441.5077286,0.915636138,
441.5417186,0.914217463,
441.5761452,0.910245173,
441.6105971,0.911947583,
441.640391,0.90816445,
441.677064,0.902395172,
441.7081505,0.908826498,
441.7472042,0.89293734,
441.7763148,0.894166858,
441.8036171,0.890856618,
441.8371092,0.889154208,
441.8714052,0.893788545,
441.9077931,0.89577469,
441.9430581,0.901733125,
441.9700704,0.901354811,
442.0093137,0.891140352,
442.0380049,0.899368666,
442.0630696,0.877804809,
442.0896896,0.866266253,
442.1268025,0.867684929,
442.1613645,0.863334326,
442.196223,0.851133722,
442.2272631,0.845175288,
442.2756528,0.849620469,
442.3122594,0.853781915,
442.3524216,0.857470469,
442.3878737,0.859929506,
442.4257446,0.866266253,
442.4629762,0.867495771,
442.4977667,0.872603002,
442.5365679,0.875913242,
442.5736912,0.88111505,
442.6081489,0.884898183,
442.6462664,0.888208425,
442.6787678,0.901071076,
442.7148642,0.900314449,
442.7608864,0.893031919,
442.798049,0.884992761,
442.8322725,0.895680112,
442.8671765,0.887735533,
442.9032033,0.886033123,
442.9412866,0.886222279,
442.9734728,0.8918024,
443.0109784,0.902773485,
443.0461773,0.913555414,
443.0828882,0.92055421,
443.1207655,0.930390356,
443.152432,0.931619874,
443.1881153,0.947981923,
443.2247463,0.95271084,
443.2601796,0.951386743,
443.2946112,0.953278309,
443.3264352,0.951954213,
443.3629029,0.95271084,
443.4096026,0.947792767,
443.4438147,0.947036141,
443.4811634,0.945428309,
443.5173271,0.944482525,
443.5534764,0.941834333,
443.5862785,0.942212646,
443.6221834,0.93634879,
443.6518392,0.9323765,
443.6854125,0.922067463,
443.7129491,0.921783729,
443.750318,0.910907222,
443.7790521,0.91383915,
443.8120015,0.911853004,
443.8436377,0.915257825,
443.871828,0.919986741,
443.9038679,0.908921077,
443.9347673,0.909583125,
443.9645899,0.890289147,
443.9986629,0.888303003,
444.0339298,0.885181918,
444.0689461,0.881304207,
444.1122487,0.878561436,
444.1506624,0.871278905,
444.1844563,0.872035531,
444.2134563,0.881020472,
444.2493655,0.874210833,
444.2754748,0.873170471,
444.306067,0.861159024,
444.3388264,0.857470469,
444.372589,0.846026493,
444.4074489,0.84110842,
444.4428967,0.841297577,
444.4754286,0.839027697,
444.5104899,0.842527095,
444.5444013,0.839689745,
444.5818046,0.838933119,
444.618314,0.839500589,
444.6528362,0.845553601,
444.686998,0.853687337,
444.7226359,0.8704277,
444.7643625,0.873737941,
444.8005393,0.87657529,
444.8362232,0.879507219,
444.8742129,0.888397581,
444.908538,0.892559027,
444.9457302,0.893126497,
444.9846684,0.904759631,
445.0212323,0.912420474,
445.054671,0.915352402,
445.090441,0.914690354,
445.1262848,0.911758427,
445.1636118,0.916676499,
445.1979521,0.921310837,
445.2344649,0.932281922,
445.2688905,0.937294573,
445.3077076,0.944955417,
445.3469263,0.942212646,
445.3856063,0.947130718,
445.4193915,0.953278309,
445.4534456,0.954034936,
445.4872932,0.95715602,
445.5217105,0.960655418,
445.5555519,0.959520479,
445.5960747,0.960466262,
445.6328058,0.96226325,
445.6672738,0.968410841,
445.704386,0.96566807,
445.7397905,0.9651006,
445.7759197,0.967275901,
445.8132926,0.966330118,
445.8526448,0.966803009,
445.8910387,0.966046383,
445.9297556,0.968127106,
445.9647473,0.968978311,
446.0014016,0.962925298,
446.0357266,0.969734937,
446.0656191,0.954318671,
446.1007734,0.948549393,
446.1324674,0.951859635,
446.1679003,0.935686742,
446.2011674,0.933795175,
446.2386757,0.927742163,
446.2770507,0.923864452,
446.3115302,0.92339156,
446.349207,0.921783729,
446.3776235,0.927174693,
446.4109341,0.924810235,
446.4419384,0.923107825,
446.4716717,0.917906017,
446.5053104,0.906556619,
446.5362538,0.90759698,
446.5723134,0.895301798,
446.6030292,0.891613244,
446.6381195,0.886884328,
446.6730328,0.880074688,
446.7075452,0.877426496,
446.7477952,0.870049386,
446.7819836,0.871373483,
446.8177486,0.872508423,
446.8535838,0.875913242,
446.890177,0.878750592,
446.9244728,0.876953604,
446.9595668,0.86929276,
446.994474,0.868346976,
447.0301566,0.867874085,
447.0626912,0.87383252,
447.0982146,0.887073484,
447.1341284,0.885560231,
447.1727387,0.891234931,
447.2063371,0.890289147,
447.2402567,0.891707822,
447.2742281,0.894923485,
447.3109657,0.890667461,
447.342392,0.890383726,
447.3759433,0.886411436,
447.4128529,0.880453002,
447.4475109,0.880358424,
447.4814527,0.884425291,
447.5182726,0.893315654,
447.553439,0.895869268,
447.5881918,0.896058425,
447.6219552,0.901354811,
447.654021,0.898801196,
447.6894005,0.896436738,
447.7197353,0.886789749,
447.7630284,0.884330713,
447.7957936,0.884992761,
447.8297377,0.890194569,
447.8626269,0.885560231,
447.8975752,0.885181918,
447.9337129,0.886222279,
447.9847193,0.89293734,
448.0216343,0.895585534,
448.0552094,0.89804457,
448.0943454,0.898233727,
448.1288572,0.897004208,
448.1587551,0.887546376,
448.1959207,0.888303003,
448.2275532,0.879507219,
448.2598036,0.881398785,
448.2924019,0.886411436,
448.3230711,0.875629508,
448.3557527,0.872981315,
448.3880362,0.876102399,
448.4253847,0.877899387,
448.4572198,0.875062038,
448.4921482,0.872319266,
448.5284542,0.872886736,
448.5654934,0.883290351,
448.6034044,0.889154208,
448.6326968,0.887073484,
448.6691524,0.884992761,
448.7050468,0.890194569,
448.73526,0.880642158,
448.7672601,0.872886736,
448.8003467,0.871940953,
448.834086,0.880453002,
448.8661463,0.876764447,
448.9000769,0.87941264,
448.9340024,0.870616856,
448.9951752,0.876386134,
449.0360743,0.881493363,
449.0738355,0.885749387,
449.1137988,0.888303003,
449.1498444,0.890762039,
449.1878421,0.89407228,
449.2265618,0.903435534,
449.2646038,0.911947583,
449.3030328,0.922729511,
449.3454223,0.925472283,
449.3807794,0.928498789,
449.4144103,0.929728307,
449.4468949,0.936065055,
449.4810633,0.928309633,
449.517103,0.928404211,
449.5524614,0.93294397,
449.5908432,0.930295777,
449.6279276,0.931809031,
449.6653214,0.940226501,
449.7046118,0.939942766,
449.7422735,0.952994575,
449.7769275,0.958385539,
449.813976,0.95885843,
449.8469819,0.966897588,
449.882453,0.963587347,
449.9166505,0.959615057,
449.9543484,0.962452407,
449.9884681,0.96737048,
450.024323,0.973801805,
450.0608826,0.975598793,
450.0956207,0.978436143,
450.1328042,0.969072889,
450.165695,0.962925298,
450.2030778,0.952427104,
450.2349823,0.953940358,
450.2768999,0.934551802,
450.3143585,0.9323765,
450.3447688,0.916109029,
450.3793465,0.897287943,
450.4199424,0.888019267,
450.454253,0.894261437,
450.4853991,0.897477099,
450.5189063,0.889816256,
450.5524731,0.887546376,
450.590923,0.897760835,
450.6251006,0.889437943,
450.6614724,0.889154208,
450.6993491,0.89009999,
450.7314018,0.896058425,
450.7667544,0.877426496,
450.801605,0.867212037,
450.8303694,0.869576495,
450.8660236,0.853687337,
450.9030825,0.851417457,
450.9343187,0.853592758,
450.9843047,0.852836132,
451.020757,0.855484325,
451.0504766,0.852079506,
451.0828898,0.838460227,
451.1196362,0.831650588,
451.1568939,0.829191552,
451.1931792,0.835244564,
451.2299643,0.837325288,
451.2687376,0.851039144,
451.3040058,0.857281313,
451.3416051,0.859645771,
451.3790575,0.867306615,
451.4153793,0.871846374,
451.4535426,0.900219871,
451.4895594,0.907124088,
451.5249278,0.922067463,
451.5590912,0.92282409,
451.5911334,0.921216259,
451.6231675,0.915257825,
451.6591728,0.911190956,
451.6876671,0.90759698,
451.7211758,0.906651197,
451.7618985,0.916487343,
451.7957383,0.917054812,
451.8325056,0.918095174,
451.8688493,0.927458428,
451.9052945,0.938524091,
451.9445141,0.93634879,
451.9840694,0.947225297,
452.0212363,0.946752405,
452.0529377,0.949400598,
452.0872547,0.947887346,
452.1250119,0.940604814,
452.1605043,0.941172284,
452.1965137,0.940604814,
452.232275,0.944293369,
452.2752328,0.948643972,
452.3120448,0.946657827,
452.3462869,0.945806622,
452.3838983,0.941266863,
452.4202817,0.946279513,
452.4576135,0.947036141,
452.4946029,0.949589755,
452.533873,0.949968068,
452.5723481,0.95214337,
452.6078027,0.954696984,
452.6474281,0.96283072,
452.6869711,0.968221684,
452.7245422,0.972856022,
452.7661298,0.971626504,
452.8019918,0.977395782,
452.8381676,0.978436143,
452.8728925,0.978341565,
452.9090841,0.974747589,
452.9438865,0.969924094,
452.9866193,0.973234335,
453.0231363,0.978341565,
453.0597695,0.979003613,
453.0972121,0.983543373,
453.1320621,0.983921686,
453.1680468,0.984299999,
453.2028293,0.983354216,
453.2339094,0.9786253,
453.2750262,0.970964456,
453.3107816,0.972004817,
453.3449024,0.974558431,
453.3822308,0.976733733,
453.4185729,0.97522048,
453.4555595,0.976449998,
453.4917929,0.979287348,
453.5282841,0.975693372,
453.5653868,0.975031323,
453.6038444,0.974274697,
453.6439632,0.971910239,
453.682805,0.973234335,
453.7215302,0.972856022,
453.7625849,0.976260841,
453.799904,0.968883732,
453.835114,0.971248191,
453.8657092,0.974936745,
453.8982305,0.971721082,
453.9294487,0.975693372,
453.9668016,0.981651806,
454.0028503,0.979098191,
454.039936,0.980422288,
454.0762728,0.982597589,
454.1119841,0.98316506,
454.1487454,0.968032527,
454.1837529,0.96283072,
454.2215638,0.963019877,
454.2562482,0.964627708,
454.2915227,0.962168672,
454.3253244,0.963019877,
454.3614272,0.973045179,
454.411302,0.974369275,
454.4494037,0.974747589,
454.485903,0.972572287,
454.5230186,0.975504215,
454.5567416,0.965384334,
454.5929308,0.96112831,
454.6274242,0.953562045,
454.6588642,0.951386743,
454.6836686,0.949589755,
454.7175848,0.944482525,
454.7598165,0.942307224,
454.7912593,0.935308429,
454.8247046,0.930484934,
454.8490972,0.927647584,
454.8798771,0.916487343,
454.9125607,0.91440662,
454.9444834,0.911853004,
454.9834079,0.903340956,
455.0194462,0.909393968,
455.049767,0.911663848,
455.0861259,0.898517461,
455.1166159,0.889816256,
455.1428086,0.891991557,
455.1778486,0.878939749,
455.2080313,0.880453002,
455.2334386,0.8839524,
455.2740979,0.875629508,
455.2989185,0.879223483,
455.3330798,0.872413845,
455.3660861,0.875913242,
455.4103434,0.869671073,
455.4453108,0.870522278,
455.4809889,0.860118662,
455.5194387,0.861631916,
455.548795,0.862199386,
455.5740944,0.85803794,
455.5997768,0.842148782,
455.6248525,0.825692154,
455.6486407,0.806587333,
455.6743629,0.79098191,
455.6979175,0.776984318,
455.7208199,0.767242751,
455.7470687,0.75154275,
455.7694837,0.737072266,
455.7945422,0.73291082,
455.8180111,0.718724072,
455.8436879,0.705010215,
455.8683495,0.692715034,
455.8918569,0.680609008,
455.9165395,0.661977079,
455.9402495,0.653275873,
455.9635963,0.638048764,
455.9886553,0.61743069,
456.0225295,0.613174665,
456.0590228,0.620268039,
456.0952299,0.626793943,
456.1317203,0.627928883,
456.1699521,0.648074066,
456.2047359,0.659328886,
456.2421536,0.667935513,
456.2753247,0.683824671,
456.312478,0.673799369,
456.3514857,0.687513226,
456.3888527,0.686472864,
456.4275364,0.704821059,
456.4659694,0.706239733,
456.5059086,0.711725276,
456.5412614,0.705388529,
456.5755736,0.706807203,
456.6108949,0.715981301,
456.6463068,0.723736723,
456.6796418,0.738301785,
456.7169719,0.762986726,
456.764877,0.799115645,
456.8015225,0.827678298,
456.8403333,0.858699988,
456.8768419,0.889627099,
456.9126383,0.902868064,
456.9516703,0.920932524,
456.9892541,0.927458428,
457.0358989,0.946941562,
457.071975,0.96623554,
457.1117327,0.97578795,
457.1484532,0.979571083,
457.186647,0.972288553,
457.2238197,0.971721082,
457.2757625,0.973990962,
457.3127709,0.9729506,
457.3497625,0.975315059,
457.3867312,0.972193974,
457.4244305,0.972572287,
457.4601544,0.971626504,
457.4968713,0.972099395,
457.5357573,0.973990962,
457.5730993,0.979760239,
457.6104162,0.980327709,
457.6495328,0.982030119,
457.6810369,0.981368071,
457.720767,0.975977107,
457.7618886,0.969167468,
457.7985412,0.9651006,
457.835228,0.958669274,
457.8752586,0.960182527,
457.9134042,0.962546985,
457.9523598,0.968032527,
457.9875072,0.972099395,
458.036745,0.979949396,
458.0706124,0.976733733,
458.1077018,0.977206625,
458.1333471,0.973801805,
458.1575208,0.945049995,
458.1811395,0.945049995,
458.2155281,0.92509397,
458.2530883,0.919040957,
458.292688,0.920365054,
458.3302101,0.922162042,
458.3671104,0.927080114,
458.4100171,0.92566144,
458.4490184,0.923864452,
458.4857038,0.927080114,
458.5243569,0.929539151,
458.5637651,0.932187344,
458.6004065,0.933606018,
458.6394468,0.935592163,
458.6744319,0.93861867,
458.7126927,0.941834333,
458.743953,0.93634879,
458.7753334,0.928593368,
458.8095461,0.917527704,
458.8443458,0.923864452,
458.8794496,0.931525295,
458.9149271,0.930957826,
458.9527804,0.933511441,
458.9909663,0.931052404,
459.0304177,0.923013247,
459.0646081,0.904286739,
459.0989255,0.89861204,
459.1280674,0.89690963,
459.1630792,0.901922281,
459.1970154,0.900598184,
459.2312573,0.898517461,
459.274545,0.912893366,
459.309208,0.927647584,
459.3446272,0.931052404,
459.3798505,0.920081319,
459.4130995,0.921783729,
459.4468211,0.920175897,
459.4827893,0.914217463,
459.5137807,0.909015655,
459.5484125,0.897760835,
459.581731,0.89634216,
459.6162897,0.893410232,
459.6496613,0.889154208,
459.6866487,0.884330713,
459.7182327,0.88054758,
459.7617852,0.885465653,
459.7943313,0.900598184,
459.8300732,0.899368666,
459.8631874,0.898233727,
459.8997109,0.88508734,
459.9347532,0.884614448,
459.9846586,0.873643363,
460.0237886,0.869954809,
460.0590818,0.890289147,
460.0955571,0.886506015,
460.1277569,0.894261437,
460.1558577,0.889248785,
460.1911667,0.889248785,
460.2234421,0.889532521,
460.2539124,0.883574086,
460.288372,0.872792158,
460.3188619,0.872508423,
460.3546231,0.870616856,
460.3890269,0.871940953,
460.4261876,0.869009025,
460.4498833,0.864090952,
460.4792206,0.852079506,
460.5024365,0.840257215,
460.5286982,0.82871866,
460.5501362,0.816707213,
460.5779166,0.807249381,
460.6011815,0.793630103,
460.6275149,0.773863233,
460.6494014,0.760338533,
460.676705,0.742557809,
460.6997142,0.730357206,
460.7258263,0.724304193,
460.7571855,0.705010215,
460.7860279,0.695457805,
460.8074427,0.685716238,
460.8342198,0.67096202,
460.8564248,0.649681897,
460.8830599,0.649681897,
460.9060077,0.63994033,
460.9267576,0.624807799,
460.9555036,0.610715629,
460.9764653,0.609486111,
461.0017952,0.59879876,
461.0304739,0.587165627,
461.0532274,0.572695143,
461.0742259,0.553022853,
461.1033136,0.538363213,
461.1251867,0.514056584,
461.14522,0.502801764,
461.1683764,0.500342727,
461.1946293,0.496937908,
461.2157238,0.487385497,
461.2363573,0.483129473,
461.271407,0.479440918,
461.2932771,0.465916218,
461.320126,0.450499952,
461.3438855,0.445014409,
461.3695043,0.427895733,
461.4006569,0.418343323,
461.4249959,0.4162626,
461.4479962,0.394131272,
461.4715516,0.391483079,
461.495565,0.379660789,
461.5169341,0.36046139,
461.5416321,0.358096932,
461.5662297,0.354975847,
461.5914503,0.351665606,
461.614964,0.350814401,
461.638434,0.347787895,
461.6613778,0.344761388,
461.684854,0.34409934,
461.7087821,0.34126199,
461.7319725,0.339370424,
461.7587552,0.336438496,
461.7811591,0.334641508,
461.8034921,0.333601146,
461.8253477,0.331993315,
461.8471846,0.328399339,
461.869113,0.326034881,
461.8915225,0.322913796,
461.9137918,0.321873435,
461.9357242,0.320738495,
461.9678478,0.313361386,
461.9922645,0.311280663,
462.0162439,0.310051144,
462.038198,0.309861988,
462.0600198,0.304187288,
462.0826845,0.303714397,
462.1065544,0.303146927,
462.1327145,0.300971626,
462.1584007,0.300120421,
462.1796818,0.299836686,
462.2037283,0.297566806,
462.2253688,0.295580661,
462.2474694,0.293689095,
462.2696656,0.292175842,
462.2909582,0.289243914,
462.3126756,0.289243914,
462.3343198,0.287919817,
462.3556411,0.282812588,
462.3766947,0.282812588,
462.399909,0.278651142,
462.4218539,0.274016804,
462.4430288,0.273071021,
462.4642965,0.272030659,
462.4855813,0.271841502,
462.5073085,0.271841502,
462.5288629,0.271746924,
462.550174,0.271084876,
462.5714591,0.269949936,
462.5927826,0.269477044,
462.6143118,0.269382466,
462.6356807,0.269571623,
462.656127,0.270139093,
462.6768953,0.270139093,
462.6967836,0.270328249,
462.7173398,0.270801141,
462.7378524,0.270801141,
462.7605877,0.270801141,
462.7816295,0.270706563,
462.8022683,0.270801141,
462.8227425,0.270990298,
462.8504723,0.271368611,
462.8742758,0.272030659,
462.8980183,0.272976442,
462.9215877,0.273071021,
462.94542,0.273071021,
462.9691137,0.273165599,
462.9948579,0.273071021,
463.0184061,0.273071021,
463.0401205,0.273071021,
463.0645679,0.272881864,
463.088284,0.272787286,
463.1140341,0.272787286,
463.1372723,0.271936081,
463.1583979,0.272314394,
463.1814669,0.272692707,
463.2064315,0.273071021,
463.2298933,0.273543912,
463.2557525,0.273354756,
463.279229,0.272976442,
463.3028628,0.272692707,
463.3264184,0.272598129,
463.3489816,0.272598129,
463.3698441,0.272598129,
463.3977353,0.272503551,
463.4180729,0.272503551,
463.4384942,0.272408972,
463.4590962,0.272408972,
463.4792855,0.272503551,
463.499539,0.272503551,
463.5201467,0.272598129,
463.5403707,0.272598129,
463.5605525,0.272598129,
463.5807209,0.272598129,
463.6008939,0.272598129,
463.6209742,0.272598129,
463.6411191,0.272314394,
463.6612699,0.271936081,
463.68156,0.271463189,
463.7016725,0.271463189,
463.7219086,0.271368611,
463.7421327,0.270895719,
463.7623983,0.270044514,
463.782571,0.269382466,
463.8023422,0.269382466,
463.8218499,0.268909575,
463.8414564,0.268814996,
463.8615377,0.268342105,
463.8821844,0.268342105,
463.9018546,0.268342105,
463.9220921,0.268342105,
463.9419487,0.26805837,
463.9713288,0.267774635,
463.9946265,0.267396321,
464.0310297,0.267585478,
464.0529199,0.268342105,
464.0738674,0.268814996,
464.1070625,0.268909575,
464.1394471,0.276002949,
464.1663681,0.292081263,
464.1920469,0.296715601,
464.2143983,0.297093914,
464.2383512,0.297755963,
464.2711496,0.298701746,
464.2949974,0.299174637,
464.3186248,0.299931264,
464.3427037,0.300404156,
464.3636535,0.300214999,
464.3988641,0.300404156,
464.42006,0.300025842,
464.4407596,0.300593312,
464.4604885,0.301066204,
464.4872469,0.30466018,
464.5170876,0.311658976,
464.55039,0.328588495,
464.585669,0.342869822,
464.6220555,0.379566211,
464.656896,0.392996332,
464.6926988,0.417302961,
464.7304459,0.433381276,
464.7665629,0.46922646,
464.8055245,0.488709594,
464.8451222,0.507341523,
464.8797584,0.53344514,
464.9163292,0.554346949,
464.9538484,0.580450566,
464.9929129,0.599460808,
465.0359801,0.62471322,
465.0738996,0.658761416,
465.1166717,0.683162623,
465.154163,0.700092143,
465.1906315,0.725912024,
465.2295233,0.74473311,
465.2600639,0.752204798,
465.2888575,0.75040781,
465.3186602,0.747854195,
465.3487906,0.762135522,
465.3817608,0.781429499,
465.4202982,0.805925284,
465.4546642,0.823327696,
465.4905674,0.83940601,
465.5285615,0.863239747,
465.5649115,0.878183122,
465.6041514,0.891234931,
465.6418138,0.89009999,
465.6778973,0.89917951,
465.716693,0.893977702,
465.7493587,0.886411436,
465.7780484,0.886506015,
465.8155534,0.882533725,
465.8505235,0.878183122,
465.8906481,0.879885532,
465.9272269,0.885749387,
465.9704763,0.888870472,
466.0089836,0.888208425,
466.0507963,0.890478304,
466.0924552,0.896247581,
466.1306695,0.897098786,
466.1712853,0.894828907,
466.2090028,0.896625894,
466.2493824,0.899368666,
466.2853237,0.89520722,
466.3262742,0.899084931,
466.3642942,0.91440662,
466.4101772,0.933322284,
466.4497967,0.944009634,
466.4857411,0.948265659,
466.5262338,0.94873855,
466.5614297,0.947225297,
466.5984536,0.946563249,
466.6351922,0.947319875,
466.6636791,0.932092766,
466.699154,0.932565657,
466.736297,0.929822886,
466.7723769,0.936254211,
466.8082842,0.943820477,
466.8446623,0.94817108,
466.8823668,0.94873855,
466.9194681,0.952048791,
466.9555211,0.949968068,
466.9954753,0.948265659,
467.0374161,0.945806622,
467.0695577,0.944577104,
467.1059353,0.937672886,
467.1423068,0.935403006,
467.177928,0.934930115,
467.2190609,0.931052404,
467.2589327,0.933038549,
467.2984003,0.935119272,
467.3332771,0.927553006,
467.3670893,0.918662644,
467.4090884,0.917716861,
467.4472684,0.920459632,
467.484425,0.916960234,
467.5219399,0.914122884,
467.5623141,0.913271679,
467.6023009,0.915919872,
467.642523,0.917054812,
467.6839588,0.924715657,
467.7232348,0.933133127,
467.7653947,0.937199995,
467.8020807,0.93748373,
467.8394832,0.939848188,
467.8779885,0.936159634,
467.9168144,0.932849392,
467.9577989,0.939469875,
467.9963563,0.94088855,
468.0413687,0.939942766,
468.0796606,0.941456019,
468.1161675,0.941172284,
468.1506783,0.93918614,
468.1839941,0.935497585,
468.2180599,0.933795175,
468.2548918,0.932187344,
468.2928025,0.931430717,
468.32886,0.936443368,
468.364969,0.941456019,
468.4109409,0.937010839,
468.4468487,0.935497585,
468.4837435,0.938807826,
468.520969,0.940983128,
468.558721,0.950346382,
468.59771,0.953372888,
468.6339449,0.950819273,
468.6700392,0.946090357,
468.7074751,0.940321079,
468.7438526,0.938051199,
468.7832504,0.93521385,
468.8197089,0.935970477,
468.8573104,0.928782524,
468.8917227,0.929539151,
468.9255968,0.92566144,
468.9648587,0.925283127,
469.005735,0.92566144,
469.0393427,0.924715657,
469.0735688,0.917716861,
469.1119319,0.911663848,
469.1470853,0.906651197,
469.1817842,0.902868064,
469.2180042,0.903246377,
469.2586574,0.903530113,
469.2938125,0.900976497,
469.3263706,0.898422883,
469.3656884,0.900976497,
469.4113719,0.899746979,
469.4479193,0.896720473,
469.4824157,0.897004208,
469.5128253,0.896436738,
469.5374821,0.889059629,
469.5724435,0.875534929,
469.6089748,0.871184327,
469.6461381,0.871468061,
469.6838035,0.868441555,
469.720755,0.869671073,
469.7629844,0.866928302,
469.7913842,0.865225892,
469.8245818,0.864374687,
469.8586839,0.867306615,
469.894381,0.865131314,
469.9270198,0.866833724,
469.9628695,0.862010229,
469.9921354,0.858983723,
470.0335546,0.85576806,
470.0666811,0.844891553,
470.09853,0.84508071,
470.1356882,0.837136131,
470.1698827,0.8433783,
470.2021031,0.843189143,
470.234358,0.841770468,
470.2757703,0.838554806,
470.3145629,0.83997348,
470.3514192,0.842905408,
470.392233,0.838743962,
470.4298198,0.849052999,
470.4660462,0.848390951,
470.5009415,0.843094564,
470.5383396,0.840068058,
470.5739732,0.847634324,
470.6089022,0.852457819,
470.6395184,0.850755409,
470.6757881,0.850755409,
470.7123594,0.85179577,
470.7484289,0.851890349,
470.7848972,0.85576806,
470.8236896,0.854160229,
470.856999,0.859362036,
470.8922803,0.862293964,
470.9233764,0.854443963,
470.9556431,0.85406565,
470.9879536,0.85633553,
471.0350558,0.845837336,
471.0689379,0.847728903,
471.1023864,0.849336734,
471.1325978,0.850282517,
471.1613787,0.843283722,
471.1942688,0.840257215,
471.2332426,0.840919263,
471.273919,0.844040348,
471.3126207,0.846877698,
471.3488968,0.852457819,
471.3851462,0.850755409,
471.4212973,0.851039144,
471.4541098,0.848390951,
471.4887456,0.852457819,
471.524415,0.847539746,
471.5633121,0.850660831,
471.5941118,0.855106012,
471.6328025,0.859551193,
471.6693825,0.859551193,
471.7056327,0.85803794,
471.7414101,0.856240951,
471.7772464,0.861821072,
471.8128305,0.861631916,
471.8427024,0.861348181,
471.8755355,0.852268662,
471.9076637,0.84735059,
471.9377343,0.847634324,
471.9756916,0.840824686,
472.0093315,0.848863842,
472.0430866,0.848580108,
472.0759154,0.839595167,
472.1118353,0.83940601,
472.1479185,0.844796974,
472.1855679,0.857659626,
472.2236736,0.864658422,
472.2610001,0.872697579,
472.297612,0.876953604,
472.3298165,0.876480713,
472.3669675,0.870143965,
472.4081886,0.86759035,
472.4366783,0.861348181,
472.4689874,0.846688541,
472.5011647,0.850471674,
472.5334222,0.846215649,
472.5679438,0.841581312,
472.6022857,0.84224336,
472.6364232,0.845269866,
472.6737746,0.841581312,
472.7125866,0.844418661,
472.7491632,0.849809626,
472.7822914,0.847728903,
472.8164078,0.837419865,
472.8530025,0.840824686,
472.8797148,0.840446372,
472.9155968,0.839500589,
472.953065,0.841959625,
472.9959206,0.846499385,
473.0370408,0.84224336,
473.0669274,0.848863842,
473.1052521,0.851133722,
473.143707,0.858983723,
473.1811634,0.868819868,
473.2224507,0.864280109,
473.2607571,0.858699988,
473.2993773,0.855011433,
473.3363319,0.856051795,
473.3629834,0.856240951,
473.4090107,0.84735059,
473.442028,0.848012637,
473.4773533,0.855389747,
473.5133339,0.858416253,
473.5470901,0.856997578,
473.5698009,0.85463312,
473.5906613,0.844134926,
473.6120701,0.844134926,
473.6342358,0.827867455,
473.6548434,0.806114441,
473.6764925,0.801385525,
473.7005286,0.78473974,
473.7214099,0.769701787,
473.7417085,0.754285521,
473.7640406,0.741044556,
473.78466,0.726574073,
473.8057907,0.726574073,
473.8269609,0.711630698,
473.8474007,0.697160215,
473.8683342,0.681933105,
473.88858,0.673042743,
473.909169,0.673042743,
473.9298331,0.663490332,
473.9497351,0.652046355,
473.9786423,0.63823792,
473.9997817,0.627455992,
474.0271726,0.612512617,
474.0469935,0.597758399,
474.0667508,0.578748156,
474.0870453,0.560778275,
474.1089719,0.560778275,
474.1287665,0.541105984,
474.1545163,0.519447548,
474.1875729,0.515664416,
474.2135353,0.527581284,
474.2387199,0.522663211,
474.2767103,0.492587305,
474.3141206,0.489844534,
474.3496754,0.496086703,
474.386567,0.492019835,
474.4247697,0.495613811,
474.4591991,0.508760198,
474.4851184,0.511219234,
474.5078377,0.511219234,
474.5322588,0.497221643,
474.5667836,0.496843329,
474.5954316,0.501477667,
474.6177862,0.498262004,
474.6395015,0.497127064,
474.6599452,0.498072848,
474.685031,0.497032486,
474.7205729,0.520960801,
474.758082,0.539498153,
474.7792777,0.54413249,
474.8001681,0.553779479,
474.8220567,0.551131286,
474.8558847,0.552549961,
474.8876425,0.563710203,
474.9101371,0.577140325,
474.9315842,0.58300418,
474.9526124,0.587165627,
474.9798629,0.587827675,
475.0148888,0.588489723,
475.0422974,0.618754786,
475.0639388,0.618660208,
475.0861167,0.615633701,
475.1106296,0.615633701,
475.1450657,0.616106593,
475.1748485,0.646655391,
475.1990564,0.652140934,
475.2197415,0.649776476,
475.2404308,0.646277078,
475.2681453,0.636913824,
475.301274,0.63937286,
475.3278564,0.641169848,
475.3496675,0.644007198,
475.370376,0.63767045,
475.3992333,0.621024666,
475.4326236,0.610904785,
475.4628228,0.602960206,
475.4845454,0.592272856,
475.5050728,0.592272856,
475.5252562,0.585463217,
475.5468616,0.575437915,
475.5807535,0.562575263,
475.6106612,0.56049454,
475.6337955,0.572222252,
475.6539371,0.564750564,
475.6738714,0.559075865,
475.6990318,0.559170443,
475.7331245,0.55879213,
475.7640781,0.580450566,
475.7863056,0.580545144,
475.8072752,0.580545144,
475.8279944,0.572600565,
475.8493041,0.563048155,
475.8844875,0.554157792,
475.9140315,0.563237311,
475.9367878,0.57345177,
475.9592897,0.565223456,
475.9794509,0.556805985,
476.0076248,0.552077069,
476.0472171,0.557373455,
476.0768158,0.578180686,
476.1028804,0.586787313,
476.1235038,0.578275264,
476.1435807,0.565696348,
476.1711338,0.554819841,
476.2077314,0.55822466,
476.2355052,0.573546348,
476.2752083,0.576005385,
476.302604,0.579504783,
476.3321552,0.575248758,
476.3671844,0.606743339,
476.4212619,0.625564425,
476.4489729,0.625753582,
476.4850871,0.616012015,
476.5167122,0.630104185,
476.5474695,0.626699365,
476.5818875,0.63095539,
476.6108445,0.640791535,
476.6350515,0.636346354,
476.6581174,0.634643944,
476.6836495,0.628590931,
476.7086711,0.625942739,
476.7374065,0.616106593,
476.7744852,0.615444545,
476.8124612,0.624524064,
476.8466955,0.640886113,
476.8854753,0.656775271,
476.9187741,0.667273465,
476.9527091,0.68051443,
476.9835474,0.700754191,
477.0159984,0.700754191,
477.0493061,0.701794552,
477.0790171,0.706050577,
477.1061998,0.70699636,
477.1432245,0.702078287,
477.1781868,0.722601783,
477.2146974,0.726290338,
477.2559369,0.75040781,
477.2924233,0.765824076,
477.3281209,0.778781306,
477.3677068,0.777268053,
477.4068763,0.778402993,
477.4451952,0.774998173,
477.4832445,0.795427091,
477.5205262,0.804412031,
477.5568467,0.812640345,
477.5964996,0.816139743,
477.6336539,0.830799383,
477.6701765,0.867495771,
477.708042,0.871657218,
477.7442463,0.880358424,
477.7809771,0.89577469,
477.8125124,0.908259029,
477.8478284,0.917716861,
477.8799496,0.921027101,
477.9102307,0.916960234,
477.9409857,0.90759698,
477.9823276,0.898517461,
478.0152253,0.902395172,
478.0524477,0.898990353,
478.0874785,0.898422883,
478.1216749,0.927080114,
478.1574968,0.935875898,
478.1985021,0.935875898,
478.2294927,0.937010839,
478.2727434,0.925188548,
478.304723,0.916676499,
478.3399379,0.910907222,
478.3712121,0.908921077,
478.4096212,0.899652401,
478.4440078,0.902206016,
478.4813484,0.906272883,
478.5168326,0.90816445,
478.5519134,0.91043433,
478.5900551,0.909488547,
478.6281875,0.907691559,
478.6594437,0.900030715,
478.6971013,0.897571678,
478.7319759,0.898895774,
478.7694859,0.903435534,
478.8079922,0.904192161,
478.8468373,0.901733125,
478.8782388,0.905516257,
478.9144464,0.897382522,
478.9458533,0.91941927,
478.983462,0.90816445,
479.0146825,0.907975293,
479.0441145,0.909110234,
479.0793618,0.897666256,
479.1225455,0.89463975,
479.155219,0.893883124,
479.192335,0.890289147,
479.2267505,0.890667461,
479.2723988,0.892748183,
479.3056394,0.893599388,
479.3393907,0.892653605,
479.3657708,0.89917951,
479.3955031,0.896436738,
479.4289817,0.894356016,
479.4595235,0.892464449,
479.4991323,0.884898183,
479.5334833,0.881966255,
479.5694295,0.884141556,
479.6044799,0.883668665,
479.6412045,0.884425291,
479.6755272,0.886033123,
479.7140861,0.882912038,
479.750827,0.884046978,
479.7880446,0.888019267,
479.8265717,0.893883124,
479.8606092,0.896436738,
479.8986092,0.900409028,
479.9360678,0.904286739,
479.9841014,0.917054812,
480.0207711,0.91383915,
480.0600928,0.921027101,
480.0969593,0.922067463,
480.1303065,0.932281922,
480.1617924,0.936159634,
480.1994639,0.936727103,
480.2289814,0.931336139,
480.2747965,0.925188548,
480.3079661,0.926890958,
480.3416874,0.924148186,
480.3766943,0.929917464,
480.4161769,0.936821681,
480.4528749,0.938902404,
480.4815243,0.953467466,
480.515951,0.961412046,
480.5491782,0.95885843,
480.5735759,0.96169578,
480.6086435,0.953656622,
480.6379914,0.95441325,
480.6696449,0.936254211,
480.7052925,0.935497585,
480.740183,0.931525295,
480.7756054,0.934268067,
480.8129777,0.930957826,
480.8469012,0.932849392,
480.8846685,0.929728307,
480.9240994,0.927647584,
480.959915,0.923675295,
481.0049804,0.92282409,
481.0434756,0.929160838,
481.0778506,0.929633729,
481.1181194,0.930957826,
481.1524404,0.932849392,
481.184431,0.930863248,
481.2184419,0.928687946,
481.2556974,0.929539151,
481.2896553,0.933984332,
481.3248243,0.933795175,
481.3628201,0.92736385,
481.3937503,0.927080114,
481.4311758,0.925188548,
481.4608526,0.924337343,
481.4873102,0.915446981,
481.5216576,0.909961438,
481.551509,0.906462041,
481.583618,0.890856618,
481.6164054,0.892842762,
481.655076,0.889343364,
481.6888184,0.89407228,
481.7234757,0.891518665,
481.7631869,0.889816256,
481.7915887,0.891613244,
481.8272428,0.889532521,
481.859429,0.888208425,
481.8959499,0.883006617,
481.9309637,0.883101195,
481.9712208,0.890478304,
482.0085972,0.888397581,
482.0446685,0.886033123,
482.0846558,0.884141556,
482.1229722,0.881871676,
482.1612038,0.885276496,
482.1973845,0.884709027,
482.2355604,0.887640954,
482.2763993,0.891896979,
482.3111636,0.892653605,
482.3459928,0.893883124,
482.3814505,0.891896979,
482.4214639,0.896720473,
482.4582526,0.901922281,
482.4962954,0.913366258,
482.5304349,0.911474691,
482.5672112,0.916487343,
482.6045851,0.922634934,
482.6405037,0.922067463,
482.6734973,0.937010839,
482.7039436,0.942780115,
482.7354773,0.938524091,
482.7768257,0.935970477,
482.8101164,0.938524091,
482.847885,0.947792767,
482.8815745,0.950251803,
482.91805,0.958290961,
482.9555495,0.959615057,
482.9986586,0.961033732,
483.0371393,0.960749997,
483.0742216,0.96283072,
483.1117939,0.96169578,
483.1508147,0.961979515,
483.1895784,0.963776503,
483.2239719,0.960939154,
483.2750487,0.94817108,
483.3029694,0.951954213,
483.3340629,0.939753609,
483.3679821,0.937199995,
483.4111242,0.933322284,
483.4465825,0.929160838,
483.4843392,0.929066259,
483.5206872,0.925188548,
483.5564941,0.927553006,
483.5893231,0.931619874,
483.6256416,0.929255416,
483.6530771,0.92736385,
483.6877395,0.916014451,
483.7207445,0.914122884,
483.7508757,0.904381318,
483.7853908,0.890572882,
483.8202271,0.882439147,
483.8582779,0.876480713,
483.8937616,0.868914447,
483.9281687,0.87156264,
483.9648588,0.867306615,
483.9996029,0.865509627,
484.0359548,0.864469265,
484.0762824,0.858699988,
484.111735,0.863523482,
484.1493149,0.861631916,
484.189022,0.863901796,
484.2259281,0.86030782,
484.2755837,0.864469265,
484.3120455,0.863996374,
484.3461598,0.880642158,
484.3818686,0.880169267,
484.4199922,0.872603002,
484.4559814,0.877331918,
484.4897165,0.879601797,
484.5243222,0.876669869,
484.5558583,0.873075893,
484.5925507,0.866644567,
484.6282063,0.867306615,
484.6648625,0.86872529,
484.7004324,0.875629508,
484.7351158,0.875724085,
484.7704802,0.884992761,
484.8079724,0.896247581,
484.8418216,0.890005413,
484.8772645,0.896058425,
484.9104477,0.897098786,
484.943115,0.894734329,
484.9814625,0.90589457,
485.0147338,0.904854209,
485.0510502,0.901354811,
485.086974,0.901922281,
485.1237656,0.904475895,
485.1544214,0.903813847,
485.1918242,0.898517461,
485.2294594,0.894450593,
485.2750879,0.897477099,
485.3115799,0.900219871,
485.3497782,0.903908426,
485.388791,0.9053271,
485.4259936,0.915919872,
485.4605505,0.927269271,
485.4984877,0.932660236,
485.5314743,0.935119272,
485.5698126,0.947698188,
485.6046618,0.949211442,
485.6386647,0.95100843,
485.6764222,0.945806622,
485.710966,0.9459012,
485.7480503,0.954129514,
485.785196,0.954318671,
485.8182476,0.958763852,
485.8537893,0.955548189,
485.8840055,0.962641564,
485.9174849,0.955926502,
485.9515394,0.954224093,
485.9880774,0.951765057,
486.0322973,0.951103008,
486.0656787,0.943347586,
486.1015975,0.942212646,
486.1422336,0.942969273,
486.1767802,0.953751201,
486.2172294,0.954507827,
486.2556536,0.954602406,
486.2940594,0.957912648,
486.3314553,0.958007225,
486.3701504,0.958953009,
486.4130454,0.957628912,
486.4531898,0.954224093,
486.4912017,0.951954213,
486.5336555,0.954602406,
486.5711951,0.952805418,
486.608061,0.95100843,
486.6429412,0.950913852,
486.6777228,0.948643972,
486.7144636,0.94930602,
486.7504046,0.957439756,
486.7878608,0.957534334,
486.8242955,0.96283072,
486.8602409,0.96339819,
486.9005161,0.965289757,
486.9351126,0.972761444,
486.9821704,0.969451202,
487.0201922,0.966992166,
487.0558582,0.984489156,
487.0931175,0.986759035,
487.1269949,0.990353011,
487.1628854,0.991298795,
487.1992282,0.991487951,
487.2408853,0.991487951,
487.2775686,0.990163855,
487.3152684,0.988650602,
487.3477753,0.98316506,
487.3847032,0.977584938,
487.4183699,0.975125902,
487.4570277,0.966992166,
487.4868866,0.96339819,
487.5178232,0.961884937,
487.5516312,0.957723491,
487.582619,0.957061443,
487.6297784,0.941645176,
487.6648594,0.937389152,
487.7010518,0.940226501,
487.7385504,0.937294573,
487.7725947,0.940983128,
487.8098449,0.939091561,
487.8459663,0.941550597,
487.8721956,0.924526499,
487.9068341,0.905610836,
487.9393741,0.904759631,
487.9867078,0.895018063,
488.0327141,0.877521074,
488.0699374,0.886978906,
488.1066405,0.884803605,
488.1393729,0.887640954,
488.1762938,0.87884517,
488.2085244,0.885371074,
488.2444803,0.874494567,
488.2858179,0.872792158,
488.3241438,0.873548784,
488.3608275,0.880169267,
488.3968377,0.876480713,
488.4326925,0.88565481,
488.4697239,0.889437943,
488.5044203,0.896247581,
488.5454101,0.904381318,
488.5815851,0.902868064,
488.6174323,0.90816445,
488.6530435,0.91383915,
488.6912524,0.92055421,
488.7282064,0.92282409,
488.7649859,0.92168915,
488.7992103,0.916771077,
488.8333703,0.911853004,
488.8691697,0.911096378,
488.9032358,0.921594572,
488.9407709,0.924904813,
488.9823484,0.942307224,
489.017221,0.954318671,
489.051262,0.958290961,
489.0876023,0.951670478,
489.1204068,0.964627708,
489.1544872,0.961317467,
489.1900708,0.957723491,
489.2238274,0.94817108,
489.2601659,0.945239152,
489.2959986,0.953089153,
489.3337873,0.959047587,
489.371508,0.955926502,
489.4095569,0.958574695,
489.4475792,0.960182527,
489.4814828,0.960749997,
489.5199411,0.956966864,
489.5585344,0.958385539,
489.5956798,0.95885843,
489.6331993,0.959520479,
489.6695715,0.96226325,
489.7067962,0.964343973,
489.7449825,0.967654214,
489.7811264,0.972004817,
489.822078,0.978909034,
489.8597183,0.980422288,
489.895372,0.976449998,
489.9288943,0.980706023,
489.9667105,0.973234335,
490.0008747,0.971815661,
490.0415055,0.966330118,
490.0766277,0.973896384,
490.1138285,0.976166264,
490.153531,0.981273493,
490.1916322,0.987799397,
490.2272597,0.99215,
490.2753991,0.991298795,
490.3083014,0.98761024,
490.3449564,0.989028915,
490.3760468,0.98761024,
490.4128169,0.979098191,
490.4457998,0.972856022,
490.4799865,0.974747589,
490.51311,0.977774095,
490.5498987,0.972099395,
490.5858422,0.972193974,
490.6206442,0.974369275,
490.6594237,0.974936745,
490.6971531,0.977206625,
490.7352429,0.977206625,
490.7729668,0.979476505,
490.8088038,0.981651806,
490.8395209,0.976828311,
490.8753965,0.951670478,
490.9091167,0.946657827,
490.9415018,0.936727103,
490.9971552,0.926701801,
491.0392855,0.922918668,
491.0746307,0.922162042,
491.1097884,0.923013247,
491.1485215,0.929539151,
491.1803353,0.928877102,
491.2101594,0.929728307,
491.2480328,0.911663848,
491.2802393,0.915068668,
491.3083517,0.911758427,
491.3409039,0.901922281,
491.373757,0.907407824,
491.409606,0.910812643,
491.4425642,0.907691559,
491.4789193,0.905137944,
491.5164845,0.912325896,
491.5543531,0.921499993,
491.5899495,0.92339156,
491.6260439,0.930863248,
491.6632673,0.929822886,
491.697649,0.924242765,
491.7321015,0.919040957,
491.7666524,0.922540355,
491.8011733,0.914595776,
491.8322449,0.918095174,
491.8677506,0.908921077,
491.9010345,0.908353607,
491.9316898,0.904570474,
491.9690365,0.906840354,
492.0037034,0.918000595,
492.0372126,0.908448185,
492.0714607,0.90929939,
492.1011062,0.904948787,
492.1373398,0.898706618,
492.1733653,0.898328305,
492.2088634,0.897477099,
492.2454732,0.896153003,
492.2845064,0.900409028,
492.3217706,0.92055421,
492.3550666,0.921594572,
492.3883416,0.91714939,
492.4262611,0.904665052,
492.4556084,0.902016859,
492.4899058,0.890951195,
492.5218544,0.879034327,
492.5573902,0.876196977,
492.5899122,0.871278905,
492.6253662,0.872413845,
492.6546402,0.877048182,
492.6913433,0.869576495,
492.7259892,0.860496976,
492.7652595,0.85520059,
492.8051633,0.863712639,
492.8416413,0.861253603,
492.8794235,0.875156616,
492.9163381,0.877331918,
492.9509996,0.890383726,
492.9926957,0.891424087,
493.036505,0.911380113,
493.0709454,0.932565657,
493.1091085,0.933889754,
493.1455242,0.935592163,
493.1791552,0.929822886,
493.2130692,0.931146982,
493.245812,0.933795175,
493.2765544,0.93521385,
493.3109881,0.93634879,
493.3478836,0.945712044,
493.3822226,0.942685538,
493.4211532,0.950346382,
493.4526993,0.960466262,
493.4909467,0.964816865,
493.5292899,0.981368071,
493.5653501,0.981084336,
493.602159,0.981746384,
493.6348155,0.976260841,
493.6691148,0.973612649,
493.7037658,0.966613853,
493.7401812,0.974369275,
493.7770445,0.975882528,
493.8135636,0.975504215,
493.8498748,0.981462649,
493.8856781,0.977584938,
493.9196044,0.974463854,
493.9560998,0.970207829,
493.9938541,0.970018673,
494.0377435,0.971910239,
494.075006,0.973801805,
494.1114358,0.971531925,
494.1500411,0.9729506,
494.1887907,0.975504215,
494.2266983,0.980043975,
494.2725574,0.981840963,
494.3099574,0.982786746,
494.3416226,0.98316506,
494.3771442,0.973423492,
494.4146106,0.970775299,
494.4477443,0.961790359,
494.4804209,0.952332526,
494.5161964,0.951103008,
494.5520294,0.953372888,
494.5889896,0.955359032,
494.6262703,0.959615057,
494.6627416,0.967181322,
494.6990007,0.974463854,
494.7340617,0.971342769,
494.7691957,0.967086745,
494.8001938,0.970775299,
494.8346032,0.95999337,
494.8667623,0.959331322,
494.9032149,0.954318671,
494.9360004,0.958385539,
494.971888,0.948265659,
495.0077281,0.95100843,
495.0445891,0.951859635,
495.0807497,0.958480117,
495.1180029,0.95999337,
495.1544511,0.960087949,
495.194301,0.959804213,
495.2345711,0.963114455,
495.2773791,0.960749997,
495.312773,0.961222889,
495.347082,0.945806622,
495.3820579,0.950535538,
495.4197211,0.957534334,
495.4549239,0.962357828,
495.4893411,0.963492768,
495.5246198,0.965289757,
495.5589911,0.969545781,
495.5904918,0.969829516,
495.6251566,0.971059034,
495.6532843,0.9729506,
495.678734,0.966708431,
495.7145883,0.953372888,
495.7450121,0.949116864,
495.7745284,0.941172284,
495.8088103,0.927553006,
495.8421454,0.931525295,
495.8768677,0.929349994,
495.9105575,0.931714452,
495.9446526,0.933606018,
495.9836074,0.942969273,
496.0182206,0.943536743,
496.0560703,0.944766261,
496.0921453,0.946657827,
496.1309377,0.944387948,
496.1635272,0.949022285,
496.2004095,0.946752405,
496.2401373,0.944387948,
496.2779517,0.929633729,
496.3093067,0.925945175,
496.3435471,0.920365054,
496.3742156,0.913460836,
496.4118567,0.912515053,
496.444235,0.900692763,
496.4729342,0.907880715,
496.5051858,0.902395172,
496.5382556,0.900125292,
496.5676924,0.890762039,
496.6053276,0.887262641,
496.6375553,0.891424087,
496.6719125,0.888397581,
496.7059171,0.899652401,
496.7432739,0.899274088,
496.7764541,0.905043365,
496.8105451,0.900692763,
496.843408,0.900787341,
496.8755657,0.898706618,
496.9102396,0.899936136,
496.9399695,0.901165654,
496.9807436,0.892464449,
497.0075748,0.892464449,
497.0407716,0.883857822,
497.0687096,0.882344568,
497.1027775,0.876007821,
497.1344028,0.87884517,
497.1714195,0.87383252,
497.1951673,0.874778303,
497.2249978,0.859929506,
497.2477329,0.846310228,
497.2746144,0.83382589,
497.2959745,0.817747575,
497.3197133,0.802993356,
497.3416513,0.799872272,
497.3616101,0.784928897,
497.3866935,0.774903595,
497.4109171,0.774903595,
497.438016,0.771687932,
497.458888,0.745962629,
497.4784912,0.739247568,
497.507747,0.737166845,
497.5301496,0.731492145,
497.5565049,0.717589132,
497.5774417,0.709739131,
497.5988946,0.700943348,
497.6261642,0.682122261,
497.6463049,0.671056598,
497.6672633,0.656018645,
497.6949751,0.642588523,
497.7158392,0.635778884,
497.7365556,0.631901173,
497.7656089,0.608351171,
497.7879776,0.600974062,
497.8083669,0.600974062,
497.8343192,0.586503578,
497.8579513,0.559454178,
497.88468,0.559454178,
497.9074983,0.551982491,
497.9308399,0.535525863,
497.9556169,0.527959597,
497.9808326,0.515191524,
498.006776,0.506774053,
498.0363031,0.495897546,
498.058858,0.467713207,
498.0799886,0.457971639,
498.107388,0.451162,
498.128655,0.436218625,
498.1518946,0.424207179,
498.1784689,0.405102358,
498.2036918,0.404629466,
498.229765,0.394887899,
498.2528619,0.382592717,
498.2796688,0.372661993,
498.3037686,0.3564891,
498.3287001,0.354219221,
498.3525101,0.349679461,
498.3767513,0.347409581,
498.4033967,0.341451147,
498.425521,0.339654159,
498.4475543,0.336438496,
498.4695418,0.3351144,
498.4920006,0.333790303,
498.5145611,0.333033677,
498.5369858,0.331520423,
498.5590316,0.327169821,
498.5811029,0.322819218,
498.603109,0.321778856,
498.6254516,0.315536687,
498.6472516,0.313266807,
498.6691816,0.312131867,
498.6906161,0.311186084,
498.7128004,0.311186084,
498.7341054,0.309389096,
498.7630871,0.30636259,
498.7894352,0.304376445,
498.8110278,0.304376445,
498.8317884,0.303146927,
498.8514531,0.302295722,
498.8715468,0.300214999,
498.8917864,0.299174637,
498.913424,0.299174637,
498.9343409,0.298039698,
498.9552651,0.292175842,
498.9786743,0.292175842,
499.0031317,0.289054757,
499.0297083,0.287636082,
499.0509823,0.283569214,
499.0720655,0.281204756,
499.0931419,0.279407768,
499.1162022,0.277989093,
499.1371519,0.277137888,
499.1579613,0.276854153,
499.1787543,0.276854153,
499.1997913,0.274300539,
499.2216953,0.272787286,
499.2412295,0.273165599,
499.2697197,0.272692707,
499.2898502,0.270611984,
499.3094532,0.270611984,
499.3296296,0.270706563,
499.3497104,0.270706563,
499.3698262,0.270706563,
499.3904984,0.270706563,
499.4107027,0.270706563,
499.4310178,0.270706563,
499.4541242,0.270801141,
499.4776685,0.271084876,
499.5009432,0.271841502,
499.5241564,0.272314394,
499.5473109,0.272503551,
499.5696238,0.272408972,
499.5937005,0.272314394,
499.6169813,0.272314394,
499.640287,0.272219816,
499.6615106,0.272598129,
499.6841353,0.273638491,
499.7074186,0.273638491,
499.7306682,0.274111382,
499.757483,0.273733069,
499.7807232,0.273260177,
499.8038166,0.273071021,
499.8270016,0.272976442,
499.8501849,0.272881864,
499.870681,0.272787286,
499.8910597,0.272030659,
499.9110706,0.272030659,
499.9310911,0.272125237,
499.9512052,0.272219816,
499.9734321,0.272219816,
499.9942361,0.272125237,
500.0142656,0.272125237,
500.0394496,0.272030659,
500.0595363,0.271936081,
500.0797799,0.271936081,
500.0998935,0.271841502,
500.119927,0.271652346,
500.1399085,0.271652346,
500.1598593,0.271746924,
500.179852,0.271746924,
500.1999933,0.271746924,
500.2219547,0.271652346,
500.2419285,0.271557768,
500.2691937,0.270895719,
500.2892646,0.270706563,
500.3093864,0.270706563,
500.3293585,0.269855358,
500.3489246,0.268909575,
500.3687532,0.268814996,
500.388277,0.268720418,
500.4127251,0.268720418,
500.4333381,0.269004153,
500.4533831,0.269193309,
500.473949,0.269287888,
500.4948021,0.269193309,
500.5144965,0.269098731,
500.5377198,0.269098731,
500.5617273,0.269949936,
500.5827156,0.269855358,
500.6055347,0.269666201,
500.6386252,0.271652346,
500.6703587,0.287068612,
500.6941978,0.294824035,
500.7183906,0.296431866,
500.7406555,0.297093914,
500.7710975,0.298512589,
500.7961453,0.298512589,
500.8184836,0.298890902,
500.8412528,0.298985481,
500.8648205,0.299458372,
500.8868452,0.299742107,
500.9094081,0.299742107,
500.9301097,0.299931264,
500.9496632,0.300025842,
500.9726089,0.299647529,
500.993163,0.299552951,
501.0337613,0.304754758,
501.0624471,0.325372832,
501.0960531,0.338897532,
501.1305585,0.350057774,
501.1690323,0.384389705,
501.2085238,0.40046802,
501.244634,0.419383684,
501.281838,0.448419229,
501.3196869,0.473766219,
501.3551681,0.502045137,
501.3906888,0.508192728,
501.4258433,0.537133695,
501.4628294,0.567966227,
501.4999534,0.596339724,
501.5367578,0.614877075,
501.5735813,0.648357801,
501.6126651,0.661315031,
501.6501023,0.686189129,
501.6885284,0.690728889,
501.7213113,0.713711421,
501.7643603,0.731870459,
501.7925551,0.755042147,
501.8169599,0.74586805,
501.8477504,0.76166263,
501.8745051,0.758068654,
501.9059398,0.76393251,
501.9362232,0.789090343,
501.9720261,0.828245768,
502.0102342,0.846688541,
502.0451515,0.854916855,
502.0849043,0.869576495,
502.1216113,0.890856618,
502.1588619,0.894356016,
502.192085,0.890951195,
502.2304728,0.894545172,
502.2720157,0.892180714,
502.3125771,0.883479509,
502.350075,0.881398785,
502.3856434,0.883763243,
502.4254107,0.88508734,
502.4660889,0.889248785,
502.5073859,0.893126497,
502.544134,0.892748183,
502.5848637,0.897004208,
502.6246363,0.89917951,
502.6647123,0.902678907,
502.7036833,0.906178305,
502.7407622,0.90589457,
502.776003,0.90986686,
502.8155535,0.905799992,
502.8542438,0.920932524,
502.893633,0.925756018,
502.9331812,0.930768669,
502.9706757,0.939375296,
503.0070734,0.94817108,
503.0434209,0.945333731,
503.0794588,0.951292165,
503.1177436,0.94760361,
503.1528818,0.95100843,
503.1889361,0.95100843,
503.2263668,0.944198791,
503.2756055,0.93918614,
503.3141467,0.943063851,
503.3500927,0.946657827,
503.3896206,0.952427104,
503.4277013,0.956588551,
503.4650225,0.950819273,
503.5027793,0.952899996,
503.5420932,0.951481321,
503.5770686,0.949022285,
503.6125488,0.948833128,
503.6493497,0.934362645,
503.6886604,0.926796379,
503.7256432,0.925472283,
503.7654244,0.924999391,
503.8038749,0.921594572,
503.8415431,0.921027101,
503.8784028,0.917811439,
503.9142372,0.923013247,
503.9522941,0.917811439,
503.991424,0.914501197,
504.0334026,0.916109029,
504.071297,0.904381318,
504.1093837,0.905989149,
504.1477074,0.905610836,
504.1865059,0.906272883,
504.2281231,0.91383915,
504.2776439,0.916865656,
504.3192993,0.929822886,
504.357654,0.932849392,
504.3976183,0.933606018,
504.4361406,0.933416862,
504.4735708,0.937578308,
504.5126511,0.935119272,
504.5511135,0.93634879,
504.5907534,0.93407891,
504.6260862,0.939375296,
504.6639009,0.945239152,
504.7007679,0.944104212,
504.7365698,0.945049995,
504.7710845,0.940226501,
504.8059551,0.937010839,
504.8415196,0.939469875,
504.8746817,0.939091561,
504.9125572,0.940415658,
504.9458632,0.941645176,
504.9858011,0.941739754,
505.0335092,0.936537947,
505.0722665,0.948454815,
505.1100686,0.949495177,
505.1395991,0.952994575,
505.1763518,0.943063851,
505.2106383,0.93918614,
505.2478672,0.938429513,
505.2857957,0.933511441,
505.3247637,0.930012043,
505.3621814,0.929539151,
505.3965576,0.921783729,
505.4362788,0.915257825,
505.4741889,0.915068668,
505.5100087,0.913271679,
505.5472505,0.910528908,
505.5810013,0.901638546,
505.6135491,0.900976497,
505.6483388,0.888870472,
505.6804845,0.885465653,
505.7146023,0.881493363,
505.7490137,0.878183122,
505.7857953,0.879507219,
505.8195158,0.883857822,
505.8454721,0.880736737,
505.8797075,0.877899387,
505.9155597,0.872413845,
505.9552069,0.875818664,
505.9914214,0.878372278,
506.030587,0.879696375,
506.0655728,0.868536133,
506.0985131,0.863050591,
506.1355245,0.856713843,
506.1670005,0.861253603,
506.2033718,0.85860541,
506.2402607,0.85236324,
506.2776134,0.853592758,
506.3096541,0.853214445,
506.3442516,0.848012637,
506.3813315,0.844040348,
506.4165871,0.842527095,
506.4532123,0.841865046,
506.4876526,0.843756613,
506.5237122,0.846593962,
506.5586212,0.844324083,
506.5914587,0.838554806,
506.6210178,0.836379504,
506.6531328,0.837798179,
506.686903,0.837703601,
506.7202,0.832028901,
506.7562346,0.832407215,
506.7901028,0.833258419,
506.8145356,0.826543359,
506.8452384,0.819449984,
506.8813847,0.81689637,
506.9193693,0.825597575,
506.9602192,0.829191552,
506.9998278,0.830137335,
507.0400712,0.829948179,
507.0798696,0.826732515,
507.1173352,0.834298781,
507.1527474,0.833447576,
507.188013,0.836284926,
507.2233096,0.837609022,
507.2583465,0.841486733,
507.2951732,0.844324083,
507.3299067,0.847256011,
507.36842,0.853592758,
507.40217,0.85179577,
507.4393452,0.851984927,
507.475309,0.855957217,
507.5102668,0.855957217,
507.5413384,0.856903,
507.5736591,0.852741553,
507.608037,0.851984927,
507.6394572,0.847634324,
507.6619509,0.835433721,
507.6901593,0.834109624,
507.7235604,0.833352998,
507.7540302,0.830042756,
507.789862,0.830704805,
507.8262103,0.835055408,
507.8663095,0.844229505,
507.9073832,0.850849987,
507.9443125,0.855957217,
507.9826142,0.862388542,
508.0333892,0.850755409,
508.0599062,0.845364444,
508.0988575,0.844134926,
508.1356283,0.83883854,
508.1688815,0.83382589,
508.2029074,0.833447576,
508.2375953,0.830610226,
508.2746948,0.831272275,
508.3159667,0.836852396,
508.3550943,0.838460227,
508.3915116,0.835339142,
508.4227201,0.833920467,
508.4544648,0.830042756,
508.4863103,0.828529503,
508.5206388,0.821909021,
508.5490845,0.823989744,
508.5853382,0.81576143,
508.6198496,0.818693358,
508.6507767,0.819355406,
508.6763992,0.821341551,
508.7129295,0.823422274,
508.7474571,0.827299985,
508.7813855,0.839311432,
508.8184465,0.850377096,
508.8541571,0.855862638,
508.8890754,0.855484325,
508.9215934,0.846121071,
508.9589422,0.844796974,
508.9918396,0.847445167,
509.0328845,0.845553601,
509.0640942,0.849336734,
509.0953753,0.852174084,
509.1332203,0.849904204,
509.1671041,0.861064446,
509.201197,0.863050591,
509.2391322,0.864563844,
509.2771687,0.8704277,
509.313473,0.872886736,
509.3494009,0.875251194,
509.3807524,0.87213011,
509.4166754,0.860402398,
509.4520073,0.863050591,
509.4856114,0.866455411,
509.5190819,0.867117458,
509.5447199,0.865131314,
509.5799715,0.860213241,
509.6098349,0.865509627,
509.6449292,0.864658422,
509.6767547,0.870995169,
509.7150263,0.873643363,
509.7527987,0.878183122,
509.7898858,0.880925893,
509.8283764,0.884992761,
509.8605795,0.883574086,
509.8972807,0.883857822,
509.9302744,0.875440351,
509.963906,0.873548784,
509.9990467,0.876859026,
510.0356346,0.876859026,
510.0740378,0.872603002,
510.1121341,0.874872881,
510.1409147,0.874021676,
510.1626548,0.856619265,
510.1829282,0.844891553,
510.2042596,0.844891553,
510.2249924,0.830137335,
510.2450632,0.808857212,
510.274733,0.790130705,
510.2978062,0.775660222,
510.3187187,0.763459618,
510.3382769,0.757312027,
510.3584131,0.732721664,
510.3796847,0.723831301,
510.4027084,0.717967445,
510.4235763,0.697160215,
510.4435518,0.687513226,
510.4636052,0.672853586,
510.4843032,0.665098164,
510.5042964,0.665098164,
510.5241206,0.65573491,
510.5436386,0.644669246,
510.563004,0.632752378,
510.5832399,0.620078883,
510.6030481,0.620078883,
510.6229415,0.600217435,
510.6427377,0.592367434,
510.6625157,0.577518638,
510.6818209,0.569763215,
510.7011728,0.556616829,
510.7203273,0.542240924,
510.7402496,0.529378272,
510.7627296,0.500248149,
510.7821145,0.49060116,
510.8014461,0.481237906,
510.8213729,0.463457182,
510.8408469,0.461281881,
510.8602534,0.448702964,
510.8796104,0.439623445,
510.898928,0.437353565,
510.9182264,0.428557781,
510.9376296,0.416357178,
510.9575165,0.385619223,
510.9819971,0.385619223,
511.0014216,0.366136089,
511.0206965,0.359610185,
511.040043,0.353368016,
511.0594228,0.323670423,
511.0788943,0.314307169,
511.0984091,0.305889698,
511.1198654,0.292081263,
511.1393831,0.291797528,
511.1588233,0.287636082,
511.1781391,0.286595721,
511.1974845,0.286595721,
511.2174087,0.274111382,
511.2368143,0.270706563,
511.2566112,0.266734273,
511.2807453,0.266734273,
511.3001288,0.266072225,
511.3196997,0.265883068,
511.3390847,0.265883068,
511.3589519,0.26578849,
511.378376,0.26578849,
511.3997475,0.265693912,
511.4195435,0.265599333,
511.4389368,0.265504755,
511.4586849,0.265410177,
511.4780636,0.265410177,
511.4974061,0.265410177,
511.5166475,0.265410177,
511.5360529,0.265315598,
511.5554177,0.26522102,
511.5747579,0.26522102,
511.5941716,0.265126442,
511.6139917,0.265126442,
511.6333397,0.265126442,
511.6527682,0.265031863,
511.6720541,0.264937285,
511.6919847,0.264937285,
511.7113292,0.264937285,
511.7306841,0.264842707,
511.7501374,0.264842707,
511.7698771,0.264842707,
511.7892762,0.264842707,
511.8086527,0.264842707,
511.8280137,0.264748128,
511.8474178,0.264748128,
511.8668305,0.264748128,
511.8862458,0.26465355,
511.9058259,0.26465355,
511.9251913,0.26465355,
511.9445584,0.26465355,
511.9705424,0.264558972,
511.9901158,0.264558972,
512.01148,0.264558972,
512.0329448,0.264558972,
512.0524102,0.264558972,
512.0721749,0.264464393,
512.091601,0.264464393,
512.1109948,0.264464393,
512.1324915,0.264464393,
512.1519352,0.264464393,
512.171232,0.264369815,
512.1906743,0.264369815,
512.2120051,0.264369815,
512.2313752,0.264275237,
512.2522058,0.264275237,
512.2743022,0.264275237,
512.2939484,0.264275237,
512.3134815,0.264275237,
512.3329726,0.264275237,
512.3525334,0.264180658,
512.3719931,0.264180658,
512.3914966,0.264180658,
512.4129007,0.264180658,
512.4324569,0.264180658,
512.451958,0.264180658,
512.4713898,0.26408608,
512.4909394,0.26408608,
512.5103778,0.26408608,
512.5297957,0.26408608,
512.5492786,0.26408608,
512.5688654,0.26408608,
512.5883577,0.263991502,
512.607782,0.263991502,
512.6276652,0.263991502,
512.6472161,0.263991502,
512.6666768,0.263896923,
512.6861637,0.263896923,
512.7055508,0.263896923,
512.7251138,0.263896923,
512.7448754,0.263896923,
512.7690128,0.263802345,
512.7884947,0.263802345,
512.8079945,0.263802345,
512.8274479,0.263802345,
512.8469241,0.263802345,
512.8664154,0.263802345,
512.8872051,0.263707767,
512.9181163,0.272408972,
512.949203,0.296999336,
512.9793671,0.310429458,
513.0163338,0.316766205,
513.0601157,0.355732474,
513.0926345,0.381457777,
513.1293814,0.397346935,
513.1606337,0.418627058,
513.1962144,0.445203566,
513.234332,0.459201158,
513.2747322,0.495897546,
513.3108735,0.510935499,
513.3456059,0.533539718,
513.382395,0.567493336,
513.4187605,0.587827675,
513.4551629,0.609202376,
513.4921778,0.622254184,
513.5270792,0.672664429,
513.5641771,0.692052985,
513.5981491,0.713616843,
513.6323137,0.728560217,
513.6679893,0.761757208,
513.7015622,0.787104198,
513.737617,0.80223673,
513.7760162,0.849147577,
513.8091895,0.849052999,
513.8405392,0.864753001,
513.8733535,0.896815052,
513.9029992,0.921783729,
513.9375128,0.921310837,
513.9702136,0.933700597,
514.0092765,0.947225297,
514.0489852,0.94363132,
514.0823393,0.940983128,
514.1183519,0.948833128,
514.1537651,0.95441325,
514.1800684,0.95441325,
514.203744,0.941645176,
514.2351653,0.927647584,
514.2752229,0.916392764,
514.3090766,0.916771077,
514.3367191,0.898328305,
514.3717515,0.884236135,
514.4011812,0.878372278,
514.4388739,0.867874085,
514.4745619,0.873265049,
514.5126115,0.872224688,
514.5531338,0.872697579,
514.5828315,0.873737941,
514.6199832,0.871373483,
514.6526362,0.873548784,
514.6818347,0.862483121,
514.7154239,0.849904204,
514.7437829,0.851701193,
514.7752151,0.835906613,
514.8099089,0.8298536,
514.8406628,0.82701625,
514.8742895,0.823043961,
514.9117372,0.827205407,
514.9461126,0.839216853,
514.98522,0.829475287,
515.0218814,0.836946974,
515.0538787,0.84735059,
515.0918317,0.844324083,
515.1265048,0.835244564,
515.1643438,0.840635528,
515.2023926,0.849525891,
515.2397505,0.867117458,
515.2798322,0.87714276,
515.3179883,0.886506015,
515.3555325,0.890005413,
515.3913368,0.892842762,
515.4227602,0.89917951,
515.4589146,0.897287943,
515.4903709,0.893315654,
515.521111,0.892842762,
515.5565786,0.886411436,
515.5913761,0.882722881,
515.6273835,0.880453002,
515.6611229,0.875913242,
515.6974632,0.870995169,
515.7322294,0.869954809,
515.7695483,0.893315654,
515.8045667,0.901260233,
515.8414513,0.906272883,
515.8791283,0.90873192,
515.9115763,0.906840354,
515.9435765,0.902489751,
515.9965752,0.896058425,
516.0337562,0.888586738,
516.0767309,0.871184327,
516.1093726,0.872319266,
516.1475387,0.873075893,
516.1848022,0.872886736,
516.2224861,0.876764447,
516.2600814,0.878656014,
516.2976969,0.88111505,
516.3337178,0.876291556,
516.3716882,0.870522278,
516.4123659,0.872413845,
516.4492088,0.888586738,
516.4851147,0.892180714,
516.5201749,0.902111438,
516.5491216,0.908069872,
516.5845803,0.897004208,
516.6144826,0.898895774,
516.6417384,0.894261437,
516.6744061,0.880925893,
516.7031522,0.882344568,
516.7392445,0.872319266,
516.7746725,0.869387338,
516.8106403,0.870049386,
516.8440714,0.869198181,
516.8774087,0.867401194,
516.9144956,0.86759035,
516.9470082,0.874778303,
516.979939,0.870806013,
517.0185901,0.869481917,
517.0468817,0.873170471,
517.0763666,0.862199386,
517.1113771,0.847256011,
517.1482718,0.848390951,
517.1802528,0.852930711,
517.2125692,0.853687337,
517.2500399,0.841865046,
517.2870759,0.846026493,
517.3211877,0.844891553,
517.3543757,0.846877698,
517.3942898,0.843756613,
517.4317824,0.841297577,
517.4680107,0.844229505,
517.5085582,0.848201795,
517.5439781,0.846783119,
517.5819875,0.856430108,
517.6203624,0.859078302,
517.6540963,0.871846374,
517.6920573,0.879885532,
517.7257851,0.890289147,
517.7544012,0.905516257,
517.7878511,0.914784933,
517.8245379,0.914312041,
517.8572032,0.90986686,
517.89333,0.907502401,
517.9263635,0.903530113,
517.9621396,0.904665052,
517.9956031,0.914501197,
518.0338897,0.916771077,
518.0707389,0.922918668,
518.105355,0.933322284,
518.1381613,0.92509397,
518.1722899,0.935686742,
518.204127,0.944766261,
518.2436283,0.941928911,
518.2755007,0.942969273,
518.3106257,0.932849392,
518.3473964,0.933795175,
518.3846421,0.936254211,
518.4240103,0.939375296,
518.4596797,0.942780115,
518.4962397,0.941077706,
518.5313916,0.93748373,
518.5685408,0.926985536,
518.6049098,0.926890958,
518.6423039,0.924242765,
518.6766094,0.927553006,
518.715075,0.925377704,
518.750417,0.926607223,
518.7821726,0.932281922,
518.8140836,0.934551802,
518.8470561,0.927553006,
518.8787864,0.927269271,
518.9148431,0.918000595,
518.9422967,0.923202403,
518.9779699,0.914028306,
519.0145587,0.909488547,
519.046265,0.901638546,
519.0823303,0.902962643,
519.1150403,0.902489751,
519.143846,0.895490955,
519.177614,0.893504811,
519.2024923,0.894923485,
519.234737,0.885371074,
519.2712087,0.887451798,
519.3073786,0.892842762,
519.3409498,0.896625894,
519.3708957,0.895396376,
519.4048671,0.893126497,
519.4373345,0.889910834,
519.4718144,0.879223483,
519.5051739,0.882722881,
519.5492864,0.881493363,
519.5854632,0.882439147,
519.6221868,0.87884517,
519.6572188,0.88054758,
519.6933574,0.884046978,
519.7348328,0.884614448,
519.7702871,0.880358424,
519.8073077,0.883763243,
519.8491116,0.885560231,
519.8833792,0.886033123,
519.9193301,0.894261437,
519.9518915,0.90759698,
519.986801,0.908637342,
520.0337044,0.90929939,
520.0661002,0.911001799,
520.0996347,0.911001799,
520.1343939,0.913649992,
520.1691557,0.926134332,
520.2052381,0.927080114,
520.2396952,0.938429513,
520.2815438,0.948833128,
520.3194595,0.95214337,
520.3569975,0.944387948,
520.3927907,0.9459012,
520.432757,0.948265659,
520.4668782,0.948454815,
520.5017981,0.94873855,
520.537119,0.949778911,
520.5733483,0.958574695,
520.6100593,0.957250599,
520.6446234,0.961790359,
520.6807077,0.963492768,
520.7169438,0.968410841,
520.7551937,0.967559636,
520.792735,0.966046383,
520.8310572,0.965857226,
520.869452,0.970113251,
520.9078995,0.971437347,
520.9453673,0.97465301,
520.9836995,0.977963252,
521.0337625,0.979381926,
521.0680584,0.976166264,
521.1015643,0.977774095,
521.142019,0.977301203,
521.1726555,0.970396986,
521.2059389,0.962074093,
521.2411684,0.957439756,
521.2746737,0.949968068,
521.3083413,0.944577104,
521.3343273,0.944387948,
521.3652204,0.923202403,
521.3983708,0.924053608,
521.4325564,0.917811439,
521.4712394,0.902678907,
521.5028533,0.902111438,
521.5376699,0.898233727,
521.5707455,0.891234931,
521.6022173,0.886411436,
521.6368615,0.884236135,
521.6704406,0.88338493,
521.7082688,0.884898183,
521.7423817,0.882628304,
521.7813258,0.880642158,
521.8164699,0.8839524,
521.8524899,0.883290351,
521.8895247,0.880736737,
521.9274559,0.877899387,
521.9604459,0.876386134,
521.9987341,0.870049386,
522.0356313,0.868536133,
522.0731091,0.861821072,
522.1078178,0.858889144,
522.1426566,0.854349385,
522.1721312,0.85633553,
522.2040005,0.854538542,
522.2438321,0.856808422,
522.2797032,0.857659626,
522.3135333,0.856051795,
522.3481077,0.853687337,
522.3845093,0.858794566,
522.4203628,0.874494567,
522.4529745,0.886600592,
522.4878342,0.891424087,
522.5184199,0.883101195,
522.5518638,0.884898183,
522.5876998,0.887168063,
522.621934,0.883857822,
522.654306,0.8839524,
522.6910032,0.887262641,
522.725275,0.88565481,
522.7621579,0.886316858,
522.7991301,0.884046978,
522.8333319,0.882722881,
522.8677083,0.880263845,
522.9041469,0.880453002,
522.9418389,0.881209629,
522.9801516,0.888492159,
523.0211249,0.890572882,
523.0627765,0.894828907,
523.1040199,0.903530113,
523.1423324,0.909488547,
523.1791023,0.913366258,
523.2166769,0.91941927,
523.2661224,0.923769873,
523.3019621,0.930768669,
523.3384264,0.930484934,
523.3728671,0.923675295,
523.412951,0.922540355,
523.4520303,0.930106621,
523.4908919,0.940604814,
523.528382,0.945239152,
523.5657074,0.952805418,
523.6008852,0.947981923,
523.6352724,0.952899996,
523.6686487,0.953089153,
523.7018922,0.954318671,
523.7338579,0.954696984,
523.7716617,0.954507827,
523.804926,0.953372888,
523.8405172,0.955264455,
523.8798338,0.955642768,
523.9171034,0.959615057,
523.9541798,0.958480117,
523.9909693,0.96169578,
524.0342098,0.961979515,
524.073904,0.960939154,
524.1098582,0.962736142,
524.1475542,0.959331322,
524.1869689,0.961790359,
524.223436,0.957723491,
524.2661477,0.95441325,
524.2993004,0.955642768,
524.3353513,0.956304815,
524.3682718,0.956304815,
524.4060391,0.955169876,
524.4418931,0.957628912,
524.4755536,0.966803009,
524.5073092,0.963114455,
524.5427572,0.96169578,
524.5771537,0.952521683,
524.6130113,0.944293369,
524.6421902,0.949495177,
524.6805448,0.943442164,
524.7136185,0.948643972,
524.7504508,0.953372888,
524.7915747,0.953845779,
524.8283139,0.955359032,
524.8644742,0.961790359,
524.9038886,0.961033732,
524.9400588,0.961412046,
524.9757181,0.960655418,
525.0101491,0.960466262,
525.0472169,0.95885843,
525.0841838,0.953183731,
525.1197896,0.947130718,
525.1579301,0.932281922,
525.1935888,0.925472283,
525.2261141,0.916487343,
525.2610689,0.90873192,
525.2937096,0.909204812,
525.3175573,0.897666256,
525.3494447,0.894356016,
525.3838068,0.896058425,
525.4228815,0.898706618,
525.4596576,0.89861204,
525.4920746,0.903530113,
525.5193715,0.891424087,
525.5545415,0.881966255,
525.5900096,0.885276496,
525.6188457,0.87714276,
525.6527638,0.876196977,
525.6846211,0.878466857,
525.7189913,0.872697579,
525.7535724,0.875440351,
525.7890947,0.877804809,
525.8270456,0.877237339,
525.8593839,0.873265049,
525.8967476,0.867968663,
525.929434,0.859078302,
525.9665124,0.861348181,
526.0050076,0.860402398,
526.0420321,0.865036735,
526.0793303,0.871089748,
526.1186335,0.876196977,
526.1539428,0.886884328,
526.1930645,0.893031919,
526.2330629,0.901071076,
526.2752463,0.916960234,
526.313041,0.917527704,
526.3505994,0.930863248,
526.390019,0.929917464,
526.4265158,0.933227705,
526.4602665,0.934740959,
526.4968893,0.933606018,
526.5305653,0.93634879,
526.563912,0.931903608,
526.5955659,0.937862043,
526.6317946,0.947509032,
526.6657209,0.953089153,
526.7029288,0.956966864,
526.7401656,0.967086745,
526.7788319,0.964343973,
526.8153477,0.96396566,
526.8469047,0.953183731,
526.8811932,0.949968068,
526.9143471,0.949495177,
526.9461994,0.954224093,
526.9822243,0.957723491,
527.0343998,0.964060238,
527.071166,0.964627708,
527.1081426,0.966140962,
527.1442602,0.962641564,
527.1797345,0.960182527,
527.2178863,0.956115659,
527.2545705,0.959142166,
527.2923523,0.961317467,
527.3298331,0.96339819,
527.3685465,0.965384334,
527.4074278,0.968032527,
527.4445784,0.974274697,
527.4827551,0.975693372,
527.5148481,0.977774095,
527.5533943,0.971910239,
527.5905326,0.973518071,
527.625782,0.977395782,
527.6564185,0.969262046,
527.6919902,0.964627708,
527.7252309,0.956966864,
527.7604422,0.962736142,
527.7970997,0.968599998,
527.8348345,0.972761444,
527.8701837,0.983543373,
527.9104814,0.985434938,
527.9481481,0.988083132,
527.9863997,0.987704818,
528.0328102,0.981651806,
528.0648018,0.982975902,
528.0962794,0.977679516,
528.1294424,0.979854818,
528.1633323,0.979571083,
528.1933502,0.980800601,
528.2343153,0.981557227,
528.2692983,0.982503011,
528.3051864,0.984299999,
528.3451741,0.98590783,
528.3806503,0.980706023,
528.4175318,0.983448794,
528.4537827,0.985056625,
528.4829451,0.98590783,
528.51597,0.974180118,
528.5506719,0.97238313,
528.5820864,0.972856022,
528.6139337,0.969072889,
528.6501686,0.971153612,
528.6862216,0.973045179,
528.722266,0.977584938,
528.7588426,0.97692289,
528.7934062,0.979287348,
528.8299261,0.982503011,
528.864963,0.975409636,
528.9008927,0.966519275,
528.9314797,0.960655418,
528.9593306,0.938713248,
529.003876,0.925472283,
529.040915,0.925283127,
529.0747299,0.920459632,
529.1121952,0.920459632,
529.1493565,0.921972885,
529.1842564,0.924621078,
529.2201621,0.924715657,
529.2566686,0.920270475,
529.2933987,0.920837945,
529.3296829,0.919703005,
529.3658605,0.922634934,
529.4022224,0.920081319,
529.4391443,0.915257825,
529.4720167,0.915825294,
529.5069321,0.918095174,
529.5424042,0.922162042,
529.5765428,0.910245173,
529.6095163,0.918095174,
529.640936,0.913744571,
529.6758122,0.906367462,
529.7035634,0.907691559,
529.7343741,0.89520722,
529.771717,0.883668665,
529.8053974,0.88224999,
529.8387851,0.870900591,
529.8752136,0.883006617,
529.9124754,0.884614448,
529.9508387,0.889627099,
529.9843405,0.899652401,
530.0188434,0.902111438,
530.0568778,0.909961438,
530.0885117,0.911190956,
530.1168882,0.915636138,
530.1534127,0.908921077,
530.187966,0.909110234,
530.221768,0.912420474,
530.2651484,0.911474691,
530.2979002,0.910056017,
530.3336782,0.903530113,
530.3684213,0.89690963,
530.40267,0.895585534,
530.4408591,0.894356016,
530.4767362,0.893788545,
530.5146996,0.892559027,
530.5512987,0.900692763,
530.5879312,0.905799992,
530.6247249,0.916109029,
530.6607226,0.919986741,
530.6994671,0.926418066,
530.7348805,0.934835537,
530.7857928,0.944387948,
530.8220524,0.94987349,
530.8560908,0.961979515,
530.8934619,0.964249395,
530.9270915,0.967086745,
530.9629866,0.96396566,
530.9940404,0.955926502,
531.0348775,0.956399394,
531.0700801,0.95999337,
531.1065921,0.958196382,
531.1452195,0.97522048,
531.1838208,0.976166264,
531.2210358,0.981746384,
531.2662214,0.975882528,
531.3021246,0.965573491,
531.3398985,0.96737048,
531.3746426,0.96169578,
531.4081073,0.959047587,
531.4460737,0.962074093,
531.4829208,0.964533129,
531.5177222,0.969262046,
531.5546073,0.976639155,
531.5907811,0.979381926,
531.6259621,0.975125902,
531.6634189,0.972856022,
531.6991168,0.973896384,
531.736339,0.977301203,
531.7765003,0.976544577,
531.8147223,0.975031323,
531.8517812,0.977584938,
531.8899259,0.979949396,
531.9273073,0.979949396,
531.9657482,0.979003613,
532.0033124,0.980327709,
532.0455585,0.98316506,
532.0825548,0.980989758,
532.1150483,0.982881324,
532.1521602,0.977301203,
532.1885453,0.971910239,
532.2234344,0.96623554,
532.2587043,0.972288553,
532.2964347,0.977584938,
532.3329854,0.979854818,
532.3689672,0.987893975,
532.4068579,0.996311445,
532.4454682,0.992244578,
532.4835569,0.994230723,
532.5190283,0.988839759,
532.5519941,0.978530721,
532.5847336,0.975504215,
532.6145395,0.972761444,
532.6365674,0.965289757,
532.668812,0.942780115,
532.7040511,0.938524091,
532.7401105,0.938713248,
532.7782983,0.940699393,
532.8153205,0.940793971,
532.8530526,0.942780115,
532.8910142,0.942969273,
532.9270467,0.943536743,
532.9643829,0.946279513,
533.0009056,0.944766261,
533.0358863,0.94873855,
533.0776797,0.946752405,
533.114216,0.947036141,
533.147886,0.953278309,
533.1802139,0.956493973,
533.2146853,0.958196382,
533.2473925,0.953751201,
533.287086,0.952994575,
533.3235986,0.956493973,
533.3565801,0.956115659,
533.3949419,0.94930602,
533.4246878,0.949400598,
533.4598624,0.935119272,
533.4954907,0.928215054,
533.5324438,0.925756018,
533.5668935,0.926796379,
533.6010638,0.927080114,
533.6338783,0.925566861,
533.666135,0.925945175,
533.6991909,0.931336139,
533.7357846,0.921310837,
533.7773014,0.941361441,
533.8163647,0.9459012,
533.8535771,0.948076502,
533.8907362,0.949400598,
533.9255546,0.9515759,
533.9609576,0.941172284,
533.9947924,0.93861867,
534.0330713,0.924810235,
534.0673142,0.921594572,
534.0977111,0.917622282,
534.1311294,0.907502401,
534.1617677,0.906651197,
534.1898721,0.90362469,
534.2183476,0.904475895,
534.2596626,0.909110234,
534.2984119,0.903151799,
534.3362401,0.904948787,
534.3705523,0.908448185,
534.4068478,0.908637342,
534.440173,0.909110234,
534.4699173,0.899368666,
534.5042533,0.89236987,
534.5307045,0.89463975,
534.5596015,0.890478304,
534.5922505,0.889059629,
534.6204077,0.889437943,
534.6502961,0.883006617,
534.6831187,0.879601797,
534.7163556,0.881777098,
534.7453763,0.887546376,
534.780894,0.880925893,
534.812902,0.881020472,
534.8491095,0.882628304,
534.8768576,0.883006617,
534.9013841,0.872981315,
534.9259075,0.859267458,
534.9474037,0.845742758,
534.9715537,0.829380708,
534.993115,0.813018659,
535.0317998,0.805736128,
535.0549154,0.796467452,
535.0778076,0.782564439,
535.0994769,0.772066245,
535.1266128,0.768093956,
535.1468005,0.75825781,
535.168155,0.74643552,
535.1953394,0.735653591,
535.2195722,0.730168049,
535.2457739,0.71825118,
535.2664135,0.701132504,
535.2892089,0.694322865,
535.3111287,0.694322865,
535.33683,0.675312622,
535.3587688,0.64334515,
535.380198,0.639467438,
535.4120755,0.632563221,
535.4337614,0.616579485,
535.4593635,0.594637314,
535.480599,0.587260205,
535.5022767,0.580923457,
535.5276936,0.568722854,
535.5499407,0.557940925,
535.5718503,0.556427672,
535.5955375,0.547821045,
535.6242101,0.530986104,
535.6484952,0.525311404,
535.6715557,0.513489114,
535.6986257,0.496843329,
535.7213975,0.474995737,
535.748139,0.462605977,
535.7719126,0.460525254,
535.7935967,0.4376373,
535.8237573,0.433381276,
535.8492321,0.424207179,
535.8792612,0.417492118,
535.9064918,0.419005371,
535.9314287,0.410304165,
535.9551334,0.383443922,
535.9819222,0.37455356,
536.005744,0.364055366,
536.0390503,0.35932645,
536.0650722,0.355448739,
536.0891168,0.351854763,
536.1119382,0.351854763,
536.1361901,0.347598738,
536.1582596,0.345423437,
536.180335,0.343248135,
536.2026469,0.34239693,
536.2254663,0.338613797,
536.248404,0.337100544,
536.2730567,0.330952953,
536.2951837,0.327737291,
536.3172549,0.326886086,
536.3393368,0.326129459,
536.3615355,0.322251748,
536.3841473,0.3215897,
536.4109574,0.321211386,
536.4325385,0.319508977,
536.4541143,0.315820422,
536.4762506,0.314874639,
536.4973912,0.311469819,
536.5171518,0.309389096,
536.5385569,0.308254156,
536.5650453,0.303336084,
536.5898039,0.302295722,
536.6122334,0.302295722,
536.633948,0.301349939,
536.6538181,0.298418011,
536.6741667,0.298228854,
536.6954076,0.296621023,
536.7166726,0.292364998,
536.7382926,0.292175842,
536.760259,0.288108974,
536.7835161,0.286879456,
536.8050978,0.286406564,
536.8264552,0.280921021,
536.8473713,0.279502346,
536.8683653,0.27704331,
536.8899733,0.272881864,
536.9103933,0.272881864,
536.9301203,0.273071021,
536.9498567,0.272598129,
536.9693884,0.272408972,
536.9893429,0.271179454,
537.0089795,0.271179454,
537.0316116,0.270611984,
537.0539604,0.270328249,
537.0742542,0.270422828,
537.0945627,0.270422828,
537.1147515,0.270517406,
537.1371397,0.270706563,
537.1646598,0.270895719,
537.1879673,0.271746924,
537.2112682,0.271746924,
537.2359759,0.271936081,
537.2592353,0.272030659,
537.2844917,0.272030659,
537.3058084,0.271936081,
537.3289395,0.271936081,
537.3522616,0.272030659,
537.3731222,0.271936081,
537.3971787,0.272503551,
537.4227317,0.273260177,
537.4462609,0.273922225,
537.4693915,0.274111382,
537.4927505,0.274205961,
537.5160993,0.274300539,
537.5395168,0.274205961,
537.5631638,0.274016804,
537.586705,0.273449334,
537.6100029,0.273449334,
537.6306716,0.273260177,
537.6508641,0.273260177,
537.6715066,0.273165599,
537.6917099,0.272692707,
537.7119034,0.272692707,
537.7319879,0.272598129,
537.7520364,0.272598129,
537.7742363,0.272503551,
537.7943338,0.272598129,
537.8149483,0.272503551,
537.8357288,0.272503551,
537.8559037,0.272314394,
537.876015,0.272314394,
537.8960631,0.272314394,
537.9165665,0.272314394,
537.936865,0.271746924,
537.9568613,0.271179454,
537.9838661,0.271179454,
538.0043065,0.271084876,
538.0249372,0.270139093,
538.0469648,0.269571623,
538.067053,0.269098731,
538.0872856,0.268909575,
538.1099809,0.268909575,
538.1332589,0.268814996,
538.1546589,0.269193309,
538.1756279,0.269287888,
538.1966144,0.269004153,
538.2274636,0.26862584,
538.2472533,0.268531261,
538.2680762,0.268436683,
538.2886513,0.268152948,
538.3087485,0.268152948,
538.330476,0.26805837,
538.356193,0.268720418,
538.3765444,0.269004153,
538.3985681,0.269098731,
538.4316703,0.270801141,
538.4640642,0.285744516,
538.4914244,0.294161986,
538.5140501,0.294161986,
538.5374912,0.296526444,
538.5612496,0.297850541,
538.5853775,0.298701746,
538.6079854,0.298701746,
538.631577,0.298985481,
538.6569289,0.299931264,
538.6795035,0.300025842,
538.7007856,0.300214999,
538.7215221,0.300593312,
538.7413382,0.301160782,
538.7622124,0.300309577,
538.7831227,0.300309577,
538.8087859,0.299836686,
538.8408393,0.303998132,
538.8740224,0.325845724,
538.9068232,0.342018617,
538.9459005,0.358286088,
538.9833032,0.388740308,
539.0342895,0.413614406,
539.072656,0.454188506,
539.1099182,0.46922646,
539.1478409,0.490695739,
539.1831518,0.513016223,
539.2177251,0.538930683,
539.2549745,0.552266226,
539.2915566,0.565412613,
539.3256382,0.601825267,
539.3611382,0.614215027,
539.4016212,0.643628885,
539.4362304,0.663112019,
539.4738361,0.688364431,
539.5121442,0.696592745,
539.5499698,0.728843952,
539.5876791,0.745111424,
539.6240771,0.787387933,
539.65336,0.789657813,
539.692792,0.794292151,
539.7294169,0.816234321,
539.7660753,0.845553601,
539.8008322,0.870616856,
539.8379835,0.877615652,
539.8731071,0.89804457,
539.9102129,0.899368666,
539.9474571,0.908448185,
539.983314,0.918473487,
540.0342598,0.92112168,
540.0715182,0.927269271,
540.1074689,0.928215054,
540.1436796,0.926512645,
540.180103,0.931052404,
540.221181,0.935970477,
540.2616299,0.945428309,
540.3011261,0.94646867,
540.3434202,0.945049995,
540.3840599,0.953656622,
540.4250576,0.951481321,
540.4658745,0.957818069,
540.5040321,0.960466262,
540.542111,0.958763852,
540.5749975,0.960371684,
540.6115676,0.954886141,
540.6483952,0.949778911,
540.6847016,0.954886141,
540.7189503,0.954507827,
540.7547343,0.951103008,
540.7912078,0.951765057,
540.8278451,0.952521683,
540.8666849,0.955548189,
540.904853,0.958574695,
540.9420911,0.956210238,
540.9773353,0.952805418,
541.0122708,0.948549393,
541.0485546,0.947319875,
541.0860646,0.944104212,
541.12012,0.942874694,
541.1608993,0.941456019,
541.1984381,0.940037345,
541.2404295,0.939280717,
541.2803924,0.931903608,
541.3183806,0.933322284,
541.3559781,0.930957826,
541.3946411,0.930484934,
541.4318711,0.930579512,
541.4668676,0.924337343,
541.5022482,0.917811439,
541.5394393,0.916676499,
541.5742458,0.913555414,
541.6113015,0.917811439,
541.6484632,0.92339156,
541.6855069,0.923580716,
541.7237732,0.925283127,
541.7627222,0.927269271,
541.800997,0.928498789,
541.8391711,0.928687946,
541.8786203,0.925756018,
541.9166846,0.922634934,
541.9574883,0.923202403,
541.9983362,0.927458428,
542.03841,0.926890958,
542.0772307,0.929255416,
542.1171311,0.937010839,
542.1598607,0.942023489,
542.1999148,0.943725899,
542.2396845,0.943347586,
542.2755187,0.943158429,
542.3143926,0.941077706,
542.3520713,0.943253007,
542.3874415,0.945333731,
542.4227943,0.945617466,
542.4579627,0.944009634,
542.4958852,0.943347586,
542.5329395,0.942023489,
542.5720172,0.943536743,
542.6089714,0.94646867,
542.6440409,0.946752405,
542.6821863,0.942780115,
542.7144684,0.941928911,
542.7506275,0.930579512,
542.7907923,0.933606018,
542.828176,0.93067409,
542.8629931,0.933322284,
542.8982186,0.924810235,
542.9367215,0.924715657,
542.9746213,0.924621078,
543.012343,0.922918668,
543.0504907,0.932471079,
543.0862101,0.929822886,
543.1206679,0.917054812,
543.1564131,0.912798788,
543.1880179,0.911285535,
543.2226457,0.904570474,
543.2623983,0.905137944,
543.2992426,0.903530113,
543.3358715,0.902678907,
543.3712133,0.898422883,
543.410009,0.896153003,
543.4492116,0.898328305,
543.4870698,0.899368666,
543.5226461,0.897949991,
543.5601726,0.895869268,
543.5951863,0.893883124,
543.6284874,0.887830111,
543.6622803,0.88281746,
543.6953304,0.877710231,
543.7307316,0.887735533,
543.7666444,0.891424087,
543.803007,0.888775894,
543.8349056,0.888492159,
543.86914,0.879696375,
543.9071474,0.883479509,
543.945838,0.884425291,
543.9801811,0.888113846,
544.0195979,0.890005413,
544.0537958,0.87884517,
544.0867455,0.877710231,
544.1195795,0.87884517,
544.1529795,0.874683724,
544.1867728,0.872413845,
544.2225345,0.867495771,
544.2556012,0.868063242,
544.2939407,0.866171675,
544.3305429,0.868536133,
544.3663786,0.866928302,
544.406739,0.873643363,
544.4398898,0.874494567,
544.4739081,0.873170471,
544.5092206,0.868536133,
544.5423499,0.864658422,
544.5767566,0.860591554,
544.6111491,0.861159024,
544.6455298,0.860875289,
544.6761818,0.858699988,
544.7154864,0.85860541,
544.75332,0.864753001,
544.7928275,0.874589146,
544.8333458,0.876859026,
544.8731398,0.881398785,
544.9145941,0.88565481,
544.9498561,0.88281746,
544.9831943,0.880831315,
545.013126,0.875440351,
545.0451855,0.862672277,
545.0766233,0.855578904,
545.1105956,0.858510831,
545.1426601,0.855578904,
545.1753099,0.859078302,
545.209708,0.859078302,
545.2443969,0.861631916,
545.2817616,0.856240951,
545.3195898,0.858510831,
545.3547898,0.861537338,
545.3893347,0.858510831,
545.4243637,0.85520059,
545.4595955,0.853876494,
545.492351,0.85179577,
545.5272391,0.849242155,
545.5611854,0.851322879,
545.5971345,0.853592758,
545.6354936,0.85860541,
545.6739555,0.87213011,
545.7099191,0.874399989,
545.7476357,0.872603002,
545.7917268,0.875724085,
545.8301296,0.872981315,
545.8688012,0.865604206,
545.9028986,0.863145169,
545.9354069,0.854538542,
545.9673227,0.837703601,
546.0020481,0.834771673,
546.0360199,0.834298781,
546.0710642,0.836284926,
546.1051734,0.83827107,
546.1397851,0.845459023,
546.1759339,0.855011433,
546.2114996,0.85463312,
546.2518776,0.855578904,
546.2903465,0.861159024,
546.3284194,0.862577699,
546.3660626,0.86532047,
546.3985934,0.869765651,
546.4278139,0.866455411,
546.4580296,0.856903,
546.4902383,0.856903,
546.5229959,0.858889144,
546.5597164,0.857659626,
546.5933998,0.857848783,
546.6319243,0.862293964,
546.6684281,0.866360832,
546.7073417,0.866171675,
546.7466704,0.875251194,
546.7830194,0.864942157,
546.8152445,0.863239747,
546.8492021,0.857281313,
546.8814063,0.856619265,
546.9105936,0.850944565,
546.9405781,0.85236324,
546.9718209,0.851512035,
547.0076985,0.853971071,
547.0464538,0.863807217,
547.0836259,0.87714276,
547.1202063,0.883668665,
547.1655879,0.889248785,
547.2036933,0.89407228,
547.2445598,0.896625894,
547.2784735,0.897477099,
547.3141374,0.897666256,
547.3418246,0.891045774,
547.3754069,0.878277701,
547.4130646,0.876196977,
547.4475369,0.879885532,
547.4879259,0.880074688,
547.5255831,0.887830111,
547.5639401,0.893221075,
547.603888,0.894828907,
547.6433641,0.896720473,
547.6826899,0.894166858,
547.7074583,0.889248785,
547.728325,0.873548784,
547.749534,0.859645771,
547.7725758,0.846026493,
547.7955041,0.82928613,
547.8178169,0.809613839,
547.8404236,0.803655405,
547.8628017,0.781145764,
547.8850867,0.768850582,
547.9072608,0.768850582,
547.9301325,0.752677689,
547.9522899,0.744260219,
547.9723724,0.727898169,
547.9935492,0.719102385,
548.014836,0.713900578,
548.0357577,0.708982505,
548.0556387,0.682689731,
548.0749751,0.682689731,
548.0953276,0.66698973,
548.1148771,0.658099368,
548.1369097,0.648168644,
548.1563627,0.611850569,
548.1762084,0.611850569,
548.1960728,0.593218639,
548.2177094,0.57685659,
548.2373108,0.568628276,
548.2567574,0.548955985,
548.2805487,0.548955985,
548.3009478,0.529189115,
548.3208671,0.516421042,
548.3403099,0.508287306,
548.3600863,0.491263209,
548.3800838,0.488615016,
548.3999744,0.485777666,
548.4225577,0.470077664,
548.4463793,0.461660194,
548.4795342,0.451351157,
548.5069688,0.446811397,
548.5363797,0.42921983,
548.5682158,0.424018022,
548.5959422,0.425342118,
548.6307484,0.432624649,
548.6617654,0.431489709,
548.6966067,0.424301757,
548.7333684,0.430543926,
548.7693669,0.464024652,
548.8080868,0.471685496,
548.8381455,0.490317425,
548.8612755,0.502045137,
548.883808,0.50582827,
548.9162041,0.506490318,
548.9459986,0.534485502,
548.9690325,0.54469996,
548.9929657,0.547821045,
549.0134733,0.547821045,
549.055048,0.551604178,
549.0869989,0.582909602,
549.1111538,0.595866832,
549.1329443,0.598515025,
549.1555432,0.599555387,
549.1843629,0.595677676,
549.2172133,0.611566834,
549.2428679,0.637008402,
549.2661818,0.645615029,
549.2890551,0.642872258,
549.3096888,0.642872258,
549.342011,0.647884909,
549.3745579,0.673137321,
549.3976578,0.697254793,
549.4209704,0.694701178,
549.4405657,0.699997564,
549.4626531,0.689783106,
549.495373,0.680230695,
549.5225378,0.695363227,
549.5442257,0.69630901,
549.5660377,0.684865033,
549.5861607,0.676920454,
549.6106683,0.676920454,
549.6442385,0.671151176,
549.6738954,0.672380694,
549.6961353,0.662449971,
549.7173143,0.648074066,
549.7375135,0.637765029,
549.7629719,0.609675267,
549.7984256,0.603811411,
549.8270704,0.596907194,
549.8494359,0.590192133,
549.8710008,0.579883096,
549.8918511,0.573924662,
549.9225091,0.560399962,
549.9566629,0.571276469,
549.9932585,0.579031891,
550.0137791,0.580072252,
550.0366139,0.580355987,
550.0632846,0.554252371,
550.098566,0.552077069,
550.1251272,0.563521046,
550.149621,0.560967432,
550.1703324,0.559643335,
550.1911869,0.556616829,
550.2187599,0.555576467,
550.2628972,0.563993938,
550.2930362,0.580828879,
550.3147091,0.578748156,
550.3357307,0.572600565,
550.3582879,0.552928274,
550.3932391,0.558697552,
550.4213786,0.566547553,
550.4456316,0.566358396,
550.4805411,0.563426468,
550.5086673,0.574113818,
550.5405402,0.573735505,
550.5713395,0.606837918,
550.6047622,0.617619846,
550.6383591,0.623199967,
550.6765431,0.6269831,
550.7093561,0.635968041,
550.7458892,0.645236716,
550.7778486,0.654505392,
550.8054608,0.654883705,
550.8405513,0.653275873,
550.8710789,0.692052985,
550.8963262,0.695079492,
550.9194737,0.680041538,
550.941544,0.676825876,
550.9638701,0.663679489,
550.9958723,0.657626476,
551.0335549,0.669732501,
551.0737668,0.676447562,
551.1059728,0.671245755,
551.1386595,0.681743948,
551.173149,0.715224674,
551.2110199,0.724398771,
551.2467001,0.733856603,
551.2854912,0.739531303,
551.3229693,0.754947569,
551.3557122,0.752204798,
551.3837078,0.753245159,
551.4207193,0.754190943,
551.4496692,0.775660222,
551.4777884,0.778686728,
551.5113716,0.769039739,
551.5446746,0.774430703,
551.5826141,0.78473974,
551.6211244,0.796183717,
551.6596935,0.804128296,
551.6973982,0.813964442,
551.7368259,0.819544563,
551.7755343,0.827772877,
551.8095074,0.826070467,
551.8454752,0.846593962,
551.884327,0.84110842,
551.929187,0.863523482,
551.9660002,0.879980111,
552.0038932,0.892275292,
552.0448354,0.896625894,
552.0808114,0.92112168,
552.1181644,0.934740959,
552.153927,0.938051199,
552.1833867,0.937672886,
552.219919,0.930484934,
552.262137,0.918473487,
552.3007209,0.913744571,
552.3366506,0.909393968,
552.3721819,0.902489751,
552.4074525,0.912987945,
552.4430791,0.909204812,
552.478692,0.925377704,
552.5172511,0.941361441,
552.5537698,0.944577104,
552.5916456,0.942590959,
552.6262112,0.925566861,
552.6597736,0.91043433,
552.6944831,0.901827702,
552.7310233,0.89293734,
552.765804,0.887546376,
552.7980972,0.886600592,
552.8319914,0.887640954,
552.8663841,0.887451798,
552.9020252,0.883857822,
552.9389533,0.884898183,
552.974367,0.890194569,
553.0129323,0.891613244,
553.0496587,0.888965051,
553.0866403,0.892842762,
553.123102,0.896247581,
553.1569513,0.890951195,
553.1924453,0.89293734,
553.2222608,0.879980111,
553.258539,0.879790954,
553.2866678,0.889721677,
553.312658,0.888113846,
553.3473746,0.872981315,
553.3765195,0.884992761,
553.4131747,0.893788545,
553.4446195,0.888019267,
553.4814922,0.880736737,
553.5176519,0.875251194,
553.5547607,0.873170471,
553.5857697,0.866644567,
553.619915,0.877993965,
553.6489862,0.877048182,
553.6841352,0.868914447,
553.7164745,0.86986023,
553.744545,0.870711435,
553.7793705,0.864847578,
553.8102067,0.866644567,
553.8491727,0.858510831,
553.880533,0.855862638,
553.9144491,0.853781915,
553.9476544,0.837609022,
553.9816283,0.835055408,
554.0171925,0.831745166,
554.0527545,0.834582516,
554.0920636,0.831272275,
554.1281159,0.832407215,
554.1657239,0.836946974,
554.2020885,0.838176492,
554.2384018,0.83827107,
554.2791506,0.850944565,
554.3171023,0.862956013,
554.3512466,0.877710231,
554.3910686,0.874210833,
554.4268753,0.882533725,
554.4640279,0.885371074,
554.5008505,0.887168063,
554.5392219,0.889437943,
554.5757338,0.89009999,
554.6127437,0.890478304,
554.647546,0.891329509,
554.683509,0.893883124,
554.7175227,0.895963847,
554.7546044,0.900787341,
554.7929604,0.912893366,
554.830047,0.927742163,
554.8656505,0.944009634,
554.8975294,0.941361441,
554.9307863,0.939375296,
554.9665775,0.940793971,
555.003952,0.935403006,
555.0393623,0.941361441,
555.0737239,0.945617466,
555.1079963,0.944104212,
555.1468147,0.940037345,
555.1834461,0.93918614,
555.2216821,0.942874694,
555.2593208,0.944293369,
555.2955019,0.946563249,
555.3328783,0.947792767,
555.3710082,0.940321079,
555.4053669,0.939280717,
555.4338436,0.931903608,
555.4681986,0.92509397,
555.5005596,0.928025897,
555.5336912,0.917433126,
555.562873,0.92112168,
555.596799,0.915636138,
555.6336829,0.916014451,
555.669652,0.915352402,
555.7042148,0.913271679,
555.7392784,0.911474691,
555.7707341,0.906083727,
555.8060596,0.898895774,
555.8363289,0.902016859,
555.8663355,0.882533725,
555.8985597,0.88565481,
555.9247972,0.878561436,
555.9591506,0.863901796,
555.9910932,0.86872529,
556.0340331,0.867874085,
556.0681856,0.858889144,
556.0995189,0.854727699,
556.1329104,0.851322879,
556.1680462,0.851039144,
556.2024814,0.849525891,
556.2394285,0.853119867,
556.2779366,0.853025289,
556.3155797,0.856808422,
556.3516954,0.857754205,
556.3906779,0.859267458,
556.4257586,0.857375892,
556.4644118,0.866644567,
556.499688,0.87213011,
556.5364743,0.882628304,
556.5689746,0.888492159,
556.6071064,0.889437943,
556.6416711,0.891707822,
556.6751568,0.888397581,
556.7105732,0.891234931,
556.74255,0.891707822,
556.778756,0.890856618,
556.813803,0.893031919,
556.8483279,0.899652401,
556.8853769,0.914217463,
556.9187357,0.913649992,
556.9585631,0.924715657,
556.9947835,0.927080114,
557.0331673,0.940604814,
557.0674003,0.945712044,
557.0997976,0.945333731,
557.1341412,0.93748373,
557.1707528,0.94363132,
557.2052524,0.950819273,
557.2435387,0.955642768,
557.2856285,0.955453611,
557.3190753,0.945049995,
557.3580237,0.941172284,
557.3974693,0.944482525,
557.4312457,0.947319875,
557.4697826,0.9515759,
557.508039,0.950157225,
557.5449702,0.951103008,
557.5827972,0.949684333,
557.6151569,0.951765057,
557.6447657,0.938902404,
557.6805973,0.929066259,
557.7106539,0.931525295,
557.7454231,0.930768669,
557.7760208,0.933889754,
557.81,0.930106621,
557.8424141,0.928971681,
557.8812105,0.929066259,
557.9141956,0.928971681,
557.949575,0.930201199,
557.977111,0.928687946,
558.0118972,0.915825294,
558.0422289,0.915636138,
558.068865,0.909488547,
558.1031959,0.902868064,
558.1333549,0.903435534,
558.1683204,0.899841558,
558.2006958,0.899463245,
558.2334383,0.901260233,
558.2666831,0.886600592,
558.302027,0.884709027,
558.3376606,0.880453002,
558.3699817,0.888586738,
558.4058175,0.880358424,
558.4400719,0.8839524,
558.4767561,0.879790954,
558.5125009,0.885843966,
558.5480389,0.883195773,
558.5846708,0.883006617,
558.6210868,0.883857822,
558.6566984,0.887073484,
558.6952128,0.884898183,
558.7228422,0.887168063,
558.7555888,0.892275292,
558.7944358,0.888775894,
558.8282735,0.880358424,
558.8650199,0.874683724,
558.8969132,0.876480713,
558.9312533,0.869481917,
558.9645532,0.873927098,
559.0005167,0.874021676,
559.0354959,0.879507219,
559.071881,0.883574086,
559.1043552,0.893693967,
559.1445625,0.888965051,
559.1805188,0.889627099,
559.2171242,0.895112642,
559.2631389,0.897949991,
559.30015,0.890194569,
559.3283855,0.889248785,
559.3620241,0.880263845,
559.3953744,0.882155412,
559.4320437,0.886222279,
559.4688477,0.886127701,
559.5023816,0.888965051,
559.5384743,0.879507219,
559.5763155,0.876007821,
559.615788,0.87383252,
559.6533093,0.874683724,
559.6890222,0.880169267,
559.727631,0.890951195,
559.7660872,0.903908426,
559.8062177,0.911380113,
559.8433778,0.922540355,
559.8819847,0.926134332,
559.9228579,0.931903608,
559.9567453,0.931146982,
559.9943136,0.929917464,
560.033762,0.931052404,
560.0693585,0.928782524,
560.1051437,0.927742163,
560.144388,0.936159634,
560.1862154,0.940131923,
560.2233705,0.95044096,
560.2629834,0.954696984,
560.3011152,0.959331322,
560.3396454,0.952521683,
560.3745036,0.955737346,
560.4120796,0.953467466,
560.4445934,0.952332526,
560.4795863,0.956115659,
560.5152152,0.953751201,
560.5500772,0.964438552,
560.5879368,0.967181322,
560.6245756,0.97238313,
560.659726,0.971815661,
560.6978087,0.972477709,
560.7375004,0.975409636,
560.7738613,0.973328913,
560.8107018,0.973234335,
560.8455263,0.971910239,
560.8818774,0.975031323,
560.9204855,0.970113251,
560.9530436,0.966897588,
560.9893732,0.971059034,
561.0390077,0.975315059,
561.0694293,0.978436143,
561.1060486,0.975315059,
561.1434796,0.976828311,
561.1823436,0.981651806,
561.2205891,0.981462649,
561.2517869,0.984583734,
561.2884044,0.978057829,
561.3228923,0.975977107,
561.3608126,0.973328913,
561.392667,0.974936745,
561.4304268,0.974936745,
561.4629083,0.977301203,
561.500957,0.983448794,
561.537917,0.977774095,
561.5729523,0.979098191,
561.6101777,0.980327709,
561.6489766,0.97635542,
561.6858281,0.976260841,
561.7218764,0.96793795,
561.7563488,0.956777707,
561.7903593,0.956399394,
561.8179645,0.941266863,
561.8556776,0.933322284,
561.8848425,0.930484934,
561.9148153,0.930106621,
561.9488584,0.916960234,
561.9819046,0.915163246,
562.0189861,0.912325896,
562.0514738,0.913649992,
562.0884222,0.91043433,
562.1242285,0.912609632,
562.1599915,0.918000595,
562.1928236,0.91156927,
562.2281442,0.913555414,
562.2598223,0.895490955,
562.299855,0.881304207,
562.3309155,0.879507219,
562.3686408,0.870900591,
562.4010734,0.875062038,
562.4353746,0.87213011,
562.4689529,0.878466857,
562.5045799,0.878939749,
562.5386428,0.880925893,
562.5743252,0.878277701,
562.610817,0.876953604,
562.6492891,0.876764447,
562.6843412,0.875913242,
562.7215041,0.884898183,
562.7600117,0.888397581,
562.7988276,0.890005413,
562.8337809,0.901638546,
562.8729077,0.917054812,
562.9096979,0.919608427,
562.9488095,0.923107825,
562.9861599,0.923202403,
563.0337666,0.939375296,
563.0737834,0.943725899,
563.106977,0.942212646,
563.1396884,0.942496381,
563.1789851,0.930106621,
563.2146783,0.935308429,
563.2622876,0.940131923,
563.2979598,0.9515759,
563.3339346,0.94817108,
563.3695285,0.960182527,
563.4049658,0.969924094,
563.439848,0.970775299,
563.4736084,0.968789155,
563.5083078,0.966519275,
563.5413983,0.964343973,
563.5756648,0.956210238,
563.6059532,0.955169876,
563.6409926,0.95214337,
563.6757986,0.94817108,
563.7123181,0.947130718,
563.751258,0.94646867,
563.7893295,0.942401802,
563.8248264,0.936727103,
563.8625319,0.940415658,
563.8964629,0.941645176,
563.9340953,0.942401802,
563.9723109,0.945239152,
564.0106261,0.947698188,
564.0486686,0.95271084,
564.0898914,0.955453611,
564.1263185,0.957345177,
564.1690634,0.968410841,
564.2035646,0.971248191,
564.2413864,0.973139757,
564.2797705,0.969545781,
564.3125781,0.96793795,
564.3500154,0.961033732,
564.3835886,0.962168672,
564.4192725,0.956777707,
564.4536118,0.955169876,
564.4899127,0.953751201,
564.5269499,0.957439756,
564.5644244,0.966897588,
564.6012757,0.969262046,
564.640142,0.971626504,
564.6768125,0.976828311,
564.7134188,0.971815661,
564.7456939,0.97465301,
564.7788893,0.967654214,
564.8080852,0.965384334,
564.831418,0.960655418,
564.8557745,0.940983128,
564.8923595,0.935686742,
564.9282469,0.925945175,
564.9645683,0.928404211,
564.9998183,0.929539151,
565.0387588,0.931146982,
565.077172,0.932281922,
565.112796,0.933795175,
565.1523899,0.933038549,
565.1915291,0.935403006,
565.2292228,0.931903608,
565.2685981,0.933889754,
565.308228,0.93294397,
565.3422003,0.931430717,
565.3808488,0.928309633,
565.4161869,0.926134332,
565.4535958,0.92566144,
565.4886884,0.925377704,
565.525481,0.929822886,
565.555205,0.921027101,
565.5916823,0.904003004,
565.6238253,0.896247581,
565.6602574,0.889910834,
565.6943804,0.893504811,
565.728211,0.888586738,
565.7638578,0.89293734,
565.7992428,0.899557823,
565.8320641,0.901543967,
565.8670839,0.913649992,
565.8975782,0.928782524,
565.9342581,0.933322284,
565.9680028,0.932660236,
566.0065478,0.935403006,
566.0438356,0.933511441,
566.0809787,0.931809031,
566.117441,0.928404211,
566.1555458,0.930012043,
566.1865348,0.932660236,
566.2235137,0.924526499,
566.2553434,0.917811439,
566.2859548,0.91440662,
566.3222059,0.904192161,
566.3542516,0.906745775,
566.3834573,0.905137944,
566.4195908,0.896436738,
566.4532434,0.895963847,
566.486797,0.891424087,
566.5220863,0.887735533,
566.5603378,0.899841558,
566.5982835,0.908259029,
566.6284014,0.912987945,
566.6611365,0.916487343,
566.6999422,0.908826498,
566.7311605,0.902206016,
566.7641141,0.885560231,
566.7998744,0.879128906,
566.8333571,0.873359628,
566.8683711,0.863145169,
566.9026684,0.855389747,
566.9384166,0.856713843,
566.9735426,0.859362036,
567.0114133,0.864753001,
567.0478242,0.86929276,
567.0832644,0.86588794,
567.1192911,0.860496976,
567.1585346,0.85803794,
567.1966151,0.857659626,
567.2374674,0.86030782,
567.2749482,0.865415049,
567.3117566,0.875345772,
567.3491731,0.878750592,
567.3860778,0.888019267,
567.4243672,0.902300594,
567.4638635,0.904003004,
567.5014033,0.912893366,
567.5361059,0.914217463,
567.5698111,0.918284331,
567.6057873,0.918946379,
567.6407491,0.917433126,
567.6743016,0.920081319,
567.7084529,0.92282409,
567.7439375,0.920081319,
567.7796373,0.940793971,
567.8162894,0.942401802,
567.8518032,0.979003613,
567.8851649,0.976639155,
567.9191923,0.980611444,
567.952625,0.973423492,
567.9868736,0.972856022,
568.0179761,0.968694576,
568.0498375,0.96339819,
568.0805913,0.963209033,
568.1157575,0.960655418,
568.151955,0.9594259,
568.1877429,0.955359032,
568.2245734,0.958953009,
568.2557875,0.958290961,
568.2924253,0.957818069,
568.3302354,0.959142166,
568.3632089,0.961506623,
568.4007251,0.964627708,
568.4373546,0.9651006,
568.4726688,0.965573491,
568.5131417,0.968883732,
568.5520505,0.973612649,
568.5891898,0.975125902,
568.6279029,0.979571083,
568.6621497,0.976639155,
568.6963535,0.970302407,
568.7302331,0.970396986,
568.7624403,0.974369275,
568.7976602,0.973707227,
568.8310526,0.972288553,
568.8563519,0.966992166,
568.8917718,0.961412046,
568.9263347,0.957439756,
568.9629139,0.9651006,
569.0036585,0.965762648,
569.0410829,0.970302407,
569.0745317,0.970869877,
569.1101265,0.975504215,
569.1445869,0.973518071,
569.1775161,0.970964456,
569.2108456,0.965478913,
569.2468647,0.955737346,
569.2772919,0.954507827,
569.2992999,0.953845779,
569.3236023,0.936821681,
569.3596163,0.918189752,
569.3972606,0.911853004,
569.4378539,0.913933728,
569.4731477,0.917433126,
569.5098199,0.916392764,
569.5504021,0.916109029,
569.5900596,0.915541559,
569.629304,0.917716861,
569.6659873,0.921216259,
569.7055552,0.92509397,
569.7458443,0.925756018,
569.780733,0.923202403,
569.8198215,0.923486139,
569.8559873,0.925188548,
569.8924097,0.939375296,
569.9289873,0.940226501,
569.9645213,0.938807826,
570.0046593,0.945428309,
570.0445489,0.943820477,
570.0792987,0.939564453,
570.1153293,0.941550597,
570.1490066,0.942307224,
570.1821493,0.938429513,
570.2127697,0.937672886,
570.2480567,0.942023489,
570.278927,0.945522887,
570.312989,0.940321079,
570.3445446,0.960749997,
570.3774197,0.956210238,
570.4112849,0.955642768,
570.4479297,0.963303611,
570.4851434,0.973801805,
570.5223388,0.970302407,
570.5596394,0.971437347,
570.5962555,0.974369275,
570.6316555,0.965762648,
570.6692254,0.956872286,
570.7014067,0.95441325,
570.737274,0.940793971,
570.7669623,0.944198791,
570.8004244,0.942969273,
570.8351505,0.938240357,
570.8665444,0.93861867,
570.9033048,0.937105416,
570.9414889,0.938524091,
570.973255,0.942590959,
571.0103388,0.938996983,
571.043919,0.942307224,
571.0728236,0.926607223,
571.1086502,0.913460836,
571.1388134,0.916203607,
571.1682142,0.907975293,
571.2017962,0.899084931,
571.23621,0.900976497,
571.2681911,0.903246377,
571.3038049,0.902300594,
571.3317682,0.906462041,
571.3656572,0.900030715,
571.4023356,0.901354811,
571.4395931,0.905043365,
571.47003,0.910907222,
571.4993288,0.900503606,
571.5211043,0.8839524,
571.5465698,0.862766856,
571.5684919,0.844986131,
571.594514,0.831177697,
571.6165991,0.819828298,
571.637436,0.815666852,
571.6641512,0.798548175,
571.6849188,0.780199981,
571.7111536,0.780199981,
571.7321947,0.77632227,
571.7524044,0.765824076,
571.7805806,0.75040781,
571.8041301,0.739152989,
571.8252017,0.728843952,
571.852784,0.712198168,
571.8741642,0.700281299,
571.9011337,0.690539732,
571.9219329,0.676731297,
571.9421414,0.667178887,
571.9629954,0.640980692,
571.9895406,0.627266835,
572.009608,0.627266835,
572.0319218,0.609013219,
572.0684888,0.593313218,
572.0904249,0.579410204,
572.1108449,0.579410204,
572.1376673,0.566831288,
572.1626694,0.557468034,
572.1870393,0.551036708,
572.2111115,0.551036708,
572.2382875,0.529945742,
572.2662695,0.508949355,
572.2914299,0.507341523,
572.3136276,0.497883691,
572.341148,0.482278268,
572.3642031,0.46638911,
572.3864465,0.451351157,
572.4113951,0.451351157,
572.4346871,0.428274046,
572.4650629,0.398292718,
572.490121,0.389118621,
572.5141938,0.389118621,
572.5385286,0.377296331,
572.5624455,0.363298739,
572.5862445,0.358380667,
572.6098374,0.35762404,
572.6341015,0.354408377,
572.6581555,0.348733678,
572.6813936,0.347598738,
572.7029892,0.346558377,
572.7248642,0.344383075,
572.7469019,0.342586087,
572.7693958,0.339937894,
572.7938551,0.337005966,
572.81583,0.334452351,
572.8376805,0.33227705,
572.8595494,0.325467411,
572.8813911,0.324521628,
572.9035891,0.323765001,
572.9254132,0.320360181,
572.9472958,0.319036085,
572.9685506,0.316293314,
572.9904077,0.313077651,
573.0121584,0.313077651,
573.0362632,0.311848132,
573.0576803,0.308916205,
573.0789616,0.308916205,
573.1033721,0.306173433,
573.1248634,0.304849337,
573.1480772,0.30182283,
573.1715702,0.298323433,
573.198414,0.296999336,
573.223954,0.29567524,
573.2447343,0.293216203,
573.2659106,0.291608372,
573.2877603,0.288676444,
573.3081366,0.288676444,
573.3294317,0.287068612,
573.3505337,0.284420419,
573.3725619,0.282907166,
573.3937942,0.27988066,
573.4148547,0.27931319,
573.4376445,0.279218612,
573.4585609,0.275719214,
573.4793889,0.275530057,
573.5009078,0.2753409,
573.5220603,0.273071021,
573.5422623,0.272503551,
573.5618237,0.272692707,
573.5814212,0.271274033,
573.601622,0.270611984,
573.6217902,0.270422828,
573.6422555,0.270422828,
573.6628521,0.270517406,
573.6831645,0.270611984,
573.7033032,0.270611984,
573.7286731,0.270990298,
573.7516701,0.271746924,
573.7746092,0.272503551,
573.7998038,0.272881864,
573.8228982,0.272881864,
573.8458012,0.272787286,
573.8689602,0.272881864,
573.8902354,0.272881864,
573.91424,0.272881864,
573.9377858,0.272787286,
573.9609016,0.272598129,
573.9819542,0.272598129,
574.0055544,0.272976442,
574.030793,0.274016804,
574.0538123,0.274962587,
574.0822912,0.275151744,
574.1061654,0.275246322,
574.129942,0.275057165,
574.1555701,0.274962587,
574.1788978,0.274868009,
574.2022597,0.274678852,
574.2250102,0.274395117,
574.2453676,0.274395117,
574.2655644,0.274395117,
574.2877415,0.274016804,
574.3079681,0.274016804,
574.3281775,0.273733069,
574.3482385,0.273638491,
574.3683316,0.273354756,
574.3884184,0.273354756,
574.4086062,0.273354756,
574.4308607,0.273354756,
574.4510473,0.273449334,
574.4716351,0.273449334,
574.4917955,0.273449334,
574.5119868,0.273449334,
574.5321463,0.272881864,
574.5524055,0.272219816,
574.5726264,0.272125237,
574.5928899,0.271274033,
574.6129765,0.271274033,
574.633147,0.270801141,
574.6532093,0.270422828,
574.6728435,0.269477044,
574.6923718,0.269382466,
574.7119344,0.269382466,
574.7315139,0.269193309,
574.7510417,0.268814996,
574.771585,0.268247526,
574.7949168,0.267963791,
574.8148982,0.268152948,
574.8350968,0.267963791,
574.8546577,0.267207165,
574.8750916,0.267207165,
574.8982172,0.267112586,
574.9236887,0.267774635,
574.9440808,0.268342105,
574.9656856,0.268436683,
574.9992244,0.270233671,
575.0339481,0.278272828,
575.0559715,0.288771022,
575.0792343,0.292081263,
575.1019676,0.29397283,
575.1280532,0.293878251,
575.1536419,0.294161986,
575.1774309,0.29510777,
575.2023198,0.295958974,
575.2286142,0.296810179,
575.2496989,0.298323433,
575.2736751,0.298134276,
575.2953166,0.298985481,
575.3152116,0.298512589,
575.3361538,0.297472228,
575.3618921,0.297566806,
575.3890722,0.300593312,
575.4149135,0.302484879,
575.4469559,0.322251748,
575.4815485,0.339275846,
575.5193361,0.365095728,
575.5551385,0.396968622,
575.5780858,0.414843925,
575.6006252,0.417113804,
575.6221294,0.416073443,
575.6431484,0.413898141,
575.6641966,0.412195732,
575.6847281,0.41512766,
575.7049143,0.41512766,
575.726901,0.416830069,
575.7479176,0.416830069,
575.7684294,0.416640913,
575.7905963,0.41512766,
575.8216147,0.425720432,
575.843951,0.432813806,
575.8794448,0.43990718,
575.9130902,0.452486097,
575.9522536,0.483886099,
575.9891042,0.501383089,
576.0237522,0.525122248,
576.0580872,0.535525863,
576.0940706,0.554630684,
576.1301236,0.563237311,
576.1694217,0.594826471,
576.2052982,0.612607195,
576.2418874,0.626888522,
576.2802181,0.656775271,
576.3184599,0.674366839,
576.3547123,0.705010215,
576.3925686,0.713995156,
576.4320249,0.743409014,
576.4691491,0.758446967,
576.506293,0.755704196,
576.5410493,0.758352389,
576.5756521,0.757595762,
576.6123338,0.761757208,
576.6476239,0.772066245,
576.6836579,0.78757709,
576.7230111,0.800345163,
576.7584584,0.825219262,
576.7993689,0.863996374,
576.8375152,0.882628304,
576.8728814,0.906083727,
576.9127232,0.914879511,
576.9501282,0.923769873,
576.9876498,0.926701801,
577.0254009,0.925945175,
577.0639569,0.926607223,
577.1046775,0.928025897,
577.1456219,0.931998187,
577.1859058,0.938807826,
577.2267939,0.940983128,
577.2668832,0.943442164,
577.3102902,0.947414454,
577.3463429,0.95044096,
577.3822784,0.949968068,
577.4195952,0.949968068,
577.4528312,0.944860839,
577.4874798,0.94363132,
577.5246828,0.938902404,
577.5590412,0.943725899,
577.5973719,0.949400598,
577.6365007,0.951386743,
577.6725199,0.953183731,
577.711587,0.951954213,
577.7483275,0.958480117,
577.7876657,0.952994575,
577.8208139,0.948076502,
577.8540355,0.941456019,
577.8913308,0.941266863,
577.92882,0.942496381,
577.9636404,0.943915056,
578.0008048,0.938334935,
578.0418193,0.942590959,
578.0768894,0.938996983,
578.1139023,0.93634879,
578.1506917,0.937010839,
578.1891302,0.938902404,
578.2260794,0.93294397,
578.2547777,0.926890958,
578.295881,0.910718065,
578.3327833,0.908542763,
578.3709233,0.906556619,
578.4076685,0.905989149,
578.4469652,0.912704209,
578.4859973,0.911001799,
578.5225456,0.915730716,
578.5604243,0.914595776,
578.599994,0.918473487,
578.6394379,0.919040957,
578.6755703,0.913649992,
578.7125449,0.914312041,
578.7499795,0.910339752,
578.7913901,0.911947583,
578.8319336,0.919797583,
578.8701548,0.928404211,
578.9112617,0.930295777,
578.9522975,0.936254211,
578.9906521,0.942023489,
579.0278981,0.945239152,
579.0658144,0.943253007,
579.1008014,0.946184936,
579.1388983,0.944009634,
579.1756332,0.936065055,
579.2129264,0.93294397,
579.2487986,0.944482525,
579.2814836,0.939280717,
579.3169651,0.939848188,
579.3544704,0.941172284,
579.3916192,0.947036141,
579.4294944,0.944955417,
579.4644056,0.94363132,
579.5026407,0.940131923,
579.5383722,0.939753609,
579.5736371,0.941077706,
579.6142585,0.939091561,
579.6512906,0.941077706,
579.6876798,0.942023489,
579.7242497,0.939469875,
579.7637628,0.939659031,
579.7984945,0.942307224,
579.8368496,0.941645176,
579.8738489,0.938902404,
579.9068332,0.93521385,
579.9445215,0.923675295,
579.9797734,0.914122884,
580.014143,0.909110234,
580.0506956,0.903057221,
580.0890539,0.902111438,
580.1224322,0.898895774,
580.1610705,0.897287943,
580.1989738,0.897760835,
580.2395501,0.890572882,
580.277279,0.89690963,
580.3133981,0.898233727,
580.3451753,0.893126497,
580.3808309,0.880358424,
580.4111158,0.878561436,
580.4440507,0.864942157,
580.4777356,0.860213241,
580.512867,0.861537338,
580.5497671,0.864090952,
580.5873229,0.865415049,
580.6261061,0.861442759,
580.6619262,0.855484325,
580.6985844,0.851890349,
580.7351725,0.854538542,
580.7718029,0.859740349,
580.8056415,0.851984927,
580.8408236,0.846877698,
580.8680759,0.839216853,
580.9009471,0.83155601,
580.9319185,0.837892757,
580.9640238,0.83212348,
580.9964793,0.830799383,
581.0352541,0.83212348,
581.0726952,0.835433721,
581.1112174,0.837514444,
581.1439555,0.842054204,
581.1829658,0.837987335,
581.21884,0.839689745,
581.2639474,0.84110842,
581.2964199,0.835622878,
581.3217548,0.836474083,
581.3548767,0.830231913,
581.3910543,0.82758372,
581.4227785,0.833447576,
581.4586799,0.84281083,
581.4982976,0.849809626,
581.5354325,0.856903,
581.5742711,0.858227097,
581.6127862,0.85179577,
581.651056,0.852457819,
581.6924061,0.856903,
581.7282279,0.860780711,
581.7649782,0.85803794,
581.7961697,0.861064446,
581.8238146,0.859551193,
581.8588966,0.854254807,
581.8906172,0.85633553,
581.9236523,0.85009336,
581.9591894,0.851890349,
581.9945103,0.855957217,
582.0260453,0.860213241,
582.0646318,0.851228301,
582.1008878,0.849998782,
582.1352729,0.848958421,
582.1732742,0.850755409,
582.2065947,0.849242155,
582.2369945,0.848107216,
582.2709818,0.840162637,
582.3021899,0.843945769,
582.3364854,0.844040348,
582.3700925,0.850755409,
582.4042942,0.847728903,
582.4432165,0.850566252,
582.4833253,0.855673482,
582.5185594,0.859172879,
582.5575568,0.856713843,
582.5991647,0.861726495,
582.6376271,0.860024084,
582.672479,0.860024084,
582.707879,0.859456615,
582.7390092,0.854349385,
582.7718578,0.844796974,
582.8056525,0.839311432,
582.8386116,0.840446372,
582.8710071,0.842716251,
582.9067257,0.841486733,
582.9404874,0.844324083,
582.973831,0.842621673,
583.0145873,0.840730107,
583.0541404,0.84451324,
583.0939917,0.846499385,
583.1287457,0.846783119,
583.1655385,0.857565048,
583.2036796,0.856619265,
583.2340646,0.858699988,
583.265254,0.863712639,
583.2980128,0.856524687,
583.3324447,0.858889144,
583.3691438,0.862010229,
583.4049863,0.865604206,
583.4383331,0.866455411,
583.4775711,0.862483121,
583.5164098,0.862293964,
583.5553147,0.866928302,
583.5908215,0.86588794,
583.6254074,0.862483121,
583.6590352,0.856903,
583.697406,0.85520059,
583.7331718,0.850471674,
583.7662098,0.853781915,
583.7976041,0.853781915,
583.8343696,0.860780711,
583.8687764,0.869765651,
583.9048544,0.876764447,
583.9413977,0.873927098,
583.9764122,0.887073484,
584.0189349,0.890856618,
584.0581705,0.891045774,
584.0900272,0.895490955,
584.1245589,0.896058425,
584.1634578,0.891234931,
584.1981887,0.890951195,
584.2295742,0.88338493,
584.2646357,0.878561436,
584.3007892,0.880263845,
584.3372027,0.881966255,
584.3720187,0.888113846,
584.4102362,0.889532521,
584.4501029,0.89407228,
584.4869208,0.896436738,
584.5188199,0.883195773,
584.5401144,0.877237339,
584.5610348,0.854727699,
584.5816644,0.847634324,
584.6044971,0.841297577,
584.6273451,0.827299985,
584.6493303,0.816423478,
584.6720549,0.803087935,
584.6947538,0.785685524,
584.7166679,0.768472269,
584.7389336,0.762135522,
584.7608459,0.742463231,
584.7827526,0.738112628,
584.8206598,0.721939735,
584.8435793,0.698389733,
584.8649096,0.687702382,
584.887297,0.676447562,
584.9091127,0.676447562,
584.9310861,0.665003585,
584.9525849,0.656113223,
584.9739699,0.641548162,
584.9967799,0.621970449,
585.022463,0.610337315,
585.0444059,0.58924635,
585.0678479,0.566074661,
585.0893881,0.549050563,
585.1108638,0.549050563,
585.132555,0.526824657,
585.1566606,0.503274655,
585.1785761,0.503274655,
585.2000423,0.48946622,
585.2223522,0.478873448,
585.2439005,0.456552965,
585.2653262,0.43877224,
585.2871067,0.428746938,
585.3084372,0.428746938,
585.3303338,0.414654768,
585.3518238,0.404534888,
585.3731914,0.386470428,
585.3947364,0.35875898,
585.4143362,0.343910184,
585.4360316,0.33397946,
585.4556883,0.324332471,
585.4752667,0.324332471,
585.4947926,0.323008374,
585.5143313,0.322630061,
585.5342745,0.318563193,
585.5538976,0.29510777,
585.5738788,0.286217407,
585.5934483,0.273922225,
585.6130132,0.273922225,
585.6325735,0.270328249,
585.6521618,0.26692343,
585.6720533,0.266166803,
585.6915956,0.266072225,
585.7111177,0.266072225,
585.7306687,0.265977647,
585.750129,0.265977647,
585.7696449,0.265883068,
585.7891503,0.26578849,
585.8106338,0.26578849,
585.8309644,0.265693912,
585.8528674,0.265599333,
585.8855049,0.266166803,
585.9142271,0.279786082,
585.9439649,0.292459577,
585.9785829,0.319225242,
586.0114589,0.335965604,
586.0469976,0.35819151,
586.0845293,0.384295127,
586.1157045,0.403399948,
586.1526956,0.433665011,
586.1865642,0.452675253,
586.222071,0.484831883,
586.2563644,0.49514092,
586.2951365,0.520677067,
586.3313141,0.538741526,
586.3634298,0.568912011,
586.4013407,0.588016832,
586.4340615,0.607972857,
586.4695822,0.642304788,
586.5032191,0.671340333,
586.5381892,0.690161419,
586.5662103,0.720237325,
586.601303,0.722318048,
586.6315428,0.738112628,
586.6536243,0.741517447,
586.674619,0.737545158,
586.6953692,0.745111424,
586.7220481,0.751448171,
586.7566392,0.780105403,
586.7833836,0.796656609,
586.8049801,0.803466248,
586.8264587,0.805168658,
586.8466647,0.805830706,
586.8766832,0.805357815,
586.9109564,0.809046369,
586.9352144,0.810275887,
586.9565548,0.796278296,
586.9772632,0.796278296,
586.9997343,0.780389138,
587.0372883,0.779443354,
587.0672552,0.78871203,
587.0919677,0.7757548,
587.1126662,0.7757548,
587.1339474,0.761378895,
587.1666788,0.741328291,
587.2014612,0.733005398,
587.2245936,0.724587928,
587.2457096,0.709455396,
587.2661537,0.694133708,
587.2866237,0.674461417,
587.3128765,0.674461417,
587.3480697,0.664909007,
587.3736999,0.660652982,
587.3985439,0.654883705,
587.4340606,0.65176262,
587.4682478,0.659990934,
587.5051452,0.659234308,
587.5366143,0.653843343,
587.571561,0.650438524,
587.608624,0.652802982,
587.6410898,0.656964428,
587.6786122,0.658572259,
587.7106365,0.673421056,
587.7411306,0.668219248,
587.7775169,0.671340333,
587.8074972,0.68164937,
587.8318824,0.683635515,
587.8547382,0.663017441,
587.8771161,0.663017441,
587.9013242,0.65119515,
587.9285661,0.646466234,
587.9629098,0.66698973,
587.9915347,0.687229491,
588.0203476,0.677015032,
588.0471646,0.661409609,
588.0817419,0.65289756,
588.1105244,0.657815633,
588.1423095,0.662260814,
588.1776989,0.655545753,
588.2081937,0.659612621,
588.2396586,0.665192742,
588.2770951,0.678149972,
588.3103901,0.673893948,
588.3425852,0.672759008,
588.3783803,0.675596357,
588.4128612,0.69687648,
588.4504604,0.701227082,
588.4830342,0.697349371,
588.5184833,0.69403913,
588.5556529,0.701699974,
588.5925272,0.70472648,
588.6302852,0.704631902,
588.6659084,0.711819854,
588.7008282,0.711819854,
588.7299368,0.706901782,
588.7532319,0.701983709,
588.7765527,0.688459009,
588.8020831,0.66698973,
588.8247456,0.663395754,
588.8477056,0.662166236,
588.8699883,0.657531898,
588.8916278,0.651951777,
588.9149691,0.651951777,
588.9495226,0.647128283,
588.9855532,0.655072862,
589.0220979,0.684959611,
589.060443,0.704821059,
589.0980567,0.712576481,
589.1302252,0.728654796,
589.1599964,0.740193351,
589.1869637,0.741139134,
589.2219868,0.737639736,
589.2616493,0.763837931,
589.2877166,0.762986726,
589.3125259,0.762986726,
589.3403959,0.755704196,
589.374958,0.742557809,
589.4099815,0.740855399,
589.4451404,0.745584315,
589.4818614,0.72506082,
589.517422,0.727236121,
589.5578843,0.713995156,
589.5940465,0.71040118,
589.6280791,0.705388529,
589.6615926,0.70869877,
589.7020167,0.703496962,
589.7371152,0.713049373,
589.7720579,0.720237325,
589.8102149,0.726101181,
589.8444103,0.73177588,
589.8791713,0.766769859,
589.9143324,0.788901187,
589.9494059,0.808857212,
589.9852549,0.812262032,
590.0173563,0.818220466,
590.0521417,0.809235526,
590.0904035,0.801196368,
590.1231791,0.795994561,
590.1568297,0.796656609,
590.1925948,0.799588537,
590.2262266,0.802898778,
590.2655318,0.805925284,
590.299673,0.817936731,
590.3354798,0.829759022,
590.3740493,0.845175288,
590.4126526,0.854254807,
590.446845,0.873265049,
590.4816112,0.876291556,
590.5156154,0.873737941,
590.5418687,0.883101195,
590.5743607,0.878088544,
590.6065105,0.876102399,
590.6346075,0.876480713,
590.6671281,0.860024084,
590.698143,0.862483121,
590.7365859,0.857943361,
590.7687834,0.856430108,
590.8085087,0.850660831,
590.840804,0.851512035,
590.8770561,0.849620469,
590.913732,0.849525891,
590.9473069,0.853971071,
590.9806837,0.844418661,
591.0146151,0.838649384,
591.0452528,0.832028901,
591.0789599,0.815004803,
591.110631,0.808573477,
591.1434044,0.810654201,
591.1812073,0.808006008,
591.2171316,0.805925284,
591.2633477,0.803182513,
591.3059785,0.802425887,
591.3438772,0.802709622,
591.3830955,0.800439742,
591.4178379,0.80166926,
591.4543167,0.800250585,
591.4906427,0.812640345,
591.5265151,0.812072875,
591.5652773,0.818882514,
591.6004446,0.83827107,
591.6406836,0.845742758,
591.6783559,0.877899387,
591.7110072,0.87714276,
591.744761,0.880074688,
591.7804084,0.876007821,
591.8184911,0.875724085,
591.8555397,0.87383252,
591.8892182,0.871278905,
591.9222734,0.868630712,
591.9584412,0.880736737,
591.9958559,0.889154208,
592.0315559,0.886222279,
592.0697252,0.912420474,
592.1089748,0.918095174,
592.1419212,0.924431922,
592.1808928,0.931903608,
592.21282,0.93578132,
592.250472,0.935497585,
592.2800704,0.93634879,
592.3112739,0.933416862,
592.3440667,0.936159634,
592.3803987,0.934268067,
592.4162446,0.931809031,
592.4534843,0.92225662,
592.490743,0.92509397,
592.5244716,0.928309633,
592.5605461,0.922729511,
592.5970008,0.920932524,
592.6316255,0.919608427,
592.6663952,0.92055421,
592.7069033,0.922351198,
592.7396805,0.926701801,
592.7765531,0.919986741,
592.8137677,0.924053608,
592.8423836,0.913649992,
592.8758055,0.910150595,
592.9075075,0.907880715,
592.9412475,0.896436738,
592.9735005,0.891707822,
593.0121255,0.885560231,
593.0495549,0.880925893,
593.0862914,0.886600592,
593.1241474,0.887168063,
593.1548051,0.882439147,
593.1908598,0.872886736,
593.2214287,0.863996374,
593.2738384,0.842999987,
593.3057731,0.841486733,
593.3330464,0.83042107,
593.3660795,0.817369261,
593.3994356,0.821341551,
593.4307379,0.823422274,
593.4654515,0.818787936,
593.4974592,0.813775285,
593.5327749,0.815288538,
593.5701787,0.815004803,
593.6032619,0.817842153,
593.6379971,0.810465044,
593.6714613,0.81746384,
593.7087357,0.811505405,
593.743384,0.807722273,
593.7847596,0.810465044,
593.823686,0.81462649,
593.8607528,0.828624082,
593.8988737,0.833447576,
593.9325983,0.850282517,
593.966057,0.853687337,
594.0004149,0.858227097,
594.0364719,0.857848783,
594.0702543,0.859267458,
594.1048838,0.860969867,
594.1421216,0.859645771,
594.1801189,0.865131314,
594.2162953,0.866739145,
594.2520386,0.883574086,
594.288195,0.898139148,
594.3281917,0.904381318,
594.3650245,0.916392764,
594.4006833,0.91383915,
594.4335707,0.919608427,
594.4694708,0.923296981,
594.4981161,0.923864452,
594.5319856,0.914690354,
594.5677275,0.919608427,
594.6030618,0.92112168,
594.6413819,0.930768669,
594.6771029,0.931619874,
594.7141815,0.931809031,
594.7517457,0.931052404,
594.788341,0.932187344,
594.8271904,0.932471079,
594.865105,0.934268067,
594.9039301,0.93407891,
594.9441552,0.931903608,
594.97974,0.939848188,
595.0138867,0.939469875,
595.0520492,0.938240357,
595.0872206,0.935308429,
595.1217069,0.938240357,
595.1565886,0.933322284,
595.1936416,0.930295777,
595.2290085,0.927269271,
595.267173,0.93067409,
595.3036215,0.936821681,
595.3333421,0.933416862,
595.3684262,0.923675295,
595.3951973,0.925283127,
595.4250503,0.914501197,
595.4605164,0.921783729,
595.4938589,0.922351198,
595.5277162,0.928498789,
595.5649447,0.925472283,
595.5995931,0.919040957,
595.636089,0.922351198,
595.6685577,0.915919872,
595.7041697,0.914690354,
595.7412067,0.914028306,
595.7741971,0.910150595,
595.8106863,0.9053271,
595.8434286,0.905610836,
595.8798532,0.908921077,
595.9186169,0.907880715,
595.9573419,0.904003004,
595.9908913,0.904381318,
596.0279673,0.906178305,
596.0630091,0.903151799,
596.1026993,0.895963847,
596.1322726,0.89577469,
596.1662572,0.891234931,
596.2016593,0.895112642,
596.2350343,0.88735722,
596.2737885,0.884046978,
596.305231,0.883290351,
596.3428129,0.884519869,
596.3776723,0.888019267,
596.4135288,0.886316858,
596.4543597,0.889154208,
596.4879709,0.885843966,
596.5206341,0.884803605,
596.5535013,0.889154208,
596.5878275,0.888586738,
596.6219683,0.88281746,
596.6495374,0.879318062,
596.6829358,0.875818664,
596.7155822,0.876291556,
596.7523512,0.86986023,
596.7886252,0.875534929,
596.8248879,0.882628304,
596.8611885,0.877993965,
596.8942716,0.876669869,
596.9312453,0.874116254,
596.9674732,0.883763243,
597.0055838,0.885749387,
597.0438451,0.88224999,
597.0849576,0.890289147,
597.12299,0.894545172,
597.1615744,0.905705414,
597.2138162,0.914028306,
597.256832,0.918946379,
597.2914614,0.92055421,
597.3264431,0.9323765,
597.3593414,0.926228909,
597.3979945,0.92339156,
597.4302945,0.925377704,
597.4668346,0.928120476,
597.503663,0.936254211,
597.5390782,0.941550597,
597.5720211,0.930295777,
597.6045449,0.930957826,
597.6346962,0.925377704,
597.6608708,0.904665052,
597.6966606,0.906083727,
597.728589,0.901638546,
597.7683409,0.9053271,
597.8011799,0.906462041,
597.8401949,0.909015655,
597.8942165,0.911853004,
597.9315085,0.916014451,
597.9651743,0.912042161,
598.0028867,0.906556619,
598.054206,0.912420474,
598.0932157,0.915541559,
598.1284036,0.913082523,
598.1634783,0.910528908,
598.2023746,0.912798788,
598.233385,0.908637342,
598.2711422,0.899841558,
598.3070551,0.900314449,
598.3430079,0.899084931,
598.3775601,0.902868064,
598.4123471,0.907218667,
598.4473734,0.900598184,
598.4837109,0.90816445,
598.5200344,0.91156927,
598.5555299,0.913933728,
598.5933222,0.9188518,
598.6292933,0.930863248,
598.6652085,0.94987349,
598.7012465,0.953183731,
598.733785,0.955642768,
598.7695337,0.970491564,
598.8096638,0.972477709,
598.8415145,0.971437347,
598.8771941,0.969924094,
598.9116816,0.965857226,
598.9476482,0.964627708,
598.9822027,0.969734937,
599.0191611,0.966708431,
599.0559666,0.967181322,
599.0924026,0.975031323,
599.1298009,0.973518071,
599.1599878,0.964343973,
599.1951184,0.956210238,
599.2244077,0.954224093,
599.2585551,0.93748373,
599.294926,0.927553006,
599.324099,0.919324692,
599.3601782,0.917054812,
599.3894953,0.912609632,
599.4193663,0.904570474,
599.4566852,0.89917951,
599.4926845,0.89861204,
599.5268392,0.899557823,
599.5646476,0.894166858,
599.5954607,0.896815052,
599.631122,0.893504811,
599.668142,0.891613244,
599.697114,0.876480713,
599.7334582,0.879128906,
599.7682424,0.880169267,
599.799914,0.869954809,
599.8349684,0.869765651,
599.8687922,0.874210833,
599.9024641,0.874021676,
599.9388088,0.875345772,
599.9735306,0.870143965,
600.0063849,0.874778303,
